
 RUN  v3.2.4 F:/学校活动/工行杯/钱途有界/bounded-funds/apps/web

 ❯ src/api/calendar-periodic-suggestions.test.ts (28 tests | 1 failed) 40ms
   × consumes actual-service-shaped complete sources and valid short-month due_day31 only as advice 14ms
     → expected 'MONTHLY_DATE' to be 'MONTH_END' // Object.is equality
   ✓ rejects false completion/authority flag writes_performed 1ms
   ✓ rejects false completion/authority flag grants_authority 0ms
   ✓ rejects false completion/authority flag bank_authority 0ms
   ✓ rejects false completion/authority flag hard_protection_changed 0ms
   ✓ rejects false completion/authority flag future_obligation_created 0ms
   ✓ rejects false completion/authority flag audit_chain_verified 0ms
   ✓ rejects original/candidate mismatch sample_count 1ms
   ✓ rejects original/candidate mismatch cycle_count 1ms
   ✓ rejects original/candidate mismatch sample_money 1ms
   ✓ rejects original/candidate mismatch fact_money 1ms
   ✓ rejects original/candidate mismatch config_hash 1ms
   ✓ rejects original/candidate mismatch source_missing 1ms
   ✓ rejects original/candidate mismatch source_known_future 1ms
   ✓ rejects original/candidate mismatch candidate_auto 1ms
   ✓ rejects original/candidate mismatch unverified 1ms
   ✓ rejects original/candidate mismatch foreign_user 0ms
   ✓ cannot offer monthly confirm configuration for weekly or offset/jitter month-end 1ms
   ✓ retains exact rational means without allowing unsafe integer source/candidate money 1ms
   ✓ unknown coverage keeps null candidates/next dates and observed-bill scope 1ms
   ✓ rejects invalid/client-fact discovery option {"lookback_days":366} 0ms
   ✓ rejects invalid/client-fact discovery option {"minimum_cycles":2} 0ms
   ✓ rejects invalid/client-fact discovery option {"maximum_day_spread":3} 0ms
   ✓ rejects invalid/client-fact discovery option {"maximum_cv_bps":1001} 0ms
   ✓ rejects invalid/client-fact discovery option {"now":"2099"} 0ms
   ✓ rejects invalid/client-fact discovery option {"lookback_days":true} 0ms
   ✓ actual reader sends only GET bounded options and retains exact HTTP text 6ms
   ✓ changed server parameters and malformed HTTP cannot become a usable candidate 1ms
 ❯ src/components/CalendarPeriodicSuggestionsPanel.test.tsx (5 tests | 4 failed) 4401ms
   × explicitly reads actual candidates/all source denominator without POST/obligation/financial completion 1170ms
     → Found multiple elements with the role "button" and name "打开声明复核"

Here are the matching elements:

Ignored nodes: comments, script, style
[36m<button[39m
  [33mtype[39m=[32m"button"[39m
[36m>[39m
  [0m打开声明复核[0m
[36m</button>[39m

Ignored nodes: comments, script, style
[36m<button[39m
  [33mtype[39m=[32m"button"[39m
[36m>[39m
  [0m打开声明复核[0m
[36m</button>[39m

(If this is intentional, then use the `*AllBy*` variant of the query (like `queryAllByText`, `getAllByText`, or `findAllByText`)).

Ignored nodes: comments, script, style
[36m<body>[39m
  [36m<div>[39m
    [36m<section[39m
      [33maria-label[39m=[32m"周期日历规律候选"[39m
      [33mclass[39m=[32m"panel"[39m
    [36m>[39m
      [36m<h2>[39m
        [0m可能需要持续预留的规律[0m
      [36m</h2>[39m
      [36m<p>[39m
        [0m从原银行历史比较月、月底和周周期。这只是建议；不会建立义务、收款关系或资金权限，不是真实资金执行。[0m
      [36m</p>[39m
      [36m<fieldset>[39m
        [36m<legend>[39m
          [0m历史发现选项[0m
        [36m</legend>[39m
        [36m<label>[39m
          [0m回看天数[0m
          [36m<input[39m
            [33mmax[39m=[32m"365"[39m
            [33mmin[39m=[32m"1"[39m
            [33mtype[39m=[32m"number"[39m
            [33mvalue[39m=[32m"95"[39m
          [36m/>[39m
        [36m</label>[39m
        [36m<label>[39m
          [0m最少连续周期[0m
          [36m<input[39m
            [33mmax[39m=[32m"12"[39m
            [33mmin[39m=[32m"3"[39m
            [33mtype[39m=[32m"number"[39m
            [33mvalue[39m=[32m"3"[39m
          [36m/>[39m
        [36m</label>[39m
        [36m<label>[39m
          [0m日期跨度上限（天）[0m
          [36m<input[39m
            [33mmax[39m=[32m"2"[39m
            [33mmin[39m=[32m"0"[39m
            [33mtype[39m=[32m"number"[39m
            [33mvalue[39m=[32m"2"[39m
          [36m/>[39m
        [36m</label>[39m
        [36m<label>[39m
          [0m金额变异系数上限（基点）[0m
          [36m<input[39m
            [33mmax[39m=[32m"1000"[39m
            [33mmin[39m=[32m"0"[39m
            [33mtype[39m=[32m"number"[39m
            [33mvalue[39m=[32m"1000"[39m
          [36m/>[39m
        [36m</label>[39m
      [36m</fieldset>[39m
      [36m<button[39m
        [33mtype[39m=[32m"button"[39m
      [36m>[39m
        [0m读取并比较周期[0m
      [36m</button>[39m
      [36m<p>[39m
        [0m原用户 [0m
        [0m00000000-0000-0000-0000-000000000001[0m
        [0m · 原开放期 [0m
        [0m00000000-0000-0000-0000-000000000320[0m
        [0m · 服务时点 [0m
        [0m2026-10-03T16:00:00Z[0m
      [36m</p>[39m
      [36m<p>[39m
        [0m历史 [0m
        [0m2026-07-01[0m
        [0m 至 [0m
        [0m2026-10-03[0m
        [0m；覆盖 [0m
        [0m原交易覆盖核对通过[0m
        [0m。账单仅为已观察序列，完整审计和独立经济验真未在此证明。[0m
      [36m</p>[39m
      [36m<p>[39m
        [0m原组 × 日历假设共 [0m
        [0m9[0m
        [0m 项；普通/不合格消费排除 [0m
        [0m2[0m
        [0m 项。[0m
      [36m</p>[39m
      [36m<label>[39m
        [0m显示的日历假设[0m
        [36m<select>[39m
          [36m<option[39m
            [33mvalue[39m=[32m"ALL"[39m
          [36m>[39m
            [0m全部假设与不成立原因[0m
          [36m</option>[39m
          [36m<option[39m
            [33mvalue[39m=[32m"MONTHLY_DATE"[39m
          [36m>[39m
            [0m每月固定日期附近[0m
          [36m</option>[39m
          [36m<option[39m
            [33mvalue[39m=[32m"MONTH_END"[39m
          [36m>[39m
            [0m相对月底[0m
          [36m</option>[39m
          [36m<option[39m
            [33mvalue[39m=[32m"WEEKLY"[39m
          [36m>[39m
            [0m每周固定日期附近[0m
          [36m</option>[39m
        [36m</select>[39m
      [36m</label>[39m
      [36m<article[39m
        [33mclass[39m=[32m"panel"[39m
      [36m>[39m
        [36m<h3>[39m
          [0m每月固定日期附近[0m
          [0m · [0m
          [0mCREDIT_CARD_BILL[0m
        [36m</h3>[39m
        [36m<p>[39m
          [0m原账户 [0m
          [0m00000000-0000-0000-0000-000000000003[0m
          [0m · 原收款标识 [0m
          [0mcredit-card:00000000-0000-0000-0000-000000000003[0m
        [36m</p>[39m
        [36m<p>[39m
          [0mINSUFFICIENT_HISTORY[0m
          [0m · [0m
          [0mNOT_READY[0m
          [0m · [0m
          [0m2[0m
          [0m 周期 / [0m
          [0m2[0m
          [0m 原样本；日期跨度 [0m
          [0m0[0m
          [0m 天[0m
        [36m</p>[39m
        [36m<p>[39m
          [0m观察金额 ¥[0m
          [0m120.00[0m
          [0m—¥[0m
          [0m135.00[0m
          [0m；均值 [0m
          [0m12750[0m
          [0m 分，方差 [0m
          [0m562500[0m
          [0m 分²，CV² [0m
          [0m1/289[0m
          [0m。[0m
        [36m</p>[39m
        [36m<p>[39m
          [0m建议每月 20 日[0m
          [0m；下次日期假设 [0m
          [0mUNKNOWN[0m
          [0m，不是已开账单。[0m
        [36m</p>[39m
        [36m<p>[39m
          [0m来源范围 [0m
          [0mOBSERVED_BILLS_ONLY[0m
          [0m；[0m
          [0mINSUFFICIENT_CYCLES[0m
          [0m。[0m
        [36m</p>[39m
        [36m<details>[39m
          [36m<summary>[39m
            [0m全部 [0m
            [0m2[0m
            [0m 原样本与来源[0m
          [36m</summary>[39m
          [36m<div>[39m
            [36m<p>[39m
              [0m2026-08-20[0m
              [0m · ¥[0m
              [0m120.00[0m
              [0m · 原 fact [0m
              [0m00000000-0000-0000-0000-00000000001e[0m
              [0m · evidence [0m
              [0m00000000-0000-0000-0000-000000000082[0m
            [36m</p>[39m
            [36m<pre>[39m
              [0m{
  "kind": "CREDIT_CARD_BILL",
  "account_id": "00000000-0000-0000-0000-000000000003",
  "payee_ref": "credit-card:00000000-0000-0000-0000-000000000003",
  "occurred_on": "2026-08-20",
  "amount_cents": 12000,
  "source": {
    "fact_type": "credit_card_bills",
    "fact_id": "00000000-0000-0000-0000-00000000001e",
    "account_id": "00000000-0000-0000-0000-000000000003",
    "source_ref": "fixture:130",
    "evidence_id": "00000000-0000-0000-0000-000000000082",
    "evidence_hash": "5ee5b83266d1616cdc7da7e4726d0e199aae2dd3b5b94d0a12ee05a16d2f78b1",
    "evidence_source_type": "SIMULATED_CREDIT_CARD_BILL",
    "evidence_source_ref": "fixture:130",
    "evidence_observed_at": "2026-10-03T16:00:00+00:00",
    "fact": {
      "total_cents": 12000,
      "paid_cents": 0,
      "statement_date": "2026-08-01",
      "due_date": "2026-08-20",
      "status": "UNPAID",
      "minimum_due_cents": 1200
    }
  },
  "supporting_sources": []
}[0m
            [36m</pre>[39m
          [36m</div>[39m
          [36m<div>[39m
            [36m<p>[39m
              [0m2026-09-20[0m
              [0m · ¥[0m
              [0m135.00[0m
              [0m · 原 fact [0m
              [0m00000000-0000-0000-0000-00000000001f[0m
              [0m · evidence [0m
              [0m00000000-0000-0000-0000-000000000083[0m
            [36m</p>[39m
            [36m<pre>[39m
              [0m{
  "kind": "CREDIT_CARD_BILL",
  "account_id": "00000000-0000-0000-0000-000000000003",
  "payee_ref": "credit-card:00000000-0000-0000-0000-000000000003",
  "occurred_on": "2026-09-20",
  "amount_cents": 13500,
  "source": {
    "fact_type": "credit_card_bills",
    "fact_id": "00000000-0000-0000-0000-00000000001f",
    "account_id": "00000000-0000-0000-0000-000000000003",
    "source_ref": "fixture:131",
    "evidence_id": "00000000-0000-0000-0000-0...

Ignored nodes: comments, script, style
[36m<html>[39m
  [36m<head />[39m
  [36m<body>[39m
    [36m<div>[39m
      [36m<section[39m
        [33maria-label[39m=[32m"周期日历规律候选"[39m
        [33mclass[39m=[32m"panel"[39m
      [36m>[39m
        [36m<h2>[39m
          [0m可能需要持续预留的规律[0m
        [36m</h2>[39m
        [36m<p>[39m
          [0m从原银行历史比较月、月底和周周期。这只是建议；不会建立义务、收款关系或资金权限，不是真实资金执行。[0m
        [36m</p>[39m
        [36m<fieldset>[39m
          [36m<legend>[39m
            [0m历史发现选项[0m
          [36m</legend>[39m
          [36m<label>[39m
            [0m回看天数[0m
            [36m<input[39m
              [33mmax[39m=[32m"365"[39m
              [33mmin[39m=[32m"1"[39m
              [33mtype[39m=[32m"number"[39m
              [33mvalue[39m=[32m"95"[39m
            [36m/>[39m
          [36m</label>[39m
          [36m<label>[39m
            [0m最少连续周期[0m
            [36m<input[39m
              [33mmax[39m=[32m"12"[39m
              [33mmin[39m=[32m"3"[39m
              [33mtype[39m=[32m"number"[39m
              [33mvalue[39m=[32m"3"[39m
            [36m/>[39m
          [36m</label>[39m
          [36m<label>[39m
            [0m日期跨度上限（天）[0m
            [36m<input[39m
              [33mmax[39m=[32m"2"[39m
              [33mmin[39m=[32m"0"[39m
              [33mtype[39m=[32m"number"[39m
              [33mvalue[39m=[32m"2"[39m
            [36m/>[39m
          [36m</label>[39m
          [36m<label>[39m
            [0m金额变异系数上限（基点）[0m
            [36m<input[39m
              [33mmax[39m=[32m"1000"[39m
              [33mmin[39m=[32m"0"[39m
              [33mtype[39m=[32m"number"[39m
              [33mvalue[39m=[32m"1000"[39m
            [36m/>[39m
          [36m</label>[39m
        [36m</fieldset>[39m
        [36m<button[39m
          [33mtype[39m=[32m"button"[39m
        [36m>[39m
          [0m读取并比较周期[0m
        [36m</button>[39m
        [36m<p>[39m
          [0m原用户 [0m
          [0m00000000-0000-0000-0000-000000000001[0m
          [0m · 原开放期 [0m
          [0m00000000-0000-0000-0000-000000000320[0m
          [0m · 服务时点 [0m
          [0m2026-10-03T16:00:00Z[0m
        [36m</p>[39m
        [36m<p>[39m
          [0m历史 [0m
          [0m2026-07-01[0m
          [0m 至 [0m
          [0m2026-10-03[0m
          [0m；覆盖 [0m
          [0m原交易覆盖核对通过[0m
          [0m。账单仅为已观察序列，完整审计和独立经济验真未在此证明。[0m
        [36m</p>[39m
        [36m<p>[39m
          [0m原组 × 日历假设共 [0m
          [0m9[0m
          [0m 项；普通/不合格消费排除 [0m
          [0m2[0m
          [0m 项。[0m
        [36m</p>[39m
        [36m<label>[39m
          [0m显示的日历假设[0m
          [36m<select>[39m
            [36m<option[39m
              [33mvalue[39m=[32m"ALL"[39m
            [36m>[39m
              [0m全部假设与不成立原因[0m
            [36m</option>[39m
            [36m<option[39m
              [33mvalue[39m=[32m"MONTHLY_DATE"[39m
            [36m>[39m
              [0m每月固定日期附近[0m
            [36m</option>[39m
            [36m<option[39m
              [33mvalue[39m=[32m"MONTH_END"[39m
            [36m>[39m
              [0m相对月底[0m
            [36m</option>[39m
            [36m<option[39m
              [33mvalue[39m=[32m"WEEKLY"[39m
            [36m>[39m
              [0m每周固定日期附近[0m
            [36m</option>[39m
          [36m</select>[39m
        [36m</label>[39m
        [36m<article[39m
          [33mclass[39m=[32m"panel"[39m
        [36m>[39m
          [36m<h3>[39m
            [0m每月固定日期附近[0m
            [0m · [0m
            [0mCREDIT_CARD_BILL[0m
          [36m</h3>[39m
          [36m<p>[39m
            [0m原账户 [0m
            [0m00000000-0000-0000-0000-000000000003[0m
            [0m · 原收款标识 [0m
            [0mcredit-card:00000000-0000-0000-0000-000000000003[0m
          [36m</p>[39m
          [36m<p>[39m
            [0mINSUFFICIENT_HISTORY[0m
            [0m · [0m
            [0mNOT_READY[0m
            [0m · [0m
            [0m2[0m
            [0m 周期 / [0m
            [0m2[0m
            [0m 原样本；日期跨度 [0m
            [0m0[0m
            [0m 天[0m
          [36m</p>[39m
          [36m<p>[39m
            [0m观察金额 ¥[0m
            [0m120.00[0m
            [0m—¥[0m
            [0m135.00[0m
            [0m；均值 [0m
            [0m12750[0m
            [0m 分，方差 [0m
            [0m562500[0m
            [0m 分²，CV² [0m
            [0m1/289[0m
            [0m。[0m
          [36m</p>[39m
          [36m<p>[39m
            [0m建议每月 20 日[0m
            [0m；下次日期假设 [0m
            [0mUNKNOWN[0m
            [0m，不是已开账单。[0m
          [36m</p>[39m
          [36m<p>[39m
            [0m来源范围 [0m
            [0mOBSERVED_BILLS_ONLY[0m
            [0m；[0m
            [0mINSUFFICIENT_CYCLES[0m
            [0m。[0m
          [36m</p>[39m
          [36m<details>[39m
            [36m<summary>[39m
              [0m全部 [0m
              [0m2[0m
              [0m 原样本与来源[0m
            [36m</summary>[39m
            [36m<div>[39m
              [36m<p>[39m
                [0m2026-08-20[0m
                [0m · ¥[0m
                [0m120.00[0m
                [0m · 原 fact [0m
                [0m00000000-0000-0000-0000-00000000001e[0m
                [0m · evidence [0m
                [0m00000000-0000-0000-0000-000000000082[0m
              [36m</p>[39m
              [36m<pre>[39m
                [0m{
  "kind": "CREDIT_CARD_BILL",
  "account_id": "00000000-0000-0000-0000-000000000003",
  "payee_ref": "credit-card:00000000-0000-0000-0000-000000000003",
  "occurred_on": "2026-08-20",
  "amount_cents": 12000,
  "source": {
    "fact_type": "credit_card_bills",
    "fact_id": "00000000-0000-0000-0000-00000000001e",
    "account_id": "00000000-0000-0000-0000-000000000003",
    "source_ref": "fixture:130",
    "evidence_id": "00000000-0000-0000-0000-000000000082",
    "evidence_hash": "5ee5b83266d1616cdc7da7e4726d0e199aae2dd3b5b94d0a12ee05a16d2f78b1",
    "evidence_source_type": "SIMULATED_CREDIT_CARD_BILL",
    "evidence_source_ref": "fixture:130",
    "evidence_observed_at": "2026-10-03T16:00:00+00:00",
    "fact": {
      "total_cents": 12000,
      "paid_cents": 0,
      "statement_date": "2026-08-01",
      "due_date": "2026-08-20",
      "status": "UNPAID",
      "minimum_due_cents": 1200
    }
  },
  "supporting_sources": []
}[0m
              [36m</pre>[39m
            [36m</div>[39m
            [36m<div>[39m
              [36m<p>[39m
                [0m2026-09-20[0m
                [0m · ¥[0m
                [0m135.00[0m
                [0m · 原 fact [0m
                [0m00000000-0000-0000-0000-00000000001f[0m
                [0m · evidence [0m
                [0m00000000-0000-0000-0000-000000000083[0m
              [36m</p>[39m
              [36m<pre>[39m
                [0m{
  "kind": "CREDIT_CARD_BILL",
  ...
   × review is only an explicit draft handoff carrying exact original owner/epoch/config/source 1056ms
     → Found multiple elements with the role "button" and name "打开声明复核"

Here are the matching elements:

Ignored nodes: comments, script, style
[36m<button[39m
  [33mtype[39m=[32m"button"[39m
[36m>[39m
  [0m打开声明复核[0m
[36m</button>[39m

Ignored nodes: comments, script, style
[36m<button[39m
  [33mtype[39m=[32m"button"[39m
[36m>[39m
  [0m打开声明复核[0m
[36m</button>[39m

(If this is intentional, then use the `*AllBy*` variant of the query (like `queryAllByText`, `getAllByText`, or `findAllByText`)).

Ignored nodes: comments, script, style
[36m<body>[39m
  [36m<div>[39m
    [36m<section[39m
      [33maria-label[39m=[32m"周期日历规律候选"[39m
      [33mclass[39m=[32m"panel"[39m
    [36m>[39m
      [36m<h2>[39m
        [0m可能需要持续预留的规律[0m
      [36m</h2>[39m
      [36m<p>[39m
        [0m从原银行历史比较月、月底和周周期。这只是建议；不会建立义务、收款关系或资金权限，不是真实资金执行。[0m
      [36m</p>[39m
      [36m<fieldset>[39m
        [36m<legend>[39m
          [0m历史发现选项[0m
        [36m</legend>[39m
        [36m<label>[39m
          [0m回看天数[0m
          [36m<input[39m
            [33mmax[39m=[32m"365"[39m
            [33mmin[39m=[32m"1"[39m
            [33mtype[39m=[32m"number"[39m
            [33mvalue[39m=[32m"95"[39m
          [36m/>[39m
        [36m</label>[39m
        [36m<label>[39m
          [0m最少连续周期[0m
          [36m<input[39m
            [33mmax[39m=[32m"12"[39m
            [33mmin[39m=[32m"3"[39m
            [33mtype[39m=[32m"number"[39m
            [33mvalue[39m=[32m"3"[39m
          [36m/>[39m
        [36m</label>[39m
        [36m<label>[39m
          [0m日期跨度上限（天）[0m
          [36m<input[39m
            [33mmax[39m=[32m"2"[39m
            [33mmin[39m=[32m"0"[39m
            [33mtype[39m=[32m"number"[39m
            [33mvalue[39m=[32m"2"[39m
          [36m/>[39m
        [36m</label>[39m
        [36m<label>[39m
          [0m金额变异系数上限（基点）[0m
          [36m<input[39m
            [33mmax[39m=[32m"1000"[39m
            [33mmin[39m=[32m"0"[39m
            [33mtype[39m=[32m"number"[39m
            [33mvalue[39m=[32m"1000"[39m
          [36m/>[39m
        [36m</label>[39m
      [36m</fieldset>[39m
      [36m<button[39m
        [33mtype[39m=[32m"button"[39m
      [36m>[39m
        [0m读取并比较周期[0m
      [36m</button>[39m
      [36m<p>[39m
        [0m原用户 [0m
        [0m00000000-0000-0000-0000-000000000001[0m
        [0m · 原开放期 [0m
        [0m00000000-0000-0000-0000-000000000320[0m
        [0m · 服务时点 [0m
        [0m2026-10-03T16:00:00Z[0m
      [36m</p>[39m
      [36m<p>[39m
        [0m历史 [0m
        [0m2026-07-01[0m
        [0m 至 [0m
        [0m2026-10-03[0m
        [0m；覆盖 [0m
        [0m原交易覆盖核对通过[0m
        [0m。账单仅为已观察序列，完整审计和独立经济验真未在此证明。[0m
      [36m</p>[39m
      [36m<p>[39m
        [0m原组 × 日历假设共 [0m
        [0m9[0m
        [0m 项；普通/不合格消费排除 [0m
        [0m2[0m
        [0m 项。[0m
      [36m</p>[39m
      [36m<label>[39m
        [0m显示的日历假设[0m
        [36m<select>[39m
          [36m<option[39m
            [33mvalue[39m=[32m"ALL"[39m
          [36m>[39m
            [0m全部假设与不成立原因[0m
          [36m</option>[39m
          [36m<option[39m
            [33mvalue[39m=[32m"MONTHLY_DATE"[39m
          [36m>[39m
            [0m每月固定日期附近[0m
          [36m</option>[39m
          [36m<option[39m
            [33mvalue[39m=[32m"MONTH_END"[39m
          [36m>[39m
            [0m相对月底[0m
          [36m</option>[39m
          [36m<option[39m
            [33mvalue[39m=[32m"WEEKLY"[39m
          [36m>[39m
            [0m每周固定日期附近[0m
          [36m</option>[39m
        [36m</select>[39m
      [36m</label>[39m
      [36m<article[39m
        [33mclass[39m=[32m"panel"[39m
      [36m>[39m
        [36m<h3>[39m
          [0m每月固定日期附近[0m
          [0m · [0m
          [0mCREDIT_CARD_BILL[0m
        [36m</h3>[39m
        [36m<p>[39m
          [0m原账户 [0m
          [0m00000000-0000-0000-0000-000000000003[0m
          [0m · 原收款标识 [0m
          [0mcredit-card:00000000-0000-0000-0000-000000000003[0m
        [36m</p>[39m
        [36m<p>[39m
          [0mINSUFFICIENT_HISTORY[0m
          [0m · [0m
          [0mNOT_READY[0m
          [0m · [0m
          [0m2[0m
          [0m 周期 / [0m
          [0m2[0m
          [0m 原样本；日期跨度 [0m
          [0m0[0m
          [0m 天[0m
        [36m</p>[39m
        [36m<p>[39m
          [0m观察金额 ¥[0m
          [0m120.00[0m
          [0m—¥[0m
          [0m135.00[0m
          [0m；均值 [0m
          [0m12750[0m
          [0m 分，方差 [0m
          [0m562500[0m
          [0m 分²，CV² [0m
          [0m1/289[0m
          [0m。[0m
        [36m</p>[39m
        [36m<p>[39m
          [0m建议每月 20 日[0m
          [0m；下次日期假设 [0m
          [0mUNKNOWN[0m
          [0m，不是已开账单。[0m
        [36m</p>[39m
        [36m<p>[39m
          [0m来源范围 [0m
          [0mOBSERVED_BILLS_ONLY[0m
          [0m；[0m
          [0mINSUFFICIENT_CYCLES[0m
          [0m。[0m
        [36m</p>[39m
        [36m<details>[39m
          [36m<summary>[39m
            [0m全部 [0m
            [0m2[0m
            [0m 原样本与来源[0m
          [36m</summary>[39m
          [36m<div>[39m
            [36m<p>[39m
              [0m2026-08-20[0m
              [0m · ¥[0m
              [0m120.00[0m
              [0m · 原 fact [0m
              [0m00000000-0000-0000-0000-00000000001e[0m
              [0m · evidence [0m
              [0m00000000-0000-0000-0000-000000000082[0m
            [36m</p>[39m
            [36m<pre>[39m
              [0m{
  "kind": "CREDIT_CARD_BILL",
  "account_id": "00000000-0000-0000-0000-000000000003",
  "payee_ref": "credit-card:00000000-0000-0000-0000-000000000003",
  "occurred_on": "2026-08-20",
  "amount_cents": 12000,
  "source": {
    "fact_type": "credit_card_bills",
    "fact_id": "00000000-0000-0000-0000-00000000001e",
    "account_id": "00000000-0000-0000-0000-000000000003",
    "source_ref": "fixture:130",
    "evidence_id": "00000000-0000-0000-0000-000000000082",
    "evidence_hash": "5ee5b83266d1616cdc7da7e4726d0e199aae2dd3b5b94d0a12ee05a16d2f78b1",
    "evidence_source_type": "SIMULATED_CREDIT_CARD_BILL",
    "evidence_source_ref": "fixture:130",
    "evidence_observed_at": "2026-10-03T16:00:00+00:00",
    "fact": {
      "total_cents": 12000,
      "paid_cents": 0,
      "statement_date": "2026-08-01",
      "due_date": "2026-08-20",
      "status": "UNPAID",
      "minimum_due_cents": 1200
    }
  },
  "supporting_sources": []
}[0m
            [36m</pre>[39m
          [36m</div>[39m
          [36m<div>[39m
            [36m<p>[39m
              [0m2026-09-20[0m
              [0m · ¥[0m
              [0m135.00[0m
              [0m · 原 fact [0m
              [0m00000000-0000-0000-0000-00000000001f[0m
              [0m · evidence [0m
              [0m00000000-0000-0000-0000-000000000083[0m
            [36m</p>[39m
            [36m<pre>[39m
              [0m{
  "kind": "CREDIT_CARD_BILL",
  "account_id": "00000000-0000-0000-0000-000000000003",
  "payee_ref": "credit-card:00000000-0000-0000-0000-000000000003",
  "occurred_on": "2026-09-20",
  "amount_cents": 13500,
  "source": {
    "fact_type": "credit_card_bills",
    "fact_id": "00000000-0000-0000-0000-00000000001f",
    "account_id": "00000000-0000-0000-0000-000000000003",
    "source_ref": "fixture:131",
    "evidence_id": "00000000-0000-0000-0000-0...

Ignored nodes: comments, script, style
[36m<html>[39m
  [36m<head />[39m
  [36m<body>[39m
    [36m<div>[39m
      [36m<section[39m
        [33maria-label[39m=[32m"周期日历规律候选"[39m
        [33mclass[39m=[32m"panel"[39m
      [36m>[39m
        [36m<h2>[39m
          [0m可能需要持续预留的规律[0m
        [36m</h2>[39m
        [36m<p>[39m
          [0m从原银行历史比较月、月底和周周期。这只是建议；不会建立义务、收款关系或资金权限，不是真实资金执行。[0m
        [36m</p>[39m
        [36m<fieldset>[39m
          [36m<legend>[39m
            [0m历史发现选项[0m
          [36m</legend>[39m
          [36m<label>[39m
            [0m回看天数[0m
            [36m<input[39m
              [33mmax[39m=[32m"365"[39m
              [33mmin[39m=[32m"1"[39m
              [33mtype[39m=[32m"number"[39m
              [33mvalue[39m=[32m"95"[39m
            [36m/>[39m
          [36m</label>[39m
          [36m<label>[39m
            [0m最少连续周期[0m
            [36m<input[39m
              [33mmax[39m=[32m"12"[39m
              [33mmin[39m=[32m"3"[39m
              [33mtype[39m=[32m"number"[39m
              [33mvalue[39m=[32m"3"[39m
            [36m/>[39m
          [36m</label>[39m
          [36m<label>[39m
            [0m日期跨度上限（天）[0m
            [36m<input[39m
              [33mmax[39m=[32m"2"[39m
              [33mmin[39m=[32m"0"[39m
              [33mtype[39m=[32m"number"[39m
              [33mvalue[39m=[32m"2"[39m
            [36m/>[39m
          [36m</label>[39m
          [36m<label>[39m
            [0m金额变异系数上限（基点）[0m
            [36m<input[39m
              [33mmax[39m=[32m"1000"[39m
              [33mmin[39m=[32m"0"[39m
              [33mtype[39m=[32m"number"[39m
              [33mvalue[39m=[32m"1000"[39m
            [36m/>[39m
          [36m</label>[39m
        [36m</fieldset>[39m
        [36m<button[39m
          [33mtype[39m=[32m"button"[39m
        [36m>[39m
          [0m读取并比较周期[0m
        [36m</button>[39m
        [36m<p>[39m
          [0m原用户 [0m
          [0m00000000-0000-0000-0000-000000000001[0m
          [0m · 原开放期 [0m
          [0m00000000-0000-0000-0000-000000000320[0m
          [0m · 服务时点 [0m
          [0m2026-10-03T16:00:00Z[0m
        [36m</p>[39m
        [36m<p>[39m
          [0m历史 [0m
          [0m2026-07-01[0m
          [0m 至 [0m
          [0m2026-10-03[0m
          [0m；覆盖 [0m
          [0m原交易覆盖核对通过[0m
          [0m。账单仅为已观察序列，完整审计和独立经济验真未在此证明。[0m
        [36m</p>[39m
        [36m<p>[39m
          [0m原组 × 日历假设共 [0m
          [0m9[0m
          [0m 项；普通/不合格消费排除 [0m
          [0m2[0m
          [0m 项。[0m
        [36m</p>[39m
        [36m<label>[39m
          [0m显示的日历假设[0m
          [36m<select>[39m
            [36m<option[39m
              [33mvalue[39m=[32m"ALL"[39m
            [36m>[39m
              [0m全部假设与不成立原因[0m
            [36m</option>[39m
            [36m<option[39m
              [33mvalue[39m=[32m"MONTHLY_DATE"[39m
            [36m>[39m
              [0m每月固定日期附近[0m
            [36m</option>[39m
            [36m<option[39m
              [33mvalue[39m=[32m"MONTH_END"[39m
            [36m>[39m
              [0m相对月底[0m
            [36m</option>[39m
            [36m<option[39m
              [33mvalue[39m=[32m"WEEKLY"[39m
            [36m>[39m
              [0m每周固定日期附近[0m
            [36m</option>[39m
          [36m</select>[39m
        [36m</label>[39m
        [36m<article[39m
          [33mclass[39m=[32m"panel"[39m
        [36m>[39m
          [36m<h3>[39m
            [0m每月固定日期附近[0m
            [0m · [0m
            [0mCREDIT_CARD_BILL[0m
          [36m</h3>[39m
          [36m<p>[39m
            [0m原账户 [0m
            [0m00000000-0000-0000-0000-000000000003[0m
            [0m · 原收款标识 [0m
            [0mcredit-card:00000000-0000-0000-0000-000000000003[0m
          [36m</p>[39m
          [36m<p>[39m
            [0mINSUFFICIENT_HISTORY[0m
            [0m · [0m
            [0mNOT_READY[0m
            [0m · [0m
            [0m2[0m
            [0m 周期 / [0m
            [0m2[0m
            [0m 原样本；日期跨度 [0m
            [0m0[0m
            [0m 天[0m
          [36m</p>[39m
          [36m<p>[39m
            [0m观察金额 ¥[0m
            [0m120.00[0m
            [0m—¥[0m
            [0m135.00[0m
            [0m；均值 [0m
            [0m12750[0m
            [0m 分，方差 [0m
            [0m562500[0m
            [0m 分²，CV² [0m
            [0m1/289[0m
            [0m。[0m
          [36m</p>[39m
          [36m<p>[39m
            [0m建议每月 20 日[0m
            [0m；下次日期假设 [0m
            [0mUNKNOWN[0m
            [0m，不是已开账单。[0m
          [36m</p>[39m
          [36m<p>[39m
            [0m来源范围 [0m
            [0mOBSERVED_BILLS_ONLY[0m
            [0m；[0m
            [0mINSUFFICIENT_CYCLES[0m
            [0m。[0m
          [36m</p>[39m
          [36m<details>[39m
            [36m<summary>[39m
              [0m全部 [0m
              [0m2[0m
              [0m 原样本与来源[0m
            [36m</summary>[39m
            [36m<div>[39m
              [36m<p>[39m
                [0m2026-08-20[0m
                [0m · ¥[0m
                [0m120.00[0m
                [0m · 原 fact [0m
                [0m00000000-0000-0000-0000-00000000001e[0m
                [0m · evidence [0m
                [0m00000000-0000-0000-0000-000000000082[0m
              [36m</p>[39m
              [36m<pre>[39m
                [0m{
  "kind": "CREDIT_CARD_BILL",
  "account_id": "00000000-0000-0000-0000-000000000003",
  "payee_ref": "credit-card:00000000-0000-0000-0000-000000000003",
  "occurred_on": "2026-08-20",
  "amount_cents": 12000,
  "source": {
    "fact_type": "credit_card_bills",
    "fact_id": "00000000-0000-0000-0000-00000000001e",
    "account_id": "00000000-0000-0000-0000-000000000003",
    "source_ref": "fixture:130",
    "evidence_id": "00000000-0000-0000-0000-000000000082",
    "evidence_hash": "5ee5b83266d1616cdc7da7e4726d0e199aae2dd3b5b94d0a12ee05a16d2f78b1",
    "evidence_source_type": "SIMULATED_CREDIT_CARD_BILL",
    "evidence_source_ref": "fixture:130",
    "evidence_observed_at": "2026-10-03T16:00:00+00:00",
    "fact": {
      "total_cents": 12000,
      "paid_cents": 0,
      "statement_date": "2026-08-01",
      "due_date": "2026-08-20",
      "status": "UNPAID",
      "minimum_due_cents": 1200
    }
  },
  "supporting_sources": []
}[0m
              [36m</pre>[39m
            [36m</div>[39m
            [36m<div>[39m
              [36m<p>[39m
                [0m2026-09-20[0m
                [0m · ¥[0m
                [0m135.00[0m
                [0m · 原 fact [0m
                [0m00000000-0000-0000-0000-00000000001f[0m
                [0m · evidence [0m
                [0m00000000-0000-0000-0000-000000000083[0m
              [36m</p>[39m
              [36m<pre>[39m
                [0m{
  "kind": "CREDIT_CARD_BILL",
  ...
   × other original requests block draft handoff while its own history GET remains reachable 1046ms
     → Found multiple elements with the role "button" and name "打开声明复核"

Here are the matching elements:

Ignored nodes: comments, script, style
[36m<button[39m
  [33mdisabled[39m=[32m""[39m
  [33mtype[39m=[32m"button"[39m
[36m>[39m
  [0m打开声明复核[0m
[36m</button>[39m

Ignored nodes: comments, script, style
[36m<button[39m
  [33mdisabled[39m=[32m""[39m
  [33mtype[39m=[32m"button"[39m
[36m>[39m
  [0m打开声明复核[0m
[36m</button>[39m

(If this is intentional, then use the `*AllBy*` variant of the query (like `queryAllByText`, `getAllByText`, or `findAllByText`)).

Ignored nodes: comments, script, style
[36m<body>[39m
  [36m<div>[39m
    [36m<section[39m
      [33maria-label[39m=[32m"周期日历规律候选"[39m
      [33mclass[39m=[32m"panel"[39m
    [36m>[39m
      [36m<h2>[39m
        [0m可能需要持续预留的规律[0m
      [36m</h2>[39m
      [36m<p>[39m
        [0m从原银行历史比较月、月底和周周期。这只是建议；不会建立义务、收款关系或资金权限，不是真实资金执行。[0m
      [36m</p>[39m
      [36m<fieldset>[39m
        [36m<legend>[39m
          [0m历史发现选项[0m
        [36m</legend>[39m
        [36m<label>[39m
          [0m回看天数[0m
          [36m<input[39m
            [33mmax[39m=[32m"365"[39m
            [33mmin[39m=[32m"1"[39m
            [33mtype[39m=[32m"number"[39m
            [33mvalue[39m=[32m"95"[39m
          [36m/>[39m
        [36m</label>[39m
        [36m<label>[39m
          [0m最少连续周期[0m
          [36m<input[39m
            [33mmax[39m=[32m"12"[39m
            [33mmin[39m=[32m"3"[39m
            [33mtype[39m=[32m"number"[39m
            [33mvalue[39m=[32m"3"[39m
          [36m/>[39m
        [36m</label>[39m
        [36m<label>[39m
          [0m日期跨度上限（天）[0m
          [36m<input[39m
            [33mmax[39m=[32m"2"[39m
            [33mmin[39m=[32m"0"[39m
            [33mtype[39m=[32m"number"[39m
            [33mvalue[39m=[32m"2"[39m
          [36m/>[39m
        [36m</label>[39m
        [36m<label>[39m
          [0m金额变异系数上限（基点）[0m
          [36m<input[39m
            [33mmax[39m=[32m"1000"[39m
            [33mmin[39m=[32m"0"[39m
            [33mtype[39m=[32m"number"[39m
            [33mvalue[39m=[32m"1000"[39m
          [36m/>[39m
        [36m</label>[39m
      [36m</fieldset>[39m
      [36m<button[39m
        [33mtype[39m=[32m"button"[39m
      [36m>[39m
        [0m读取并比较周期[0m
      [36m</button>[39m
      [36m<p>[39m
        [0m原用户 [0m
        [0m00000000-0000-0000-0000-000000000001[0m
        [0m · 原开放期 [0m
        [0m00000000-0000-0000-0000-000000000320[0m
        [0m · 服务时点 [0m
        [0m2026-10-03T16:00:00Z[0m
      [36m</p>[39m
      [36m<p>[39m
        [0m历史 [0m
        [0m2026-07-01[0m
        [0m 至 [0m
        [0m2026-10-03[0m
        [0m；覆盖 [0m
        [0m原交易覆盖核对通过[0m
        [0m。账单仅为已观察序列，完整审计和独立经济验真未在此证明。[0m
      [36m</p>[39m
      [36m<p>[39m
        [0m原组 × 日历假设共 [0m
        [0m9[0m
        [0m 项；普通/不合格消费排除 [0m
        [0m2[0m
        [0m 项。[0m
      [36m</p>[39m
      [36m<label>[39m
        [0m显示的日历假设[0m
        [36m<select>[39m
          [36m<option[39m
            [33mvalue[39m=[32m"ALL"[39m
          [36m>[39m
            [0m全部假设与不成立原因[0m
          [36m</option>[39m
          [36m<option[39m
            [33mvalue[39m=[32m"MONTHLY_DATE"[39m
          [36m>[39m
            [0m每月固定日期附近[0m
          [36m</option>[39m
          [36m<option[39m
            [33mvalue[39m=[32m"MONTH_END"[39m
          [36m>[39m
            [0m相对月底[0m
          [36m</option>[39m
          [36m<option[39m
            [33mvalue[39m=[32m"WEEKLY"[39m
          [36m>[39m
            [0m每周固定日期附近[0m
          [36m</option>[39m
        [36m</select>[39m
      [36m</label>[39m
      [36m<article[39m
        [33mclass[39m=[32m"panel"[39m
      [36m>[39m
        [36m<h3>[39m
          [0m每月固定日期附近[0m
          [0m · [0m
          [0mCREDIT_CARD_BILL[0m
        [36m</h3>[39m
        [36m<p>[39m
          [0m原账户 [0m
          [0m00000000-0000-0000-0000-000000000003[0m
          [0m · 原收款标识 [0m
          [0mcredit-card:00000000-0000-0000-0000-000000000003[0m
        [36m</p>[39m
        [36m<p>[39m
          [0mINSUFFICIENT_HISTORY[0m
          [0m · [0m
          [0mNOT_READY[0m
          [0m · [0m
          [0m2[0m
          [0m 周期 / [0m
          [0m2[0m
          [0m 原样本；日期跨度 [0m
          [0m0[0m
          [0m 天[0m
        [36m</p>[39m
        [36m<p>[39m
          [0m观察金额 ¥[0m
          [0m120.00[0m
          [0m—¥[0m
          [0m135.00[0m
          [0m；均值 [0m
          [0m12750[0m
          [0m 分，方差 [0m
          [0m562500[0m
          [0m 分²，CV² [0m
          [0m1/289[0m
          [0m。[0m
        [36m</p>[39m
        [36m<p>[39m
          [0m建议每月 20 日[0m
          [0m；下次日期假设 [0m
          [0mUNKNOWN[0m
          [0m，不是已开账单。[0m
        [36m</p>[39m
        [36m<p>[39m
          [0m来源范围 [0m
          [0mOBSERVED_BILLS_ONLY[0m
          [0m；[0m
          [0mINSUFFICIENT_CYCLES[0m
          [0m。[0m
        [36m</p>[39m
        [36m<details>[39m
          [36m<summary>[39m
            [0m全部 [0m
            [0m2[0m
            [0m 原样本与来源[0m
          [36m</summary>[39m
          [36m<div>[39m
            [36m<p>[39m
              [0m2026-08-20[0m
              [0m · ¥[0m
              [0m120.00[0m
              [0m · 原 fact [0m
              [0m00000000-0000-0000-0000-00000000001e[0m
              [0m · evidence [0m
              [0m00000000-0000-0000-0000-000000000082[0m
            [36m</p>[39m
            [36m<pre>[39m
              [0m{
  "kind": "CREDIT_CARD_BILL",
  "account_id": "00000000-0000-0000-0000-000000000003",
  "payee_ref": "credit-card:00000000-0000-0000-0000-000000000003",
  "occurred_on": "2026-08-20",
  "amount_cents": 12000,
  "source": {
    "fact_type": "credit_card_bills",
    "fact_id": "00000000-0000-0000-0000-00000000001e",
    "account_id": "00000000-0000-0000-0000-000000000003",
    "source_ref": "fixture:130",
    "evidence_id": "00000000-0000-0000-0000-000000000082",
    "evidence_hash": "5ee5b83266d1616cdc7da7e4726d0e199aae2dd3b5b94d0a12ee05a16d2f78b1",
    "evidence_source_type": "SIMULATED_CREDIT_CARD_BILL",
    "evidence_source_ref": "fixture:130",
    "evidence_observed_at": "2026-10-03T16:00:00+00:00",
    "fact": {
      "total_cents": 12000,
      "paid_cents": 0,
      "statement_date": "2026-08-01",
      "due_date": "2026-08-20",
      "status": "UNPAID",
      "minimum_due_cents": 1200
    }
  },
  "supporting_sources": []
}[0m
            [36m</pre>[39m
          [36m</div>[39m
          [36m<div>[39m
            [36m<p>[39m
              [0m2026-09-20[0m
              [0m · ¥[0m
              [0m135.00[0m
              [0m · 原 fact [0m
              [0m00000000-0000-0000-0000-00000000001f[0m
              [0m · evidence [0m
              [0m00000000-0000-0000-0000-000000000083[0m
            [36m</p>[39m
            [36m<pre>[39m
              [0m{
  "kind": "CREDIT_CARD_BILL",
  "account_id": "00000000-0000-0000-0000-000000000003",
  "payee_ref": "credit-card:00000000-0000-0000-0000-000000000003",
  "occurred_on": "2026-09-20",
  "amount_cents": 13500,
  "source": {
    "fact_type": "credit_card_bills",
    "fact_id": "00000000-0000-0000-0000-00000000001f",
    "account_id": "00000000-0000-0000-0000-000000000003",
    "source_ref": "fixture:131",
    "evidence_id": "00000000-0000-0000-0000-0...

Ignored nodes: comments, script, style
[36m<html>[39m
  [36m<head />[39m
  [36m<body>[39m
    [36m<div>[39m
      [36m<section[39m
        [33maria-label[39m=[32m"周期日历规律候选"[39m
        [33mclass[39m=[32m"panel"[39m
      [36m>[39m
        [36m<h2>[39m
          [0m可能需要持续预留的规律[0m
        [36m</h2>[39m
        [36m<p>[39m
          [0m从原银行历史比较月、月底和周周期。这只是建议；不会建立义务、收款关系或资金权限，不是真实资金执行。[0m
        [36m</p>[39m
        [36m<fieldset>[39m
          [36m<legend>[39m
            [0m历史发现选项[0m
          [36m</legend>[39m
          [36m<label>[39m
            [0m回看天数[0m
            [36m<input[39m
              [33mmax[39m=[32m"365"[39m
              [33mmin[39m=[32m"1"[39m
              [33mtype[39m=[32m"number"[39m
              [33mvalue[39m=[32m"95"[39m
            [36m/>[39m
          [36m</label>[39m
          [36m<label>[39m
            [0m最少连续周期[0m
            [36m<input[39m
              [33mmax[39m=[32m"12"[39m
              [33mmin[39m=[32m"3"[39m
              [33mtype[39m=[32m"number"[39m
              [33mvalue[39m=[32m"3"[39m
            [36m/>[39m
          [36m</label>[39m
          [36m<label>[39m
            [0m日期跨度上限（天）[0m
            [36m<input[39m
              [33mmax[39m=[32m"2"[39m
              [33mmin[39m=[32m"0"[39m
              [33mtype[39m=[32m"number"[39m
              [33mvalue[39m=[32m"2"[39m
            [36m/>[39m
          [36m</label>[39m
          [36m<label>[39m
            [0m金额变异系数上限（基点）[0m
            [36m<input[39m
              [33mmax[39m=[32m"1000"[39m
              [33mmin[39m=[32m"0"[39m
              [33mtype[39m=[32m"number"[39m
              [33mvalue[39m=[32m"1000"[39m
            [36m/>[39m
          [36m</label>[39m
        [36m</fieldset>[39m
        [36m<button[39m
          [33mtype[39m=[32m"button"[39m
        [36m>[39m
          [0m读取并比较周期[0m
        [36m</button>[39m
        [36m<p>[39m
          [0m原用户 [0m
          [0m00000000-0000-0000-0000-000000000001[0m
          [0m · 原开放期 [0m
          [0m00000000-0000-0000-0000-000000000320[0m
          [0m · 服务时点 [0m
          [0m2026-10-03T16:00:00Z[0m
        [36m</p>[39m
        [36m<p>[39m
          [0m历史 [0m
          [0m2026-07-01[0m
          [0m 至 [0m
          [0m2026-10-03[0m
          [0m；覆盖 [0m
          [0m原交易覆盖核对通过[0m
          [0m。账单仅为已观察序列，完整审计和独立经济验真未在此证明。[0m
        [36m</p>[39m
        [36m<p>[39m
          [0m原组 × 日历假设共 [0m
          [0m9[0m
          [0m 项；普通/不合格消费排除 [0m
          [0m2[0m
          [0m 项。[0m
        [36m</p>[39m
        [36m<label>[39m
          [0m显示的日历假设[0m
          [36m<select>[39m
            [36m<option[39m
              [33mvalue[39m=[32m"ALL"[39m
            [36m>[39m
              [0m全部假设与不成立原因[0m
            [36m</option>[39m
            [36m<option[39m
              [33mvalue[39m=[32m"MONTHLY_DATE"[39m
            [36m>[39m
              [0m每月固定日期附近[0m
            [36m</option>[39m
            [36m<option[39m
              [33mvalue[39m=[32m"MONTH_END"[39m
            [36m>[39m
              [0m相对月底[0m
            [36m</option>[39m
            [36m<option[39m
              [33mvalue[39m=[32m"WEEKLY"[39m
            [36m>[39m
              [0m每周固定日期附近[0m
            [36m</option>[39m
          [36m</select>[39m
        [36m</label>[39m
        [36m<article[39m
          [33mclass[39m=[32m"panel"[39m
        [36m>[39m
          [36m<h3>[39m
            [0m每月固定日期附近[0m
            [0m · [0m
            [0mCREDIT_CARD_BILL[0m
          [36m</h3>[39m
          [36m<p>[39m
            [0m原账户 [0m
            [0m00000000-0000-0000-0000-000000000003[0m
            [0m · 原收款标识 [0m
            [0mcredit-card:00000000-0000-0000-0000-000000000003[0m
          [36m</p>[39m
          [36m<p>[39m
            [0mINSUFFICIENT_HISTORY[0m
            [0m · [0m
            [0mNOT_READY[0m
            [0m · [0m
            [0m2[0m
            [0m 周期 / [0m
            [0m2[0m
            [0m 原样本；日期跨度 [0m
            [0m0[0m
            [0m 天[0m
          [36m</p>[39m
          [36m<p>[39m
            [0m观察金额 ¥[0m
            [0m120.00[0m
            [0m—¥[0m
            [0m135.00[0m
            [0m；均值 [0m
            [0m12750[0m
            [0m 分，方差 [0m
            [0m562500[0m
            [0m 分²，CV² [0m
            [0m1/289[0m
            [0m。[0m
          [36m</p>[39m
          [36m<p>[39m
            [0m建议每月 20 日[0m
            [0m；下次日期假设 [0m
            [0mUNKNOWN[0m
            [0m，不是已开账单。[0m
          [36m</p>[39m
          [36m<p>[39m
            [0m来源范围 [0m
            [0mOBSERVED_BILLS_ONLY[0m
            [0m；[0m
            [0mINSUFFICIENT_CYCLES[0m
            [0m。[0m
          [36m</p>[39m
          [36m<details>[39m
            [36m<summary>[39m
              [0m全部 [0m
              [0m2[0m
              [0m 原样本与来源[0m
            [36m</summary>[39m
            [36m<div>[39m
              [36m<p>[39m
                [0m2026-08-20[0m
                [0m · ¥[0m
                [0m120.00[0m
                [0m · 原 fact [0m
                [0m00000000-0000-0000-0000-00000000001e[0m
                [0m · evidence [0m
                [0m00000000-0000-0000-0000-000000000082[0m
              [36m</p>[39m
              [36m<pre>[39m
                [0m{
  "kind": "CREDIT_CARD_BILL",
  "account_id": "00000000-0000-0000-0000-000000000003",
  "payee_ref": "credit-card:00000000-0000-0000-0000-000000000003",
  "occurred_on": "2026-08-20",
  "amount_cents": 12000,
  "source": {
    "fact_type": "credit_card_bills",
    "fact_id": "00000000-0000-0000-0000-00000000001e",
    "account_id": "00000000-0000-0000-0000-000000000003",
    "source_ref": "fixture:130",
    "evidence_id": "00000000-0000-0000-0000-000000000082",
    "evidence_hash": "5ee5b83266d1616cdc7da7e4726d0e199aae2dd3b5b94d0a12ee05a16d2f78b1",
    "evidence_source_type": "SIMULATED_CREDIT_CARD_BILL",
    "evidence_source_ref": "fixture:130",
    "evidence_observed_at": "2026-10-03T16:00:00+00:00",
    "fact": {
      "total_cents": 12000,
      "paid_cents": 0,
      "statement_date": "2026-08-01",
      "due_date": "2026-08-20",
      "status": "UNPAID",
      "minimum_due_cents": 1200
    }
  },
  "supporting_sources": []
}[0m
              [36m</pre>[39m
            [36m</div>[39m
            [36m<div>[39m
              [36m<p>[39m
                [0m2026-09-20[0m
                [0m · ¥[0m
                [0m135.00[0m
                [0m · 原 fact [0m
                [0m00000000-0000-0000-0000-00000000001f[0m
                [0m · evidence [0m
                [0m00000000-0000-0000-0000-000000000083[0m
              [36m</p>[39m
              [36m<pre>[39m
                [0m{
  "kind": "CREDIT_CARD_BILL",
  ...
   × changing parameters removes the reviewed candidate and never submits or reuses stale result 1053ms
     → Found multiple elements with the role "button" and name "打开声明复核"

Here are the matching elements:

Ignored nodes: comments, script, style
[36m<button[39m
  [33mtype[39m=[32m"button"[39m
[36m>[39m
  [0m打开声明复核[0m
[36m</button>[39m

Ignored nodes: comments, script, style
[36m<button[39m
  [33mtype[39m=[32m"button"[39m
[36m>[39m
  [0m打开声明复核[0m
[36m</button>[39m

(If this is intentional, then use the `*AllBy*` variant of the query (like `queryAllByText`, `getAllByText`, or `findAllByText`)).

Ignored nodes: comments, script, style
[36m<body>[39m
  [36m<div>[39m
    [36m<section[39m
      [33maria-label[39m=[32m"周期日历规律候选"[39m
      [33mclass[39m=[32m"panel"[39m
    [36m>[39m
      [36m<h2>[39m
        [0m可能需要持续预留的规律[0m
      [36m</h2>[39m
      [36m<p>[39m
        [0m从原银行历史比较月、月底和周周期。这只是建议；不会建立义务、收款关系或资金权限，不是真实资金执行。[0m
      [36m</p>[39m
      [36m<fieldset>[39m
        [36m<legend>[39m
          [0m历史发现选项[0m
        [36m</legend>[39m
        [36m<label>[39m
          [0m回看天数[0m
          [36m<input[39m
            [33mmax[39m=[32m"365"[39m
            [33mmin[39m=[32m"1"[39m
            [33mtype[39m=[32m"number"[39m
            [33mvalue[39m=[32m"95"[39m
          [36m/>[39m
        [36m</label>[39m
        [36m<label>[39m
          [0m最少连续周期[0m
          [36m<input[39m
            [33mmax[39m=[32m"12"[39m
            [33mmin[39m=[32m"3"[39m
            [33mtype[39m=[32m"number"[39m
            [33mvalue[39m=[32m"3"[39m
          [36m/>[39m
        [36m</label>[39m
        [36m<label>[39m
          [0m日期跨度上限（天）[0m
          [36m<input[39m
            [33mmax[39m=[32m"2"[39m
            [33mmin[39m=[32m"0"[39m
            [33mtype[39m=[32m"number"[39m
            [33mvalue[39m=[32m"2"[39m
          [36m/>[39m
        [36m</label>[39m
        [36m<label>[39m
          [0m金额变异系数上限（基点）[0m
          [36m<input[39m
            [33mmax[39m=[32m"1000"[39m
            [33mmin[39m=[32m"0"[39m
            [33mtype[39m=[32m"number"[39m
            [33mvalue[39m=[32m"1000"[39m
          [36m/>[39m
        [36m</label>[39m
      [36m</fieldset>[39m
      [36m<button[39m
        [33mtype[39m=[32m"button"[39m
      [36m>[39m
        [0m读取并比较周期[0m
      [36m</button>[39m
      [36m<p>[39m
        [0m原用户 [0m
        [0m00000000-0000-0000-0000-000000000001[0m
        [0m · 原开放期 [0m
        [0m00000000-0000-0000-0000-000000000320[0m
        [0m · 服务时点 [0m
        [0m2026-10-03T16:00:00Z[0m
      [36m</p>[39m
      [36m<p>[39m
        [0m历史 [0m
        [0m2026-07-01[0m
        [0m 至 [0m
        [0m2026-10-03[0m
        [0m；覆盖 [0m
        [0m原交易覆盖核对通过[0m
        [0m。账单仅为已观察序列，完整审计和独立经济验真未在此证明。[0m
      [36m</p>[39m
      [36m<p>[39m
        [0m原组 × 日历假设共 [0m
        [0m9[0m
        [0m 项；普通/不合格消费排除 [0m
        [0m2[0m
        [0m 项。[0m
      [36m</p>[39m
      [36m<label>[39m
        [0m显示的日历假设[0m
        [36m<select>[39m
          [36m<option[39m
            [33mvalue[39m=[32m"ALL"[39m
          [36m>[39m
            [0m全部假设与不成立原因[0m
          [36m</option>[39m
          [36m<option[39m
            [33mvalue[39m=[32m"MONTHLY_DATE"[39m
          [36m>[39m
            [0m每月固定日期附近[0m
          [36m</option>[39m
          [36m<option[39m
            [33mvalue[39m=[32m"MONTH_END"[39m
          [36m>[39m
            [0m相对月底[0m
          [36m</option>[39m
          [36m<option[39m
            [33mvalue[39m=[32m"WEEKLY"[39m
          [36m>[39m
            [0m每周固定日期附近[0m
          [36m</option>[39m
        [36m</select>[39m
      [36m</label>[39m
      [36m<article[39m
        [33mclass[39m=[32m"panel"[39m
      [36m>[39m
        [36m<h3>[39m
          [0m每月固定日期附近[0m
          [0m · [0m
          [0mCREDIT_CARD_BILL[0m
        [36m</h3>[39m
        [36m<p>[39m
          [0m原账户 [0m
          [0m00000000-0000-0000-0000-000000000003[0m
          [0m · 原收款标识 [0m
          [0mcredit-card:00000000-0000-0000-0000-000000000003[0m
        [36m</p>[39m
        [36m<p>[39m
          [0mINSUFFICIENT_HISTORY[0m
          [0m · [0m
          [0mNOT_READY[0m
          [0m · [0m
          [0m2[0m
          [0m 周期 / [0m
          [0m2[0m
          [0m 原样本；日期跨度 [0m
          [0m0[0m
          [0m 天[0m
        [36m</p>[39m
        [36m<p>[39m
          [0m观察金额 ¥[0m
          [0m120.00[0m
          [0m—¥[0m
          [0m135.00[0m
          [0m；均值 [0m
          [0m12750[0m
          [0m 分，方差 [0m
          [0m562500[0m
          [0m 分²，CV² [0m
          [0m1/289[0m
          [0m。[0m
        [36m</p>[39m
        [36m<p>[39m
          [0m建议每月 20 日[0m
          [0m；下次日期假设 [0m
          [0mUNKNOWN[0m
          [0m，不是已开账单。[0m
        [36m</p>[39m
        [36m<p>[39m
          [0m来源范围 [0m
          [0mOBSERVED_BILLS_ONLY[0m
          [0m；[0m
          [0mINSUFFICIENT_CYCLES[0m
          [0m。[0m
        [36m</p>[39m
        [36m<details>[39m
          [36m<summary>[39m
            [0m全部 [0m
            [0m2[0m
            [0m 原样本与来源[0m
          [36m</summary>[39m
          [36m<div>[39m
            [36m<p>[39m
              [0m2026-08-20[0m
              [0m · ¥[0m
              [0m120.00[0m
              [0m · 原 fact [0m
              [0m00000000-0000-0000-0000-00000000001e[0m
              [0m · evidence [0m
              [0m00000000-0000-0000-0000-000000000082[0m
            [36m</p>[39m
            [36m<pre>[39m
              [0m{
  "kind": "CREDIT_CARD_BILL",
  "account_id": "00000000-0000-0000-0000-000000000003",
  "payee_ref": "credit-card:00000000-0000-0000-0000-000000000003",
  "occurred_on": "2026-08-20",
  "amount_cents": 12000,
  "source": {
    "fact_type": "credit_card_bills",
    "fact_id": "00000000-0000-0000-0000-00000000001e",
    "account_id": "00000000-0000-0000-0000-000000000003",
    "source_ref": "fixture:130",
    "evidence_id": "00000000-0000-0000-0000-000000000082",
    "evidence_hash": "5ee5b83266d1616cdc7da7e4726d0e199aae2dd3b5b94d0a12ee05a16d2f78b1",
    "evidence_source_type": "SIMULATED_CREDIT_CARD_BILL",
    "evidence_source_ref": "fixture:130",
    "evidence_observed_at": "2026-10-03T16:00:00+00:00",
    "fact": {
      "total_cents": 12000,
      "paid_cents": 0,
      "statement_date": "2026-08-01",
      "due_date": "2026-08-20",
      "status": "UNPAID",
      "minimum_due_cents": 1200
    }
  },
  "supporting_sources": []
}[0m
            [36m</pre>[39m
          [36m</div>[39m
          [36m<div>[39m
            [36m<p>[39m
              [0m2026-09-20[0m
              [0m · ¥[0m
              [0m135.00[0m
              [0m · 原 fact [0m
              [0m00000000-0000-0000-0000-00000000001f[0m
              [0m · evidence [0m
              [0m00000000-0000-0000-0000-000000000083[0m
            [36m</p>[39m
            [36m<pre>[39m
              [0m{
  "kind": "CREDIT_CARD_BILL",
  "account_id": "00000000-0000-0000-0000-000000000003",
  "payee_ref": "credit-card:00000000-0000-0000-0000-000000000003",
  "occurred_on": "2026-09-20",
  "amount_cents": 13500,
  "source": {
    "fact_type": "credit_card_bills",
    "fact_id": "00000000-0000-0000-0000-00000000001f",
    "account_id": "00000000-0000-0000-0000-000000000003",
    "source_ref": "fixture:131",
    "evidence_id": "00000000-0000-0000-0000-0...

Ignored nodes: comments, script, style
[36m<html>[39m
  [36m<head />[39m
  [36m<body>[39m
    [36m<div>[39m
      [36m<section[39m
        [33maria-label[39m=[32m"周期日历规律候选"[39m
        [33mclass[39m=[32m"panel"[39m
      [36m>[39m
        [36m<h2>[39m
          [0m可能需要持续预留的规律[0m
        [36m</h2>[39m
        [36m<p>[39m
          [0m从原银行历史比较月、月底和周周期。这只是建议；不会建立义务、收款关系或资金权限，不是真实资金执行。[0m
        [36m</p>[39m
        [36m<fieldset>[39m
          [36m<legend>[39m
            [0m历史发现选项[0m
          [36m</legend>[39m
          [36m<label>[39m
            [0m回看天数[0m
            [36m<input[39m
              [33mmax[39m=[32m"365"[39m
              [33mmin[39m=[32m"1"[39m
              [33mtype[39m=[32m"number"[39m
              [33mvalue[39m=[32m"95"[39m
            [36m/>[39m
          [36m</label>[39m
          [36m<label>[39m
            [0m最少连续周期[0m
            [36m<input[39m
              [33mmax[39m=[32m"12"[39m
              [33mmin[39m=[32m"3"[39m
              [33mtype[39m=[32m"number"[39m
              [33mvalue[39m=[32m"3"[39m
            [36m/>[39m
          [36m</label>[39m
          [36m<label>[39m
            [0m日期跨度上限（天）[0m
            [36m<input[39m
              [33mmax[39m=[32m"2"[39m
              [33mmin[39m=[32m"0"[39m
              [33mtype[39m=[32m"number"[39m
              [33mvalue[39m=[32m"2"[39m
            [36m/>[39m
          [36m</label>[39m
          [36m<label>[39m
            [0m金额变异系数上限（基点）[0m
            [36m<input[39m
              [33mmax[39m=[32m"1000"[39m
              [33mmin[39m=[32m"0"[39m
              [33mtype[39m=[32m"number"[39m
              [33mvalue[39m=[32m"1000"[39m
            [36m/>[39m
          [36m</label>[39m
        [36m</fieldset>[39m
        [36m<button[39m
          [33mtype[39m=[32m"button"[39m
        [36m>[39m
          [0m读取并比较周期[0m
        [36m</button>[39m
        [36m<p>[39m
          [0m原用户 [0m
          [0m00000000-0000-0000-0000-000000000001[0m
          [0m · 原开放期 [0m
          [0m00000000-0000-0000-0000-000000000320[0m
          [0m · 服务时点 [0m
          [0m2026-10-03T16:00:00Z[0m
        [36m</p>[39m
        [36m<p>[39m
          [0m历史 [0m
          [0m2026-07-01[0m
          [0m 至 [0m
          [0m2026-10-03[0m
          [0m；覆盖 [0m
          [0m原交易覆盖核对通过[0m
          [0m。账单仅为已观察序列，完整审计和独立经济验真未在此证明。[0m
        [36m</p>[39m
        [36m<p>[39m
          [0m原组 × 日历假设共 [0m
          [0m9[0m
          [0m 项；普通/不合格消费排除 [0m
          [0m2[0m
          [0m 项。[0m
        [36m</p>[39m
        [36m<label>[39m
          [0m显示的日历假设[0m
          [36m<select>[39m
            [36m<option[39m
              [33mvalue[39m=[32m"ALL"[39m
            [36m>[39m
              [0m全部假设与不成立原因[0m
            [36m</option>[39m
            [36m<option[39m
              [33mvalue[39m=[32m"MONTHLY_DATE"[39m
            [36m>[39m
              [0m每月固定日期附近[0m
            [36m</option>[39m
            [36m<option[39m
              [33mvalue[39m=[32m"MONTH_END"[39m
            [36m>[39m
              [0m相对月底[0m
            [36m</option>[39m
            [36m<option[39m
              [33mvalue[39m=[32m"WEEKLY"[39m
            [36m>[39m
              [0m每周固定日期附近[0m
            [36m</option>[39m
          [36m</select>[39m
        [36m</label>[39m
        [36m<article[39m
          [33mclass[39m=[32m"panel"[39m
        [36m>[39m
          [36m<h3>[39m
            [0m每月固定日期附近[0m
            [0m · [0m
            [0mCREDIT_CARD_BILL[0m
          [36m</h3>[39m
          [36m<p>[39m
            [0m原账户 [0m
            [0m00000000-0000-0000-0000-000000000003[0m
            [0m · 原收款标识 [0m
            [0mcredit-card:00000000-0000-0000-0000-000000000003[0m
          [36m</p>[39m
          [36m<p>[39m
            [0mINSUFFICIENT_HISTORY[0m
            [0m · [0m
            [0mNOT_READY[0m
            [0m · [0m
            [0m2[0m
            [0m 周期 / [0m
            [0m2[0m
            [0m 原样本；日期跨度 [0m
            [0m0[0m
            [0m 天[0m
          [36m</p>[39m
          [36m<p>[39m
            [0m观察金额 ¥[0m
            [0m120.00[0m
            [0m—¥[0m
            [0m135.00[0m
            [0m；均值 [0m
            [0m12750[0m
            [0m 分，方差 [0m
            [0m562500[0m
            [0m 分²，CV² [0m
            [0m1/289[0m
            [0m。[0m
          [36m</p>[39m
          [36m<p>[39m
            [0m建议每月 20 日[0m
            [0m；下次日期假设 [0m
            [0mUNKNOWN[0m
            [0m，不是已开账单。[0m
          [36m</p>[39m
          [36m<p>[39m
            [0m来源范围 [0m
            [0mOBSERVED_BILLS_ONLY[0m
            [0m；[0m
            [0mINSUFFICIENT_CYCLES[0m
            [0m。[0m
          [36m</p>[39m
          [36m<details>[39m
            [36m<summary>[39m
              [0m全部 [0m
              [0m2[0m
              [0m 原样本与来源[0m
            [36m</summary>[39m
            [36m<div>[39m
              [36m<p>[39m
                [0m2026-08-20[0m
                [0m · ¥[0m
                [0m120.00[0m
                [0m · 原 fact [0m
                [0m00000000-0000-0000-0000-00000000001e[0m
                [0m · evidence [0m
                [0m00000000-0000-0000-0000-000000000082[0m
              [36m</p>[39m
              [36m<pre>[39m
                [0m{
  "kind": "CREDIT_CARD_BILL",
  "account_id": "00000000-0000-0000-0000-000000000003",
  "payee_ref": "credit-card:00000000-0000-0000-0000-000000000003",
  "occurred_on": "2026-08-20",
  "amount_cents": 12000,
  "source": {
    "fact_type": "credit_card_bills",
    "fact_id": "00000000-0000-0000-0000-00000000001e",
    "account_id": "00000000-0000-0000-0000-000000000003",
    "source_ref": "fixture:130",
    "evidence_id": "00000000-0000-0000-0000-000000000082",
    "evidence_hash": "5ee5b83266d1616cdc7da7e4726d0e199aae2dd3b5b94d0a12ee05a16d2f78b1",
    "evidence_source_type": "SIMULATED_CREDIT_CARD_BILL",
    "evidence_source_ref": "fixture:130",
    "evidence_observed_at": "2026-10-03T16:00:00+00:00",
    "fact": {
      "total_cents": 12000,
      "paid_cents": 0,
      "statement_date": "2026-08-01",
      "due_date": "2026-08-20",
      "status": "UNPAID",
      "minimum_due_cents": 1200
    }
  },
  "supporting_sources": []
}[0m
              [36m</pre>[39m
            [36m</div>[39m
            [36m<div>[39m
              [36m<p>[39m
                [0m2026-09-20[0m
                [0m · ¥[0m
                [0m135.00[0m
                [0m · 原 fact [0m
                [0m00000000-0000-0000-0000-00000000001f[0m
                [0m · evidence [0m
                [0m00000000-0000-0000-0000-000000000083[0m
              [36m</p>[39m
              [36m<pre>[39m
                [0m{
  "kind": "CREDIT_CARD_BILL",
  ...
   ✓ UNKNOWN original coverage remains visible and has no candidate handoff 73ms

⎯⎯⎯⎯⎯⎯⎯ Failed Tests 5 ⎯⎯⎯⎯⎯⎯⎯

 FAIL  src/api/calendar-periodic-suggestions.test.ts > consumes actual-service-shaped complete sources and valid short-month due_day31 only as advice
AssertionError: expected 'MONTHLY_DATE' to be 'MONTH_END' // Object.is equality

Expected: "MONTH_END"
Received: "MONTHLY_DATE"

 ❯ src/api/calendar-periodic-suggestions.test.ts:11:35
      9|   expect(parsed.patterns).toHaveLength(9);
     10|   const ready = parsed.patterns.find((p) => p.candidate_support === 'A…
     11|   expect(ready?.schedule.cadence).toBe('MONTH_END'); expect(ready?.can…
       |                                   ^
     12|   expect(ready?.samples).toHaveLength(3); expect(parsed.future_obligat…
     13| });

⎯⎯⎯⎯⎯⎯⎯⎯⎯⎯⎯⎯⎯⎯⎯⎯⎯⎯⎯⎯⎯⎯⎯⎯[1/5]⎯

 FAIL  src/components/CalendarPeriodicSuggestionsPanel.test.tsx > explicitly reads actual candidates/all source denominator without POST/obligation/financial completion
TestingLibraryElementError: Found multiple elements with the role "button" and name "打开声明复核"

Here are the matching elements:

Ignored nodes: comments, script, style
[36m<button[39m
  [33mtype[39m=[32m"button"[39m
[36m>[39m
  [0m打开声明复核[0m
[36m</button>[39m

Ignored nodes: comments, script, style
[36m<button[39m
  [33mtype[39m=[32m"button"[39m
[36m>[39m
  [0m打开声明复核[0m
[36m</button>[39m

(If this is intentional, then use the `*AllBy*` variant of the query (like `queryAllByText`, `getAllByText`, or `findAllByText`)).

Ignored nodes: comments, script, style
[36m<body>[39m
  [36m<div>[39m
    [36m<section[39m
      [33maria-label[39m=[32m"周期日历规律候选"[39m
      [33mclass[39m=[32m"panel"[39m
    [36m>[39m
      [36m<h2>[39m
        [0m可能需要持续预留的规律[0m
      [36m</h2>[39m
      [36m<p>[39m
        [0m从原银行历史比较月、月底和周周期。这只是建议；不会建立义务、收款关系或资金权限，不是真实资金执行。[0m
      [36m</p>[39m
      [36m<fieldset>[39m
        [36m<legend>[39m
          [0m历史发现选项[0m
        [36m</legend>[39m
        [36m<label>[39m
          [0m回看天数[0m
          [36m<input[39m
            [33mmax[39m=[32m"365"[39m
            [33mmin[39m=[32m"1"[39m
            [33mtype[39m=[32m"number"[39m
            [33mvalue[39m=[32m"95"[39m
          [36m/>[39m
        [36m</label>[39m
        [36m<label>[39m
          [0m最少连续周期[0m
          [36m<input[39m
            [33mmax[39m=[32m"12"[39m
            [33mmin[39m=[32m"3"[39m
            [33mtype[39m=[32m"number"[39m
            [33mvalue[39m=[32m"3"[39m
          [36m/>[39m
        [36m</label>[39m
        [36m<label>[39m
          [0m日期跨度上限（天）[0m
          [36m<input[39m
            [33mmax[39m=[32m"2"[39m
            [33mmin[39m=[32m"0"[39m
            [33mtype[39m=[32m"number"[39m
            [33mvalue[39m=[32m"2"[39m
          [36m/>[39m
        [36m</label>[39m
        [36m<label>[39m
          [0m金额变异系数上限（基点）[0m
          [36m<input[39m
            [33mmax[39m=[32m"1000"[39m
            [33mmin[39m=[32m"0"[39m
            [33mtype[39m=[32m"number"[39m
            [33mvalue[39m=[32m"1000"[39m
          [36m/>[39m
        [36m</label>[39m
      [36m</fieldset>[39m
      [36m<button[39m
        [33mtype[39m=[32m"button"[39m
      [36m>[39m
        [0m读取并比较周期[0m
      [36m</button>[39m
      [36m<p>[39m
        [0m原用户 [0m
        [0m00000000-0000-0000-0000-000000000001[0m
        [0m · 原开放期 [0m
        [0m00000000-0000-0000-0000-000000000320[0m
        [0m · 服务时点 [0m
        [0m2026-10-03T16:00:00Z[0m
      [36m</p>[39m
      [36m<p>[39m
        [0m历史 [0m
        [0m2026-07-01[0m
        [0m 至 [0m
        [0m2026-10-03[0m
        [0m；覆盖 [0m
        [0m原交易覆盖核对通过[0m
        [0m。账单仅为已观察序列，完整审计和独立经济验真未在此证明。[0m
      [36m</p>[39m
      [36m<p>[39m
        [0m原组 × 日历假设共 [0m
        [0m9[0m
        [0m 项；普通/不合格消费排除 [0m
        [0m2[0m
        [0m 项。[0m
      [36m</p>[39m
      [36m<label>[39m
        [0m显示的日历假设[0m
        [36m<select>[39m
          [36m<option[39m
            [33mvalue[39m=[32m"ALL"[39m
          [36m>[39m
            [0m全部假设与不成立原因[0m
          [36m</option>[39m
          [36m<option[39m
            [33mvalue[39m=[32m"MONTHLY_DATE"[39m
          [36m>[39m
            [0m每月固定日期附近[0m
          [36m</option>[39m
          [36m<option[39m
            [33mvalue[39m=[32m"MONTH_END"[39m
          [36m>[39m
            [0m相对月底[0m
          [36m</option>[39m
          [36m<option[39m
            [33mvalue[39m=[32m"WEEKLY"[39m
          [36m>[39m
            [0m每周固定日期附近[0m
          [36m</option>[39m
        [36m</select>[39m
      [36m</label>[39m
      [36m<article[39m
        [33mclass[39m=[32m"panel"[39m
      [36m>[39m
        [36m<h3>[39m
          [0m每月固定日期附近[0m
          [0m · [0m
          [0mCREDIT_CARD_BILL[0m
        [36m</h3>[39m
        [36m<p>[39m
          [0m原账户 [0m
          [0m00000000-0000-0000-0000-000000000003[0m
          [0m · 原收款标识 [0m
          [0mcredit-card:00000000-0000-0000-0000-000000000003[0m
        [36m</p>[39m
        [36m<p>[39m
          [0mINSUFFICIENT_HISTORY[0m
          [0m · [0m
          [0mNOT_READY[0m
          [0m · [0m
          [0m2[0m
          [0m 周期 / [0m
          [0m2[0m
          [0m 原样本；日期跨度 [0m
          [0m0[0m
          [0m 天[0m
        [36m</p>[39m
        [36m<p>[39m
          [0m观察金额 ¥[0m
          [0m120.00[0m
          [0m—¥[0m
          [0m135.00[0m
          [0m；均值 [0m
          [0m12750[0m
          [0m 分，方差 [0m
          [0m562500[0m
          [0m 分²，CV² [0m
          [0m1/289[0m
          [0m。[0m
        [36m</p>[39m
        [36m<p>[39m
          [0m建议每月 20 日[0m
          [0m；下次日期假设 [0m
          [0mUNKNOWN[0m
          [0m，不是已开账单。[0m
        [36m</p>[39m
        [36m<p>[39m
          [0m来源范围 [0m
          [0mOBSERVED_BILLS_ONLY[0m
          [0m；[0m
          [0mINSUFFICIENT_CYCLES[0m
          [0m。[0m
        [36m</p>[39m
        [36m<details>[39m
          [36m<summary>[39m
            [0m全部 [0m
            [0m2[0m
            [0m 原样本与来源[0m
          [36m</summary>[39m
          [36m<div>[39m
            [36m<p>[39m
              [0m2026-08-20[0m
              [0m · ¥[0m
              [0m120.00[0m
              [0m · 原 fact [0m
              [0m00000000-0000-0000-0000-00000000001e[0m
              [0m · evidence [0m
              [0m00000000-0000-0000-0000-000000000082[0m
            [36m</p>[39m
            [36m<pre>[39m
              [0m{
  "kind": "CREDIT_CARD_BILL",
  "account_id": "00000000-0000-0000-0000-000000000003",
  "payee_ref": "credit-card:00000000-0000-0000-0000-000000000003",
  "occurred_on": "2026-08-20",
  "amount_cents": 12000,
  "source": {
    "fact_type": "credit_card_bills",
    "fact_id": "00000000-0000-0000-0000-00000000001e",
    "account_id": "00000000-0000-0000-0000-000000000003",
    "source_ref": "fixture:130",
    "evidence_id": "00000000-0000-0000-0000-000000000082",
    "evidence_hash": "5ee5b83266d1616cdc7da7e4726d0e199aae2dd3b5b94d0a12ee05a16d2f78b1",
    "evidence_source_type": "SIMULATED_CREDIT_CARD_BILL",
    "evidence_source_ref": "fixture:130",
    "evidence_observed_at": "2026-10-03T16:00:00+00:00",
    "fact": {
      "total_cents": 12000,
      "paid_cents": 0,
      "statement_date": "2026-08-01",
      "due_date": "2026-08-20",
      "status": "UNPAID",
      "minimum_due_cents": 1200
    }
  },
  "supporting_sources": []
}[0m
            [36m</pre>[39m
          [36m</div>[39m
          [36m<div>[39m
            [36m<p>[39m
              [0m2026-09-20[0m
              [0m · ¥[0m
              [0m135.00[0m
              [0m · 原 fact [0m
              [0m00000000-0000-0000-0000-00000000001f[0m
              [0m · evidence [0m
              [0m00000000-0000-0000-0000-000000000083[0m
            [36m</p>[39m
            [36m<pre>[39m
              [0m{
  "kind": "CREDIT_CARD_BILL",
  "account_id": "00000000-0000-0000-0000-000000000003",
  "payee_ref": "credit-card:00000000-0000-0000-0000-000000000003",
  "occurred_on": "2026-09-20",
  "amount_cents": 13500,
  "source": {
    "fact_type": "credit_card_bills",
    "fact_id": "00000000-0000-0000-0000-00000000001f",
    "account_id": "00000000-0000-0000-0000-000000000003",
    "source_ref": "fixture:131",
    "evidence_id": "00000000-0000-0000-0000-0...

Ignored nodes: comments, script, style
[36m<html>[39m
  [36m<head />[39m
  [36m<body>[39m
    [36m<div>[39m
      [36m<section[39m
        [33maria-label[39m=[32m"周期日历规律候选"[39m
        [33mclass[39m=[32m"panel"[39m
      [36m>[39m
        [36m<h2>[39m
          [0m可能需要持续预留的规律[0m
        [36m</h2>[39m
        [36m<p>[39m
          [0m从原银行历史比较月、月底和周周期。这只是建议；不会建立义务、收款关系或资金权限，不是真实资金执行。[0m
        [36m</p>[39m
        [36m<fieldset>[39m
          [36m<legend>[39m
            [0m历史发现选项[0m
          [36m</legend>[39m
          [36m<label>[39m
            [0m回看天数[0m
            [36m<input[39m
              [33mmax[39m=[32m"365"[39m
              [33mmin[39m=[32m"1"[39m
              [33mtype[39m=[32m"number"[39m
              [33mvalue[39m=[32m"95"[39m
            [36m/>[39m
          [36m</label>[39m
          [36m<label>[39m
            [0m最少连续周期[0m
            [36m<input[39m
              [33mmax[39m=[32m"12"[39m
              [33mmin[39m=[32m"3"[39m
              [33mtype[39m=[32m"number"[39m
              [33mvalue[39m=[32m"3"[39m
            [36m/>[39m
          [36m</label>[39m
          [36m<label>[39m
            [0m日期跨度上限（天）[0m
            [36m<input[39m
              [33mmax[39m=[32m"2"[39m
              [33mmin[39m=[32m"0"[39m
              [33mtype[39m=[32m"number"[39m
              [33mvalue[39m=[32m"2"[39m
            [36m/>[39m
          [36m</label>[39m
          [36m<label>[39m
            [0m金额变异系数上限（基点）[0m
            [36m<input[39m
              [33mmax[39m=[32m"1000"[39m
              [33mmin[39m=[32m"0"[39m
              [33mtype[39m=[32m"number"[39m
              [33mvalue[39m=[32m"1000"[39m
            [36m/>[39m
          [36m</label>[39m
        [36m</fieldset>[39m
        [36m<button[39m
          [33mtype[39m=[32m"button"[39m
        [36m>[39m
          [0m读取并比较周期[0m
        [36m</button>[39m
        [36m<p>[39m
          [0m原用户 [0m
          [0m00000000-0000-0000-0000-000000000001[0m
          [0m · 原开放期 [0m
          [0m00000000-0000-0000-0000-000000000320[0m
          [0m · 服务时点 [0m
          [0m2026-10-03T16:00:00Z[0m
        [36m</p>[39m
        [36m<p>[39m
          [0m历史 [0m
          [0m2026-07-01[0m
          [0m 至 [0m
          [0m2026-10-03[0m
          [0m；覆盖 [0m
          [0m原交易覆盖核对通过[0m
          [0m。账单仅为已观察序列，完整审计和独立经济验真未在此证明。[0m
        [36m</p>[39m
        [36m<p>[39m
          [0m原组 × 日历假设共 [0m
          [0m9[0m
          [0m 项；普通/不合格消费排除 [0m
          [0m2[0m
          [0m 项。[0m
        [36m</p>[39m
        [36m<label>[39m
          [0m显示的日历假设[0m
          [36m<select>[39m
            [36m<option[39m
              [33mvalue[39m=[32m"ALL"[39m
            [36m>[39m
              [0m全部假设与不成立原因[0m
            [36m</option>[39m
            [36m<option[39m
              [33mvalue[39m=[32m"MONTHLY_DATE"[39m
            [36m>[39m
              [0m每月固定日期附近[0m
            [36m</option>[39m
            [36m<option[39m
              [33mvalue[39m=[32m"MONTH_END"[39m
            [36m>[39m
              [0m相对月底[0m
            [36m</option>[39m
            [36m<option[39m
              [33mvalue[39m=[32m"WEEKLY"[39m
            [36m>[39m
              [0m每周固定日期附近[0m
            [36m</option>[39m
          [36m</select>[39m
        [36m</label>[39m
        [36m<article[39m
          [33mclass[39m=[32m"panel"[39m
        [36m>[39m
          [36m<h3>[39m
            [0m每月固定日期附近[0m
            [0m · [0m
            [0mCREDIT_CARD_BILL[0m
          [36m</h3>[39m
          [36m<p>[39m
            [0m原账户 [0m
            [0m00000000-0000-0000-0000-000000000003[0m
            [0m · 原收款标识 [0m
            [0mcredit-card:00000000-0000-0000-0000-000000000003[0m
          [36m</p>[39m
          [36m<p>[39m
            [0mINSUFFICIENT_HISTORY[0m
            [0m · [0m
            [0mNOT_READY[0m
            [0m · [0m
            [0m2[0m
            [0m 周期 / [0m
            [0m2[0m
            [0m 原样本；日期跨度 [0m
            [0m0[0m
            [0m 天[0m
          [36m</p>[39m
          [36m<p>[39m
            [0m观察金额 ¥[0m
            [0m120.00[0m
            [0m—¥[0m
            [0m135.00[0m
            [0m；均值 [0m
            [0m12750[0m
            [0m 分，方差 [0m
            [0m562500[0m
            [0m 分²，CV² [0m
            [0m1/289[0m
            [0m。[0m
          [36m</p>[39m
          [36m<p>[39m
            [0m建议每月 20 日[0m
            [0m；下次日期假设 [0m
            [0mUNKNOWN[0m
            [0m，不是已开账单。[0m
          [36m</p>[39m
          [36m<p>[39m
            [0m来源范围 [0m
            [0mOBSERVED_BILLS_ONLY[0m
            [0m；[0m
            [0mINSUFFICIENT_CYCLES[0m
            [0m。[0m
          [36m</p>[39m
          [36m<details>[39m
            [36m<summary>[39m
              [0m全部 [0m
              [0m2[0m
              [0m 原样本与来源[0m
            [36m</summary>[39m
            [36m<div>[39m
              [36m<p>[39m
                [0m2026-08-20[0m
                [0m · ¥[0m
                [0m120.00[0m
                [0m · 原 fact [0m
                [0m00000000-0000-0000-0000-00000000001e[0m
                [0m · evidence [0m
                [0m00000000-0000-0000-0000-000000000082[0m
              [36m</p>[39m
              [36m<pre>[39m
                [0m{
  "kind": "CREDIT_CARD_BILL",
  "account_id": "00000000-0000-0000-0000-000000000003",
  "payee_ref": "credit-card:00000000-0000-0000-0000-000000000003",
  "occurred_on": "2026-08-20",
  "amount_cents": 12000,
  "source": {
    "fact_type": "credit_card_bills",
    "fact_id": "00000000-0000-0000-0000-00000000001e",
    "account_id": "00000000-0000-0000-0000-000000000003",
    "source_ref": "fixture:130",
    "evidence_id": "00000000-0000-0000-0000-000000000082",
    "evidence_hash": "5ee5b83266d1616cdc7da7e4726d0e199aae2dd3b5b94d0a12ee05a16d2f78b1",
    "evidence_source_type": "SIMULATED_CREDIT_CARD_BILL",
    "evidence_source_ref": "fixture:130",
    "evidence_observed_at": "2026-10-03T16:00:00+00:00",
    "fact": {
      "total_cents": 12000,
      "paid_cents": 0,
      "statement_date": "2026-08-01",
      "due_date": "2026-08-20",
      "status": "UNPAID",
      "minimum_due_cents": 1200
    }
  },
  "supporting_sources": []
}[0m
              [36m</pre>[39m
            [36m</div>[39m
            [36m<div>[39m
              [36m<p>[39m
                [0m2026-09-20[0m
                [0m · ¥[0m
                [0m135.00[0m
                [0m · 原 fact [0m
                [0m00000000-0000-0000-0000-00000000001f[0m
                [0m · evidence [0m
                [0m00000000-0000-0000-0000-000000000083[0m
              [36m</p>[39m
              [36m<pre>[39m
                [0m{
  "kind": "CREDIT_CARD_BILL",
  ...
 ❯ waitForWrapper ../../node_modules/.pnpm/@testing-library+dom@10.4.2/node_modules/@testing-library/dom/dist/wait-for.js:163:27
 ❯ read src/components/CalendarPeriodicSuggestionsPanel.test.tsx:13:9
     11|   fireEvent.change(screen.getByLabelText('回看天数'), { target: { value: '…
     12|   fireEvent.click(screen.getByRole('button', { name: '读取并比较周期' }));
     13|   await waitFor(() => expect(screen.getByRole('button', { name: '打开声明复…
       |         ^
     14|   return { r, fetch, onReviewCandidate };
     15| }
 ❯ src/components/CalendarPeriodicSuggestionsPanel.test.tsx:17:27

⎯⎯⎯⎯⎯⎯⎯⎯⎯⎯⎯⎯⎯⎯⎯⎯⎯⎯⎯⎯⎯⎯⎯⎯[2/5]⎯

 FAIL  src/components/CalendarPeriodicSuggestionsPanel.test.tsx > review is only an explicit draft handoff carrying exact original owner/epoch/config/source
TestingLibraryElementError: Found multiple elements with the role "button" and name "打开声明复核"

Here are the matching elements:

Ignored nodes: comments, script, style
[36m<button[39m
  [33mtype[39m=[32m"button"[39m
[36m>[39m
  [0m打开声明复核[0m
[36m</button>[39m

Ignored nodes: comments, script, style
[36m<button[39m
  [33mtype[39m=[32m"button"[39m
[36m>[39m
  [0m打开声明复核[0m
[36m</button>[39m

(If this is intentional, then use the `*AllBy*` variant of the query (like `queryAllByText`, `getAllByText`, or `findAllByText`)).

Ignored nodes: comments, script, style
[36m<body>[39m
  [36m<div>[39m
    [36m<section[39m
      [33maria-label[39m=[32m"周期日历规律候选"[39m
      [33mclass[39m=[32m"panel"[39m
    [36m>[39m
      [36m<h2>[39m
        [0m可能需要持续预留的规律[0m
      [36m</h2>[39m
      [36m<p>[39m
        [0m从原银行历史比较月、月底和周周期。这只是建议；不会建立义务、收款关系或资金权限，不是真实资金执行。[0m
      [36m</p>[39m
      [36m<fieldset>[39m
        [36m<legend>[39m
          [0m历史发现选项[0m
        [36m</legend>[39m
        [36m<label>[39m
          [0m回看天数[0m
          [36m<input[39m
            [33mmax[39m=[32m"365"[39m
            [33mmin[39m=[32m"1"[39m
            [33mtype[39m=[32m"number"[39m
            [33mvalue[39m=[32m"95"[39m
          [36m/>[39m
        [36m</label>[39m
        [36m<label>[39m
          [0m最少连续周期[0m
          [36m<input[39m
            [33mmax[39m=[32m"12"[39m
            [33mmin[39m=[32m"3"[39m
            [33mtype[39m=[32m"number"[39m
            [33mvalue[39m=[32m"3"[39m
          [36m/>[39m
        [36m</label>[39m
        [36m<label>[39m
          [0m日期跨度上限（天）[0m
          [36m<input[39m
            [33mmax[39m=[32m"2"[39m
            [33mmin[39m=[32m"0"[39m
            [33mtype[39m=[32m"number"[39m
            [33mvalue[39m=[32m"2"[39m
          [36m/>[39m
        [36m</label>[39m
        [36m<label>[39m
          [0m金额变异系数上限（基点）[0m
          [36m<input[39m
            [33mmax[39m=[32m"1000"[39m
            [33mmin[39m=[32m"0"[39m
            [33mtype[39m=[32m"number"[39m
            [33mvalue[39m=[32m"1000"[39m
          [36m/>[39m
        [36m</label>[39m
      [36m</fieldset>[39m
      [36m<button[39m
        [33mtype[39m=[32m"button"[39m
      [36m>[39m
        [0m读取并比较周期[0m
      [36m</button>[39m
      [36m<p>[39m
        [0m原用户 [0m
        [0m00000000-0000-0000-0000-000000000001[0m
        [0m · 原开放期 [0m
        [0m00000000-0000-0000-0000-000000000320[0m
        [0m · 服务时点 [0m
        [0m2026-10-03T16:00:00Z[0m
      [36m</p>[39m
      [36m<p>[39m
        [0m历史 [0m
        [0m2026-07-01[0m
        [0m 至 [0m
        [0m2026-10-03[0m
        [0m；覆盖 [0m
        [0m原交易覆盖核对通过[0m
        [0m。账单仅为已观察序列，完整审计和独立经济验真未在此证明。[0m
      [36m</p>[39m
      [36m<p>[39m
        [0m原组 × 日历假设共 [0m
        [0m9[0m
        [0m 项；普通/不合格消费排除 [0m
        [0m2[0m
        [0m 项。[0m
      [36m</p>[39m
      [36m<label>[39m
        [0m显示的日历假设[0m
        [36m<select>[39m
          [36m<option[39m
            [33mvalue[39m=[32m"ALL"[39m
          [36m>[39m
            [0m全部假设与不成立原因[0m
          [36m</option>[39m
          [36m<option[39m
            [33mvalue[39m=[32m"MONTHLY_DATE"[39m
          [36m>[39m
            [0m每月固定日期附近[0m
          [36m</option>[39m
          [36m<option[39m
            [33mvalue[39m=[32m"MONTH_END"[39m
          [36m>[39m
            [0m相对月底[0m
          [36m</option>[39m
          [36m<option[39m
            [33mvalue[39m=[32m"WEEKLY"[39m
          [36m>[39m
            [0m每周固定日期附近[0m
          [36m</option>[39m
        [36m</select>[39m
      [36m</label>[39m
      [36m<article[39m
        [33mclass[39m=[32m"panel"[39m
      [36m>[39m
        [36m<h3>[39m
          [0m每月固定日期附近[0m
          [0m · [0m
          [0mCREDIT_CARD_BILL[0m
        [36m</h3>[39m
        [36m<p>[39m
          [0m原账户 [0m
          [0m00000000-0000-0000-0000-000000000003[0m
          [0m · 原收款标识 [0m
          [0mcredit-card:00000000-0000-0000-0000-000000000003[0m
        [36m</p>[39m
        [36m<p>[39m
          [0mINSUFFICIENT_HISTORY[0m
          [0m · [0m
          [0mNOT_READY[0m
          [0m · [0m
          [0m2[0m
          [0m 周期 / [0m
          [0m2[0m
          [0m 原样本；日期跨度 [0m
          [0m0[0m
          [0m 天[0m
        [36m</p>[39m
        [36m<p>[39m
          [0m观察金额 ¥[0m
          [0m120.00[0m
          [0m—¥[0m
          [0m135.00[0m
          [0m；均值 [0m
          [0m12750[0m
          [0m 分，方差 [0m
          [0m562500[0m
          [0m 分²，CV² [0m
          [0m1/289[0m
          [0m。[0m
        [36m</p>[39m
        [36m<p>[39m
          [0m建议每月 20 日[0m
          [0m；下次日期假设 [0m
          [0mUNKNOWN[0m
          [0m，不是已开账单。[0m
        [36m</p>[39m
        [36m<p>[39m
          [0m来源范围 [0m
          [0mOBSERVED_BILLS_ONLY[0m
          [0m；[0m
          [0mINSUFFICIENT_CYCLES[0m
          [0m。[0m
        [36m</p>[39m
        [36m<details>[39m
          [36m<summary>[39m
            [0m全部 [0m
            [0m2[0m
            [0m 原样本与来源[0m
          [36m</summary>[39m
          [36m<div>[39m
            [36m<p>[39m
              [0m2026-08-20[0m
              [0m · ¥[0m
              [0m120.00[0m
              [0m · 原 fact [0m
              [0m00000000-0000-0000-0000-00000000001e[0m
              [0m · evidence [0m
              [0m00000000-0000-0000-0000-000000000082[0m
            [36m</p>[39m
            [36m<pre>[39m
              [0m{
  "kind": "CREDIT_CARD_BILL",
  "account_id": "00000000-0000-0000-0000-000000000003",
  "payee_ref": "credit-card:00000000-0000-0000-0000-000000000003",
  "occurred_on": "2026-08-20",
  "amount_cents": 12000,
  "source": {
    "fact_type": "credit_card_bills",
    "fact_id": "00000000-0000-0000-0000-00000000001e",
    "account_id": "00000000-0000-0000-0000-000000000003",
    "source_ref": "fixture:130",
    "evidence_id": "00000000-0000-0000-0000-000000000082",
    "evidence_hash": "5ee5b83266d1616cdc7da7e4726d0e199aae2dd3b5b94d0a12ee05a16d2f78b1",
    "evidence_source_type": "SIMULATED_CREDIT_CARD_BILL",
    "evidence_source_ref": "fixture:130",
    "evidence_observed_at": "2026-10-03T16:00:00+00:00",
    "fact": {
      "total_cents": 12000,
      "paid_cents": 0,
      "statement_date": "2026-08-01",
      "due_date": "2026-08-20",
      "status": "UNPAID",
      "minimum_due_cents": 1200
    }
  },
  "supporting_sources": []
}[0m
            [36m</pre>[39m
          [36m</div>[39m
          [36m<div>[39m
            [36m<p>[39m
              [0m2026-09-20[0m
              [0m · ¥[0m
              [0m135.00[0m
              [0m · 原 fact [0m
              [0m00000000-0000-0000-0000-00000000001f[0m
              [0m · evidence [0m
              [0m00000000-0000-0000-0000-000000000083[0m
            [36m</p>[39m
            [36m<pre>[39m
              [0m{
  "kind": "CREDIT_CARD_BILL",
  "account_id": "00000000-0000-0000-0000-000000000003",
  "payee_ref": "credit-card:00000000-0000-0000-0000-000000000003",
  "occurred_on": "2026-09-20",
  "amount_cents": 13500,
  "source": {
    "fact_type": "credit_card_bills",
    "fact_id": "00000000-0000-0000-0000-00000000001f",
    "account_id": "00000000-0000-0000-0000-000000000003",
    "source_ref": "fixture:131",
    "evidence_id": "00000000-0000-0000-0000-0...

Ignored nodes: comments, script, style
[36m<html>[39m
  [36m<head />[39m
  [36m<body>[39m
    [36m<div>[39m
      [36m<section[39m
        [33maria-label[39m=[32m"周期日历规律候选"[39m
        [33mclass[39m=[32m"panel"[39m
      [36m>[39m
        [36m<h2>[39m
          [0m可能需要持续预留的规律[0m
        [36m</h2>[39m
        [36m<p>[39m
          [0m从原银行历史比较月、月底和周周期。这只是建议；不会建立义务、收款关系或资金权限，不是真实资金执行。[0m
        [36m</p>[39m
        [36m<fieldset>[39m
          [36m<legend>[39m
            [0m历史发现选项[0m
          [36m</legend>[39m
          [36m<label>[39m
            [0m回看天数[0m
            [36m<input[39m
              [33mmax[39m=[32m"365"[39m
              [33mmin[39m=[32m"1"[39m
              [33mtype[39m=[32m"number"[39m
              [33mvalue[39m=[32m"95"[39m
            [36m/>[39m
          [36m</label>[39m
          [36m<label>[39m
            [0m最少连续周期[0m
            [36m<input[39m
              [33mmax[39m=[32m"12"[39m
              [33mmin[39m=[32m"3"[39m
              [33mtype[39m=[32m"number"[39m
              [33mvalue[39m=[32m"3"[39m
            [36m/>[39m
          [36m</label>[39m
          [36m<label>[39m
            [0m日期跨度上限（天）[0m
            [36m<input[39m
              [33mmax[39m=[32m"2"[39m
              [33mmin[39m=[32m"0"[39m
              [33mtype[39m=[32m"number"[39m
              [33mvalue[39m=[32m"2"[39m
            [36m/>[39m
          [36m</label>[39m
          [36m<label>[39m
            [0m金额变异系数上限（基点）[0m
            [36m<input[39m
              [33mmax[39m=[32m"1000"[39m
              [33mmin[39m=[32m"0"[39m
              [33mtype[39m=[32m"number"[39m
              [33mvalue[39m=[32m"1000"[39m
            [36m/>[39m
          [36m</label>[39m
        [36m</fieldset>[39m
        [36m<button[39m
          [33mtype[39m=[32m"button"[39m
        [36m>[39m
          [0m读取并比较周期[0m
        [36m</button>[39m
        [36m<p>[39m
          [0m原用户 [0m
          [0m00000000-0000-0000-0000-000000000001[0m
          [0m · 原开放期 [0m
          [0m00000000-0000-0000-0000-000000000320[0m
          [0m · 服务时点 [0m
          [0m2026-10-03T16:00:00Z[0m
        [36m</p>[39m
        [36m<p>[39m
          [0m历史 [0m
          [0m2026-07-01[0m
          [0m 至 [0m
          [0m2026-10-03[0m
          [0m；覆盖 [0m
          [0m原交易覆盖核对通过[0m
          [0m。账单仅为已观察序列，完整审计和独立经济验真未在此证明。[0m
        [36m</p>[39m
        [36m<p>[39m
          [0m原组 × 日历假设共 [0m
          [0m9[0m
          [0m 项；普通/不合格消费排除 [0m
          [0m2[0m
          [0m 项。[0m
        [36m</p>[39m
        [36m<label>[39m
          [0m显示的日历假设[0m
          [36m<select>[39m
            [36m<option[39m
              [33mvalue[39m=[32m"ALL"[39m
            [36m>[39m
              [0m全部假设与不成立原因[0m
            [36m</option>[39m
            [36m<option[39m
              [33mvalue[39m=[32m"MONTHLY_DATE"[39m
            [36m>[39m
              [0m每月固定日期附近[0m
            [36m</option>[39m
            [36m<option[39m
              [33mvalue[39m=[32m"MONTH_END"[39m
            [36m>[39m
              [0m相对月底[0m
            [36m</option>[39m
            [36m<option[39m
              [33mvalue[39m=[32m"WEEKLY"[39m
            [36m>[39m
              [0m每周固定日期附近[0m
            [36m</option>[39m
          [36m</select>[39m
        [36m</label>[39m
        [36m<article[39m
          [33mclass[39m=[32m"panel"[39m
        [36m>[39m
          [36m<h3>[39m
            [0m每月固定日期附近[0m
            [0m · [0m
            [0mCREDIT_CARD_BILL[0m
          [36m</h3>[39m
          [36m<p>[39m
            [0m原账户 [0m
            [0m00000000-0000-0000-0000-000000000003[0m
            [0m · 原收款标识 [0m
            [0mcredit-card:00000000-0000-0000-0000-000000000003[0m
          [36m</p>[39m
          [36m<p>[39m
            [0mINSUFFICIENT_HISTORY[0m
            [0m · [0m
            [0mNOT_READY[0m
            [0m · [0m
            [0m2[0m
            [0m 周期 / [0m
            [0m2[0m
            [0m 原样本；日期跨度 [0m
            [0m0[0m
            [0m 天[0m
          [36m</p>[39m
          [36m<p>[39m
            [0m观察金额 ¥[0m
            [0m120.00[0m
            [0m—¥[0m
            [0m135.00[0m
            [0m；均值 [0m
            [0m12750[0m
            [0m 分，方差 [0m
            [0m562500[0m
            [0m 分²，CV² [0m
            [0m1/289[0m
            [0m。[0m
          [36m</p>[39m
          [36m<p>[39m
            [0m建议每月 20 日[0m
            [0m；下次日期假设 [0m
            [0mUNKNOWN[0m
            [0m，不是已开账单。[0m
          [36m</p>[39m
          [36m<p>[39m
            [0m来源范围 [0m
            [0mOBSERVED_BILLS_ONLY[0m
            [0m；[0m
            [0mINSUFFICIENT_CYCLES[0m
            [0m。[0m
          [36m</p>[39m
          [36m<details>[39m
            [36m<summary>[39m
              [0m全部 [0m
              [0m2[0m
              [0m 原样本与来源[0m
            [36m</summary>[39m
            [36m<div>[39m
              [36m<p>[39m
                [0m2026-08-20[0m
                [0m · ¥[0m
                [0m120.00[0m
                [0m · 原 fact [0m
                [0m00000000-0000-0000-0000-00000000001e[0m
                [0m · evidence [0m
                [0m00000000-0000-0000-0000-000000000082[0m
              [36m</p>[39m
              [36m<pre>[39m
                [0m{
  "kind": "CREDIT_CARD_BILL",
  "account_id": "00000000-0000-0000-0000-000000000003",
  "payee_ref": "credit-card:00000000-0000-0000-0000-000000000003",
  "occurred_on": "2026-08-20",
  "amount_cents": 12000,
  "source": {
    "fact_type": "credit_card_bills",
    "fact_id": "00000000-0000-0000-0000-00000000001e",
    "account_id": "00000000-0000-0000-0000-000000000003",
    "source_ref": "fixture:130",
    "evidence_id": "00000000-0000-0000-0000-000000000082",
    "evidence_hash": "5ee5b83266d1616cdc7da7e4726d0e199aae2dd3b5b94d0a12ee05a16d2f78b1",
    "evidence_source_type": "SIMULATED_CREDIT_CARD_BILL",
    "evidence_source_ref": "fixture:130",
    "evidence_observed_at": "2026-10-03T16:00:00+00:00",
    "fact": {
      "total_cents": 12000,
      "paid_cents": 0,
      "statement_date": "2026-08-01",
      "due_date": "2026-08-20",
      "status": "UNPAID",
      "minimum_due_cents": 1200
    }
  },
  "supporting_sources": []
}[0m
              [36m</pre>[39m
            [36m</div>[39m
            [36m<div>[39m
              [36m<p>[39m
                [0m2026-09-20[0m
                [0m · ¥[0m
                [0m135.00[0m
                [0m · 原 fact [0m
                [0m00000000-0000-0000-0000-00000000001f[0m
                [0m · evidence [0m
                [0m00000000-0000-0000-0000-000000000083[0m
              [36m</p>[39m
              [36m<pre>[39m
                [0m{
  "kind": "CREDIT_CARD_BILL",
  ...
 ❯ waitForWrapper ../../node_modules/.pnpm/@testing-library+dom@10.4.2/node_modules/@testing-library/dom/dist/wait-for.js:163:27
 ❯ read src/components/CalendarPeriodicSuggestionsPanel.test.tsx:13:9
     11|   fireEvent.change(screen.getByLabelText('回看天数'), { target: { value: '…
     12|   fireEvent.click(screen.getByRole('button', { name: '读取并比较周期' }));
     13|   await waitFor(() => expect(screen.getByRole('button', { name: '打开声明复…
       |         ^
     14|   return { r, fetch, onReviewCandidate };
     15| }
 ❯ src/components/CalendarPeriodicSuggestionsPanel.test.tsx:23:49

⎯⎯⎯⎯⎯⎯⎯⎯⎯⎯⎯⎯⎯⎯⎯⎯⎯⎯⎯⎯⎯⎯⎯⎯[3/5]⎯

 FAIL  src/components/CalendarPeriodicSuggestionsPanel.test.tsx > other original requests block draft handoff while its own history GET remains reachable
TestingLibraryElementError: Found multiple elements with the role "button" and name "打开声明复核"

Here are the matching elements:

Ignored nodes: comments, script, style
[36m<button[39m
  [33mdisabled[39m=[32m""[39m
  [33mtype[39m=[32m"button"[39m
[36m>[39m
  [0m打开声明复核[0m
[36m</button>[39m

Ignored nodes: comments, script, style
[36m<button[39m
  [33mdisabled[39m=[32m""[39m
  [33mtype[39m=[32m"button"[39m
[36m>[39m
  [0m打开声明复核[0m
[36m</button>[39m

(If this is intentional, then use the `*AllBy*` variant of the query (like `queryAllByText`, `getAllByText`, or `findAllByText`)).

Ignored nodes: comments, script, style
[36m<body>[39m
  [36m<div>[39m
    [36m<section[39m
      [33maria-label[39m=[32m"周期日历规律候选"[39m
      [33mclass[39m=[32m"panel"[39m
    [36m>[39m
      [36m<h2>[39m
        [0m可能需要持续预留的规律[0m
      [36m</h2>[39m
      [36m<p>[39m
        [0m从原银行历史比较月、月底和周周期。这只是建议；不会建立义务、收款关系或资金权限，不是真实资金执行。[0m
      [36m</p>[39m
      [36m<fieldset>[39m
        [36m<legend>[39m
          [0m历史发现选项[0m
        [36m</legend>[39m
        [36m<label>[39m
          [0m回看天数[0m
          [36m<input[39m
            [33mmax[39m=[32m"365"[39m
            [33mmin[39m=[32m"1"[39m
            [33mtype[39m=[32m"number"[39m
            [33mvalue[39m=[32m"95"[39m
          [36m/>[39m
        [36m</label>[39m
        [36m<label>[39m
          [0m最少连续周期[0m
          [36m<input[39m
            [33mmax[39m=[32m"12"[39m
            [33mmin[39m=[32m"3"[39m
            [33mtype[39m=[32m"number"[39m
            [33mvalue[39m=[32m"3"[39m
          [36m/>[39m
        [36m</label>[39m
        [36m<label>[39m
          [0m日期跨度上限（天）[0m
          [36m<input[39m
            [33mmax[39m=[32m"2"[39m
            [33mmin[39m=[32m"0"[39m
            [33mtype[39m=[32m"number"[39m
            [33mvalue[39m=[32m"2"[39m
          [36m/>[39m
        [36m</label>[39m
        [36m<label>[39m
          [0m金额变异系数上限（基点）[0m
          [36m<input[39m
            [33mmax[39m=[32m"1000"[39m
            [33mmin[39m=[32m"0"[39m
            [33mtype[39m=[32m"number"[39m
            [33mvalue[39m=[32m"1000"[39m
          [36m/>[39m
        [36m</label>[39m
      [36m</fieldset>[39m
      [36m<button[39m
        [33mtype[39m=[32m"button"[39m
      [36m>[39m
        [0m读取并比较周期[0m
      [36m</button>[39m
      [36m<p>[39m
        [0m原用户 [0m
        [0m00000000-0000-0000-0000-000000000001[0m
        [0m · 原开放期 [0m
        [0m00000000-0000-0000-0000-000000000320[0m
        [0m · 服务时点 [0m
        [0m2026-10-03T16:00:00Z[0m
      [36m</p>[39m
      [36m<p>[39m
        [0m历史 [0m
        [0m2026-07-01[0m
        [0m 至 [0m
        [0m2026-10-03[0m
        [0m；覆盖 [0m
        [0m原交易覆盖核对通过[0m
        [0m。账单仅为已观察序列，完整审计和独立经济验真未在此证明。[0m
      [36m</p>[39m
      [36m<p>[39m
        [0m原组 × 日历假设共 [0m
        [0m9[0m
        [0m 项；普通/不合格消费排除 [0m
        [0m2[0m
        [0m 项。[0m
      [36m</p>[39m
      [36m<label>[39m
        [0m显示的日历假设[0m
        [36m<select>[39m
          [36m<option[39m
            [33mvalue[39m=[32m"ALL"[39m
          [36m>[39m
            [0m全部假设与不成立原因[0m
          [36m</option>[39m
          [36m<option[39m
            [33mvalue[39m=[32m"MONTHLY_DATE"[39m
          [36m>[39m
            [0m每月固定日期附近[0m
          [36m</option>[39m
          [36m<option[39m
            [33mvalue[39m=[32m"MONTH_END"[39m
          [36m>[39m
            [0m相对月底[0m
          [36m</option>[39m
          [36m<option[39m
            [33mvalue[39m=[32m"WEEKLY"[39m
          [36m>[39m
            [0m每周固定日期附近[0m
          [36m</option>[39m
        [36m</select>[39m
      [36m</label>[39m
      [36m<article[39m
        [33mclass[39m=[32m"panel"[39m
      [36m>[39m
        [36m<h3>[39m
          [0m每月固定日期附近[0m
          [0m · [0m
          [0mCREDIT_CARD_BILL[0m
        [36m</h3>[39m
        [36m<p>[39m
          [0m原账户 [0m
          [0m00000000-0000-0000-0000-000000000003[0m
          [0m · 原收款标识 [0m
          [0mcredit-card:00000000-0000-0000-0000-000000000003[0m
        [36m</p>[39m
        [36m<p>[39m
          [0mINSUFFICIENT_HISTORY[0m
          [0m · [0m
          [0mNOT_READY[0m
          [0m · [0m
          [0m2[0m
          [0m 周期 / [0m
          [0m2[0m
          [0m 原样本；日期跨度 [0m
          [0m0[0m
          [0m 天[0m
        [36m</p>[39m
        [36m<p>[39m
          [0m观察金额 ¥[0m
          [0m120.00[0m
          [0m—¥[0m
          [0m135.00[0m
          [0m；均值 [0m
          [0m12750[0m
          [0m 分，方差 [0m
          [0m562500[0m
          [0m 分²，CV² [0m
          [0m1/289[0m
          [0m。[0m
        [36m</p>[39m
        [36m<p>[39m
          [0m建议每月 20 日[0m
          [0m；下次日期假设 [0m
          [0mUNKNOWN[0m
          [0m，不是已开账单。[0m
        [36m</p>[39m
        [36m<p>[39m
          [0m来源范围 [0m
          [0mOBSERVED_BILLS_ONLY[0m
          [0m；[0m
          [0mINSUFFICIENT_CYCLES[0m
          [0m。[0m
        [36m</p>[39m
        [36m<details>[39m
          [36m<summary>[39m
            [0m全部 [0m
            [0m2[0m
            [0m 原样本与来源[0m
          [36m</summary>[39m
          [36m<div>[39m
            [36m<p>[39m
              [0m2026-08-20[0m
              [0m · ¥[0m
              [0m120.00[0m
              [0m · 原 fact [0m
              [0m00000000-0000-0000-0000-00000000001e[0m
              [0m · evidence [0m
              [0m00000000-0000-0000-0000-000000000082[0m
            [36m</p>[39m
            [36m<pre>[39m
              [0m{
  "kind": "CREDIT_CARD_BILL",
  "account_id": "00000000-0000-0000-0000-000000000003",
  "payee_ref": "credit-card:00000000-0000-0000-0000-000000000003",
  "occurred_on": "2026-08-20",
  "amount_cents": 12000,
  "source": {
    "fact_type": "credit_card_bills",
    "fact_id": "00000000-0000-0000-0000-00000000001e",
    "account_id": "00000000-0000-0000-0000-000000000003",
    "source_ref": "fixture:130",
    "evidence_id": "00000000-0000-0000-0000-000000000082",
    "evidence_hash": "5ee5b83266d1616cdc7da7e4726d0e199aae2dd3b5b94d0a12ee05a16d2f78b1",
    "evidence_source_type": "SIMULATED_CREDIT_CARD_BILL",
    "evidence_source_ref": "fixture:130",
    "evidence_observed_at": "2026-10-03T16:00:00+00:00",
    "fact": {
      "total_cents": 12000,
      "paid_cents": 0,
      "statement_date": "2026-08-01",
      "due_date": "2026-08-20",
      "status": "UNPAID",
      "minimum_due_cents": 1200
    }
  },
  "supporting_sources": []
}[0m
            [36m</pre>[39m
          [36m</div>[39m
          [36m<div>[39m
            [36m<p>[39m
              [0m2026-09-20[0m
              [0m · ¥[0m
              [0m135.00[0m
              [0m · 原 fact [0m
              [0m00000000-0000-0000-0000-00000000001f[0m
              [0m · evidence [0m
              [0m00000000-0000-0000-0000-000000000083[0m
            [36m</p>[39m
            [36m<pre>[39m
              [0m{
  "kind": "CREDIT_CARD_BILL",
  "account_id": "00000000-0000-0000-0000-000000000003",
  "payee_ref": "credit-card:00000000-0000-0000-0000-000000000003",
  "occurred_on": "2026-09-20",
  "amount_cents": 13500,
  "source": {
    "fact_type": "credit_card_bills",
    "fact_id": "00000000-0000-0000-0000-00000000001f",
    "account_id": "00000000-0000-0000-0000-000000000003",
    "source_ref": "fixture:131",
    "evidence_id": "00000000-0000-0000-0000-0...

Ignored nodes: comments, script, style
[36m<html>[39m
  [36m<head />[39m
  [36m<body>[39m
    [36m<div>[39m
      [36m<section[39m
        [33maria-label[39m=[32m"周期日历规律候选"[39m
        [33mclass[39m=[32m"panel"[39m
      [36m>[39m
        [36m<h2>[39m
          [0m可能需要持续预留的规律[0m
        [36m</h2>[39m
        [36m<p>[39m
          [0m从原银行历史比较月、月底和周周期。这只是建议；不会建立义务、收款关系或资金权限，不是真实资金执行。[0m
        [36m</p>[39m
        [36m<fieldset>[39m
          [36m<legend>[39m
            [0m历史发现选项[0m
          [36m</legend>[39m
          [36m<label>[39m
            [0m回看天数[0m
            [36m<input[39m
              [33mmax[39m=[32m"365"[39m
              [33mmin[39m=[32m"1"[39m
              [33mtype[39m=[32m"number"[39m
              [33mvalue[39m=[32m"95"[39m
            [36m/>[39m
          [36m</label>[39m
          [36m<label>[39m
            [0m最少连续周期[0m
            [36m<input[39m
              [33mmax[39m=[32m"12"[39m
              [33mmin[39m=[32m"3"[39m
              [33mtype[39m=[32m"number"[39m
              [33mvalue[39m=[32m"3"[39m
            [36m/>[39m
          [36m</label>[39m
          [36m<label>[39m
            [0m日期跨度上限（天）[0m
            [36m<input[39m
              [33mmax[39m=[32m"2"[39m
              [33mmin[39m=[32m"0"[39m
              [33mtype[39m=[32m"number"[39m
              [33mvalue[39m=[32m"2"[39m
            [36m/>[39m
          [36m</label>[39m
          [36m<label>[39m
            [0m金额变异系数上限（基点）[0m
            [36m<input[39m
              [33mmax[39m=[32m"1000"[39m
              [33mmin[39m=[32m"0"[39m
              [33mtype[39m=[32m"number"[39m
              [33mvalue[39m=[32m"1000"[39m
            [36m/>[39m
          [36m</label>[39m
        [36m</fieldset>[39m
        [36m<button[39m
          [33mtype[39m=[32m"button"[39m
        [36m>[39m
          [0m读取并比较周期[0m
        [36m</button>[39m
        [36m<p>[39m
          [0m原用户 [0m
          [0m00000000-0000-0000-0000-000000000001[0m
          [0m · 原开放期 [0m
          [0m00000000-0000-0000-0000-000000000320[0m
          [0m · 服务时点 [0m
          [0m2026-10-03T16:00:00Z[0m
        [36m</p>[39m
        [36m<p>[39m
          [0m历史 [0m
          [0m2026-07-01[0m
          [0m 至 [0m
          [0m2026-10-03[0m
          [0m；覆盖 [0m
          [0m原交易覆盖核对通过[0m
          [0m。账单仅为已观察序列，完整审计和独立经济验真未在此证明。[0m
        [36m</p>[39m
        [36m<p>[39m
          [0m原组 × 日历假设共 [0m
          [0m9[0m
          [0m 项；普通/不合格消费排除 [0m
          [0m2[0m
          [0m 项。[0m
        [36m</p>[39m
        [36m<label>[39m
          [0m显示的日历假设[0m
          [36m<select>[39m
            [36m<option[39m
              [33mvalue[39m=[32m"ALL"[39m
            [36m>[39m
              [0m全部假设与不成立原因[0m
            [36m</option>[39m
            [36m<option[39m
              [33mvalue[39m=[32m"MONTHLY_DATE"[39m
            [36m>[39m
              [0m每月固定日期附近[0m
            [36m</option>[39m
            [36m<option[39m
              [33mvalue[39m=[32m"MONTH_END"[39m
            [36m>[39m
              [0m相对月底[0m
            [36m</option>[39m
            [36m<option[39m
              [33mvalue[39m=[32m"WEEKLY"[39m
            [36m>[39m
              [0m每周固定日期附近[0m
            [36m</option>[39m
          [36m</select>[39m
        [36m</label>[39m
        [36m<article[39m
          [33mclass[39m=[32m"panel"[39m
        [36m>[39m
          [36m<h3>[39m
            [0m每月固定日期附近[0m
            [0m · [0m
            [0mCREDIT_CARD_BILL[0m
          [36m</h3>[39m
          [36m<p>[39m
            [0m原账户 [0m
            [0m00000000-0000-0000-0000-000000000003[0m
            [0m · 原收款标识 [0m
            [0mcredit-card:00000000-0000-0000-0000-000000000003[0m
          [36m</p>[39m
          [36m<p>[39m
            [0mINSUFFICIENT_HISTORY[0m
            [0m · [0m
            [0mNOT_READY[0m
            [0m · [0m
            [0m2[0m
            [0m 周期 / [0m
            [0m2[0m
            [0m 原样本；日期跨度 [0m
            [0m0[0m
            [0m 天[0m
          [36m</p>[39m
          [36m<p>[39m
            [0m观察金额 ¥[0m
            [0m120.00[0m
            [0m—¥[0m
            [0m135.00[0m
            [0m；均值 [0m
            [0m12750[0m
            [0m 分，方差 [0m
            [0m562500[0m
            [0m 分²，CV² [0m
            [0m1/289[0m
            [0m。[0m
          [36m</p>[39m
          [36m<p>[39m
            [0m建议每月 20 日[0m
            [0m；下次日期假设 [0m
            [0mUNKNOWN[0m
            [0m，不是已开账单。[0m
          [36m</p>[39m
          [36m<p>[39m
            [0m来源范围 [0m
            [0mOBSERVED_BILLS_ONLY[0m
            [0m；[0m
            [0mINSUFFICIENT_CYCLES[0m
            [0m。[0m
          [36m</p>[39m
          [36m<details>[39m
            [36m<summary>[39m
              [0m全部 [0m
              [0m2[0m
              [0m 原样本与来源[0m
            [36m</summary>[39m
            [36m<div>[39m
              [36m<p>[39m
                [0m2026-08-20[0m
                [0m · ¥[0m
                [0m120.00[0m
                [0m · 原 fact [0m
                [0m00000000-0000-0000-0000-00000000001e[0m
                [0m · evidence [0m
                [0m00000000-0000-0000-0000-000000000082[0m
              [36m</p>[39m
              [36m<pre>[39m
                [0m{
  "kind": "CREDIT_CARD_BILL",
  "account_id": "00000000-0000-0000-0000-000000000003",
  "payee_ref": "credit-card:00000000-0000-0000-0000-000000000003",
  "occurred_on": "2026-08-20",
  "amount_cents": 12000,
  "source": {
    "fact_type": "credit_card_bills",
    "fact_id": "00000000-0000-0000-0000-00000000001e",
    "account_id": "00000000-0000-0000-0000-000000000003",
    "source_ref": "fixture:130",
    "evidence_id": "00000000-0000-0000-0000-000000000082",
    "evidence_hash": "5ee5b83266d1616cdc7da7e4726d0e199aae2dd3b5b94d0a12ee05a16d2f78b1",
    "evidence_source_type": "SIMULATED_CREDIT_CARD_BILL",
    "evidence_source_ref": "fixture:130",
    "evidence_observed_at": "2026-10-03T16:00:00+00:00",
    "fact": {
      "total_cents": 12000,
      "paid_cents": 0,
      "statement_date": "2026-08-01",
      "due_date": "2026-08-20",
      "status": "UNPAID",
      "minimum_due_cents": 1200
    }
  },
  "supporting_sources": []
}[0m
              [36m</pre>[39m
            [36m</div>[39m
            [36m<div>[39m
              [36m<p>[39m
                [0m2026-09-20[0m
                [0m · ¥[0m
                [0m135.00[0m
                [0m · 原 fact [0m
                [0m00000000-0000-0000-0000-00000000001f[0m
                [0m · evidence [0m
                [0m00000000-0000-0000-0000-000000000083[0m
              [36m</p>[39m
              [36m<pre>[39m
                [0m{
  "kind": "CREDIT_CARD_BILL",
  ...
 ❯ waitForWrapper ../../node_modules/.pnpm/@testing-library+dom@10.4.2/node_modules/@testing-library/dom/dist/wait-for.js:163:27
 ❯ read src/components/CalendarPeriodicSuggestionsPanel.test.tsx:13:9
     11|   fireEvent.change(screen.getByLabelText('回看天数'), { target: { value: '…
     12|   fireEvent.click(screen.getByRole('button', { name: '读取并比较周期' }));
     13|   await waitFor(() => expect(screen.getByRole('button', { name: '打开声明复…
       |         ^
     14|   return { r, fetch, onReviewCandidate };
     15| }
 ❯ src/components/CalendarPeriodicSuggestionsPanel.test.tsx:28:46

⎯⎯⎯⎯⎯⎯⎯⎯⎯⎯⎯⎯⎯⎯⎯⎯⎯⎯⎯⎯⎯⎯⎯⎯[4/5]⎯

 FAIL  src/components/CalendarPeriodicSuggestionsPanel.test.tsx > changing parameters removes the reviewed candidate and never submits or reuses stale result
TestingLibraryElementError: Found multiple elements with the role "button" and name "打开声明复核"

Here are the matching elements:

Ignored nodes: comments, script, style
[36m<button[39m
  [33mtype[39m=[32m"button"[39m
[36m>[39m
  [0m打开声明复核[0m
[36m</button>[39m

Ignored nodes: comments, script, style
[36m<button[39m
  [33mtype[39m=[32m"button"[39m
[36m>[39m
  [0m打开声明复核[0m
[36m</button>[39m

(If this is intentional, then use the `*AllBy*` variant of the query (like `queryAllByText`, `getAllByText`, or `findAllByText`)).

Ignored nodes: comments, script, style
[36m<body>[39m
  [36m<div>[39m
    [36m<section[39m
      [33maria-label[39m=[32m"周期日历规律候选"[39m
      [33mclass[39m=[32m"panel"[39m
    [36m>[39m
      [36m<h2>[39m
        [0m可能需要持续预留的规律[0m
      [36m</h2>[39m
      [36m<p>[39m
        [0m从原银行历史比较月、月底和周周期。这只是建议；不会建立义务、收款关系或资金权限，不是真实资金执行。[0m
      [36m</p>[39m
      [36m<fieldset>[39m
        [36m<legend>[39m
          [0m历史发现选项[0m
        [36m</legend>[39m
        [36m<label>[39m
          [0m回看天数[0m
          [36m<input[39m
            [33mmax[39m=[32m"365"[39m
            [33mmin[39m=[32m"1"[39m
            [33mtype[39m=[32m"number"[39m
            [33mvalue[39m=[32m"95"[39m
          [36m/>[39m
        [36m</label>[39m
        [36m<label>[39m
          [0m最少连续周期[0m
          [36m<input[39m
            [33mmax[39m=[32m"12"[39m
            [33mmin[39m=[32m"3"[39m
            [33mtype[39m=[32m"number"[39m
            [33mvalue[39m=[32m"3"[39m
          [36m/>[39m
        [36m</label>[39m
        [36m<label>[39m
          [0m日期跨度上限（天）[0m
          [36m<input[39m
            [33mmax[39m=[32m"2"[39m
            [33mmin[39m=[32m"0"[39m
            [33mtype[39m=[32m"number"[39m
            [33mvalue[39m=[32m"2"[39m
          [36m/>[39m
        [36m</label>[39m
        [36m<label>[39m
          [0m金额变异系数上限（基点）[0m
          [36m<input[39m
            [33mmax[39m=[32m"1000"[39m
            [33mmin[39m=[32m"0"[39m
            [33mtype[39m=[32m"number"[39m
            [33mvalue[39m=[32m"1000"[39m
          [36m/>[39m
        [36m</label>[39m
      [36m</fieldset>[39m
      [36m<button[39m
        [33mtype[39m=[32m"button"[39m
      [36m>[39m
        [0m读取并比较周期[0m
      [36m</button>[39m
      [36m<p>[39m
        [0m原用户 [0m
        [0m00000000-0000-0000-0000-000000000001[0m
        [0m · 原开放期 [0m
        [0m00000000-0000-0000-0000-000000000320[0m
        [0m · 服务时点 [0m
        [0m2026-10-03T16:00:00Z[0m
      [36m</p>[39m
      [36m<p>[39m
        [0m历史 [0m
        [0m2026-07-01[0m
        [0m 至 [0m
        [0m2026-10-03[0m
        [0m；覆盖 [0m
        [0m原交易覆盖核对通过[0m
        [0m。账单仅为已观察序列，完整审计和独立经济验真未在此证明。[0m
      [36m</p>[39m
      [36m<p>[39m
        [0m原组 × 日历假设共 [0m
        [0m9[0m
        [0m 项；普通/不合格消费排除 [0m
        [0m2[0m
        [0m 项。[0m
      [36m</p>[39m
      [36m<label>[39m
        [0m显示的日历假设[0m
        [36m<select>[39m
          [36m<option[39m
            [33mvalue[39m=[32m"ALL"[39m
          [36m>[39m
            [0m全部假设与不成立原因[0m
          [36m</option>[39m
          [36m<option[39m
            [33mvalue[39m=[32m"MONTHLY_DATE"[39m
          [36m>[39m
            [0m每月固定日期附近[0m
          [36m</option>[39m
          [36m<option[39m
            [33mvalue[39m=[32m"MONTH_END"[39m
          [36m>[39m
            [0m相对月底[0m
          [36m</option>[39m
          [36m<option[39m
            [33mvalue[39m=[32m"WEEKLY"[39m
          [36m>[39m
            [0m每周固定日期附近[0m
          [36m</option>[39m
        [36m</select>[39m
      [36m</label>[39m
      [36m<article[39m
        [33mclass[39m=[32m"panel"[39m
      [36m>[39m
        [36m<h3>[39m
          [0m每月固定日期附近[0m
          [0m · [0m
          [0mCREDIT_CARD_BILL[0m
        [36m</h3>[39m
        [36m<p>[39m
          [0m原账户 [0m
          [0m00000000-0000-0000-0000-000000000003[0m
          [0m · 原收款标识 [0m
          [0mcredit-card:00000000-0000-0000-0000-000000000003[0m
        [36m</p>[39m
        [36m<p>[39m
          [0mINSUFFICIENT_HISTORY[0m
          [0m · [0m
          [0mNOT_READY[0m
          [0m · [0m
          [0m2[0m
          [0m 周期 / [0m
          [0m2[0m
          [0m 原样本；日期跨度 [0m
          [0m0[0m
          [0m 天[0m
        [36m</p>[39m
        [36m<p>[39m
          [0m观察金额 ¥[0m
          [0m120.00[0m
          [0m—¥[0m
          [0m135.00[0m
          [0m；均值 [0m
          [0m12750[0m
          [0m 分，方差 [0m
          [0m562500[0m
          [0m 分²，CV² [0m
          [0m1/289[0m
          [0m。[0m
        [36m</p>[39m
        [36m<p>[39m
          [0m建议每月 20 日[0m
          [0m；下次日期假设 [0m
          [0mUNKNOWN[0m
          [0m，不是已开账单。[0m
        [36m</p>[39m
        [36m<p>[39m
          [0m来源范围 [0m
          [0mOBSERVED_BILLS_ONLY[0m
          [0m；[0m
          [0mINSUFFICIENT_CYCLES[0m
          [0m。[0m
        [36m</p>[39m
        [36m<details>[39m
          [36m<summary>[39m
            [0m全部 [0m
            [0m2[0m
            [0m 原样本与来源[0m
          [36m</summary>[39m
          [36m<div>[39m
            [36m<p>[39m
              [0m2026-08-20[0m
              [0m · ¥[0m
              [0m120.00[0m
              [0m · 原 fact [0m
              [0m00000000-0000-0000-0000-00000000001e[0m
              [0m · evidence [0m
              [0m00000000-0000-0000-0000-000000000082[0m
            [36m</p>[39m
            [36m<pre>[39m
              [0m{
  "kind": "CREDIT_CARD_BILL",
  "account_id": "00000000-0000-0000-0000-000000000003",
  "payee_ref": "credit-card:00000000-0000-0000-0000-000000000003",
  "occurred_on": "2026-08-20",
  "amount_cents": 12000,
  "source": {
    "fact_type": "credit_card_bills",
    "fact_id": "00000000-0000-0000-0000-00000000001e",
    "account_id": "00000000-0000-0000-0000-000000000003",
    "source_ref": "fixture:130",
    "evidence_id": "00000000-0000-0000-0000-000000000082",
    "evidence_hash": "5ee5b83266d1616cdc7da7e4726d0e199aae2dd3b5b94d0a12ee05a16d2f78b1",
    "evidence_source_type": "SIMULATED_CREDIT_CARD_BILL",
    "evidence_source_ref": "fixture:130",
    "evidence_observed_at": "2026-10-03T16:00:00+00:00",
    "fact": {
      "total_cents": 12000,
      "paid_cents": 0,
      "statement_date": "2026-08-01",
      "due_date": "2026-08-20",
      "status": "UNPAID",
      "minimum_due_cents": 1200
    }
  },
  "supporting_sources": []
}[0m
            [36m</pre>[39m
          [36m</div>[39m
          [36m<div>[39m
            [36m<p>[39m
              [0m2026-09-20[0m
              [0m · ¥[0m
              [0m135.00[0m
              [0m · 原 fact [0m
              [0m00000000-0000-0000-0000-00000000001f[0m
              [0m · evidence [0m
              [0m00000000-0000-0000-0000-000000000083[0m
            [36m</p>[39m
            [36m<pre>[39m
              [0m{
  "kind": "CREDIT_CARD_BILL",
  "account_id": "00000000-0000-0000-0000-000000000003",
  "payee_ref": "credit-card:00000000-0000-0000-0000-000000000003",
  "occurred_on": "2026-09-20",
  "amount_cents": 13500,
  "source": {
    "fact_type": "credit_card_bills",
    "fact_id": "00000000-0000-0000-0000-00000000001f",
    "account_id": "00000000-0000-0000-0000-000000000003",
    "source_ref": "fixture:131",
    "evidence_id": "00000000-0000-0000-0000-0...

Ignored nodes: comments, script, style
[36m<html>[39m
  [36m<head />[39m
  [36m<body>[39m
    [36m<div>[39m
      [36m<section[39m
        [33maria-label[39m=[32m"周期日历规律候选"[39m
        [33mclass[39m=[32m"panel"[39m
      [36m>[39m
        [36m<h2>[39m
          [0m可能需要持续预留的规律[0m
        [36m</h2>[39m
        [36m<p>[39m
          [0m从原银行历史比较月、月底和周周期。这只是建议；不会建立义务、收款关系或资金权限，不是真实资金执行。[0m
        [36m</p>[39m
        [36m<fieldset>[39m
          [36m<legend>[39m
            [0m历史发现选项[0m
          [36m</legend>[39m
          [36m<label>[39m
            [0m回看天数[0m
            [36m<input[39m
              [33mmax[39m=[32m"365"[39m
              [33mmin[39m=[32m"1"[39m
              [33mtype[39m=[32m"number"[39m
              [33mvalue[39m=[32m"95"[39m
            [36m/>[39m
          [36m</label>[39m
          [36m<label>[39m
            [0m最少连续周期[0m
            [36m<input[39m
              [33mmax[39m=[32m"12"[39m
              [33mmin[39m=[32m"3"[39m
              [33mtype[39m=[32m"number"[39m
              [33mvalue[39m=[32m"3"[39m
            [36m/>[39m
          [36m</label>[39m
          [36m<label>[39m
            [0m日期跨度上限（天）[0m
            [36m<input[39m
              [33mmax[39m=[32m"2"[39m
              [33mmin[39m=[32m"0"[39m
              [33mtype[39m=[32m"number"[39m
              [33mvalue[39m=[32m"2"[39m
            [36m/>[39m
          [36m</label>[39m
          [36m<label>[39m
            [0m金额变异系数上限（基点）[0m
            [36m<input[39m
              [33mmax[39m=[32m"1000"[39m
              [33mmin[39m=[32m"0"[39m
              [33mtype[39m=[32m"number"[39m
              [33mvalue[39m=[32m"1000"[39m
            [36m/>[39m
          [36m</label>[39m
        [36m</fieldset>[39m
        [36m<button[39m
          [33mtype[39m=[32m"button"[39m
        [36m>[39m
          [0m读取并比较周期[0m
        [36m</button>[39m
        [36m<p>[39m
          [0m原用户 [0m
          [0m00000000-0000-0000-0000-000000000001[0m
          [0m · 原开放期 [0m
          [0m00000000-0000-0000-0000-000000000320[0m
          [0m · 服务时点 [0m
          [0m2026-10-03T16:00:00Z[0m
        [36m</p>[39m
        [36m<p>[39m
          [0m历史 [0m
          [0m2026-07-01[0m
          [0m 至 [0m
          [0m2026-10-03[0m
          [0m；覆盖 [0m
          [0m原交易覆盖核对通过[0m
          [0m。账单仅为已观察序列，完整审计和独立经济验真未在此证明。[0m
        [36m</p>[39m
        [36m<p>[39m
          [0m原组 × 日历假设共 [0m
          [0m9[0m
          [0m 项；普通/不合格消费排除 [0m
          [0m2[0m
          [0m 项。[0m
        [36m</p>[39m
        [36m<label>[39m
          [0m显示的日历假设[0m
          [36m<select>[39m
            [36m<option[39m
              [33mvalue[39m=[32m"ALL"[39m
            [36m>[39m
              [0m全部假设与不成立原因[0m
            [36m</option>[39m
            [36m<option[39m
              [33mvalue[39m=[32m"MONTHLY_DATE"[39m
            [36m>[39m
              [0m每月固定日期附近[0m
            [36m</option>[39m
            [36m<option[39m
              [33mvalue[39m=[32m"MONTH_END"[39m
            [36m>[39m
              [0m相对月底[0m
            [36m</option>[39m
            [36m<option[39m
              [33mvalue[39m=[32m"WEEKLY"[39m
            [36m>[39m
              [0m每周固定日期附近[0m
            [36m</option>[39m
          [36m</select>[39m
        [36m</label>[39m
        [36m<article[39m
          [33mclass[39m=[32m"panel"[39m
        [36m>[39m
          [36m<h3>[39m
            [0m每月固定日期附近[0m
            [0m · [0m
            [0mCREDIT_CARD_BILL[0m
          [36m</h3>[39m
          [36m<p>[39m
            [0m原账户 [0m
            [0m00000000-0000-0000-0000-000000000003[0m
            [0m · 原收款标识 [0m
            [0mcredit-card:00000000-0000-0000-0000-000000000003[0m
          [36m</p>[39m
          [36m<p>[39m
            [0mINSUFFICIENT_HISTORY[0m
            [0m · [0m
            [0mNOT_READY[0m
            [0m · [0m
            [0m2[0m
            [0m 周期 / [0m
            [0m2[0m
            [0m 原样本；日期跨度 [0m
            [0m0[0m
            [0m 天[0m
          [36m</p>[39m
          [36m<p>[39m
            [0m观察金额 ¥[0m
            [0m120.00[0m
            [0m—¥[0m
            [0m135.00[0m
            [0m；均值 [0m
            [0m12750[0m
            [0m 分，方差 [0m
            [0m562500[0m
            [0m 分²，CV² [0m
            [0m1/289[0m
            [0m。[0m
          [36m</p>[39m
          [36m<p>[39m
            [0m建议每月 20 日[0m
            [0m；下次日期假设 [0m
            [0mUNKNOWN[0m
            [0m，不是已开账单。[0m
          [36m</p>[39m
          [36m<p>[39m
            [0m来源范围 [0m
            [0mOBSERVED_BILLS_ONLY[0m
            [0m；[0m
            [0mINSUFFICIENT_CYCLES[0m
            [0m。[0m
          [36m</p>[39m
          [36m<details>[39m
            [36m<summary>[39m
              [0m全部 [0m
              [0m2[0m
              [0m 原样本与来源[0m
            [36m</summary>[39m
            [36m<div>[39m
              [36m<p>[39m
                [0m2026-08-20[0m
                [0m · ¥[0m
                [0m120.00[0m
                [0m · 原 fact [0m
                [0m00000000-0000-0000-0000-00000000001e[0m
                [0m · evidence [0m
                [0m00000000-0000-0000-0000-000000000082[0m
              [36m</p>[39m
              [36m<pre>[39m
                [0m{
  "kind": "CREDIT_CARD_BILL",
  "account_id": "00000000-0000-0000-0000-000000000003",
  "payee_ref": "credit-card:00000000-0000-0000-0000-000000000003",
  "occurred_on": "2026-08-20",
  "amount_cents": 12000,
  "source": {
    "fact_type": "credit_card_bills",
    "fact_id": "00000000-0000-0000-0000-00000000001e",
    "account_id": "00000000-0000-0000-0000-000000000003",
    "source_ref": "fixture:130",
    "evidence_id": "00000000-0000-0000-0000-000000000082",
    "evidence_hash": "5ee5b83266d1616cdc7da7e4726d0e199aae2dd3b5b94d0a12ee05a16d2f78b1",
    "evidence_source_type": "SIMULATED_CREDIT_CARD_BILL",
    "evidence_source_ref": "fixture:130",
    "evidence_observed_at": "2026-10-03T16:00:00+00:00",
    "fact": {
      "total_cents": 12000,
      "paid_cents": 0,
      "statement_date": "2026-08-01",
      "due_date": "2026-08-20",
      "status": "UNPAID",
      "minimum_due_cents": 1200
    }
  },
  "supporting_sources": []
}[0m
              [36m</pre>[39m
            [36m</div>[39m
            [36m<div>[39m
              [36m<p>[39m
                [0m2026-09-20[0m
                [0m · ¥[0m
                [0m135.00[0m
                [0m · 原 fact [0m
                [0m00000000-0000-0000-0000-00000000001f[0m
                [0m · evidence [0m
                [0m00000000-0000-0000-0000-000000000083[0m
              [36m</p>[39m
              [36m<pre>[39m
                [0m{
  "kind": "CREDIT_CARD_BILL",
  ...
 ❯ waitForWrapper ../../node_modules/.pnpm/@testing-library+dom@10.4.2/node_modules/@testing-library/dom/dist/wait-for.js:163:27
 ❯ read src/components/CalendarPeriodicSuggestionsPanel.test.tsx:13:9
     11|   fireEvent.change(screen.getByLabelText('回看天数'), { target: { value: '…
     12|   fireEvent.click(screen.getByRole('button', { name: '读取并比较周期' }));
     13|   await waitFor(() => expect(screen.getByRole('button', { name: '打开声明复…
       |         ^
     14|   return { r, fetch, onReviewCandidate };
     15| }
 ❯ src/components/CalendarPeriodicSuggestionsPanel.test.tsx:32:27

⎯⎯⎯⎯⎯⎯⎯⎯⎯⎯⎯⎯⎯⎯⎯⎯⎯⎯⎯⎯⎯⎯⎯⎯[5/5]⎯


 Test Files  2 failed (2)
      Tests  5 failed | 28 passed (33)
   Start at  13:52:57
   Duration  7.49s (transform 486ms, setup 1.10s, collect 1.15s, tests 4.44s, environment 2.10s, prepare 723ms)

