FFFFFFFFFFFFFFFFFFFFFFFF                                                 [100%]
================================== FAILURES ===================================
___ test_whole_t0_50000_ask_preserves_old_scope_and_never_claims_authority ____

    def test_whole_t0_50000_ask_preserves_old_scope_and_never_claims_authority() -> None:
>       data = fixture()
               ^^^^^^^^^

apps\api\app\tests\test_full_action_set_recovery_producers.py:415: 
_ _ _ _ _ _ _ _ _ _ _ _ _ _ _ _ _ _ _ _ _ _ _ _ _ _ _ _ _ _ _ _ _ _ _ _ _ _ _ _

delay = 0, cash = 70000

    def fixture(*, delay: int = 0, cash: int = 70000) -> RecoveryActionSetInput:
        planning = planning_fixture([holding(delay=delay)])
        metadata = planning.holdings[0]
        original = metadata.original
        authorization = original.original_authorization
        assert authorization is not None and original.quote is not None
        raw: dict[str, list[dict[str, Any]]] = {name: [] for name in REQUIRED_TABLES}
        raw["users"] = [{"id": str(USER), "is_simulated": True}]
        raw["accounts"] = [
            {
                "id": str(original.destination_account_id),
                "user_id": str(USER),
                "account_type": "CASH",
                "balance_cents": cash,
            },
            {
                "id": str(original.account_id),
                "user_id": str(USER),
                "account_type": "ASSET",
                "balance_cents": 0,
            },
        ]
        bank_id, quote_id, full_evidence_id = UUID(int=610), UUID(int=611), UUID(int=612)
        quote = original.quote.model_copy(update={"evidence_ids": [quote_id]})
        original = original.model_copy(update={"quote": quote, "evidence_ids": [bank_id]})
        metadata = metadata.model_copy(update={"original": original})
        product = original.product
        canonical = product.model_dump(mode="json", exclude={"product_id", "terms_digest"}) | {
            "id": str(product.product_id),
            "early_withdrawal_rule": {},
            "currency": "CNY",
        }
        product_hash = configuration_hash(canonical)
        metadata = metadata.model_copy(update={"product_record_hash": product_hash})
        raw["asset_products"] = [canonical]
        raw["product_catalog_versions"] = [
            {
                "id": str(metadata.catalogue_version_id),
                "product_id": str(product.product_id),
                "product_code": product.product_code,
                "version_number": product.version_number,
                "protocol_version": "product-catalog-v1",
                "canonical_product": canonical,
                "product_hash": product_hash,
                "terms_digest": product.terms_digest,
            }
        ]
        raw["asset_positions"] = [
            {
                "id": str(original.position_id),
                "user_id": str(USER),
                "product_id": str(product.product_id),
                "account_id": str(original.account_id),
                "goal_id": None,
                "status": "HELD",
                "policy_version_id": str(authorization.version_id),
                "principal_cents": quote.principal_cents,
                "purchased_at": original.purchased_at.isoformat(),
                "maturity_at": None,
            }
        ]
        versions = [*planning.boundary_versions, authorization]
        for version in versions:
            raw["policies"].append(
                {"id": str(version.policy_id), "user_id": str(USER), "status": "ACTIVE"}
            )
            raw["policy_versions"].append(
                {
                    "id": str(version.version_id),
                    "user_id": str(USER),
                    "policy_id": str(version.policy_id),
                    "version_number": 1,
                    "configuration": version.configuration,
                    "content_hash": version.content_hash,
                    "confirmed_at": version.confirmed_at.isoformat(),
                    "valid_from": version.valid_from.isoformat(),
                    "valid_until": None,
                }
            )
        bank_content = {
            "position_id": str(original.position_id),
            "return_account_id": str(original.destination_account_id),
            "acquisition": "synthetic_auto_purchase",
            "fixture_tier": "SYNTHETIC_TOOL_ONLY",
        }
        quote_content = {
            "protocol": "recovery-quote-v1",
            "user_id": str(USER),
            "position_id": str(original.position_id),
            "destination_account_id": str(original.destination_account_id),
            "goal_id": None,
            "quote": quote.model_dump(mode="json"),
        }
        for identity, source, content in (
            (bank_id, "SIMULATED_BANK_POSITION", bank_content),
            (quote_id, "SIMULATED_REDEMPTION_QUOTE", quote_content),
            (full_evidence_id, "SYNTHETIC_USER_DECLARATION", {"fixture_tier": "SYNTHETIC_TOOL_ONLY"}),
        ):
            raw["evidence_items"].append(
                {
                    "id": str(identity),
                    "user_id": str(USER),
                    "source_type": source,
                    "source_ref": "synthetic:no-bank",
                    "content": content,
                    "content_hash": configuration_hash(content),
                    "status": "VALID",
                    "evidence_level": "USER_DECLARED"
                    if identity == full_evidence_id
                    else "BANK_CONFIRMED",
                    "observed_at": NOW.isoformat(),
                    "valid_from": (NOW - timedelta(days=30)).isoformat(),
                    "valid_to": None,
                }
            )
        config = planning.configuration.model_dump(mode="json")
        config_hash = configuration_hash(config)
        full_version = FullVersionView(
            version_id=planning.policy_version_id,
            policy_id=planning.policy_id,
            version_number=1,
            configuration=config,
            content_hash=config_hash,
            previous_hash=None,
            summary="synthetic",
            confirmation={"accepted": True, "reviewed_hash": config_hash},
            confirmed_at=planning.confirmed_at,
            valid_from=planning.valid_from,
            valid_until=None,
            change_reason="synthetic",
            evidence_ids=[full_evidence_id],
            impact_analysis={},
            confirmation_evidence_status="CURRENT_EVIDENCE_MATCHED",
        )
        full = FullPolicyView(
            policy_id=planning.policy_id,
            epoch_id=EPOCH,
            template_name="RecoveryPolicy",
            name="synthetic",
            status="ACTIVE",
            effective_status="ACTIVE",
            planning_confirmation_valid=True,
            reference_validation="CURRENT",
            current_version=full_version,
            updated_at=NOW,
        )
        raw["full_policies"] = [
            {
                "id": str(full.policy_id),
                "user_id": str(USER),
                "epoch_id": str(EPOCH),
                "template_name": "RecoveryPolicy",
                "status": "ACTIVE",
            }
        ]
        raw["full_policy_versions"] = [
            {
                "id": str(full_version.version_id),
                "user_id": str(USER),
                "policy_id": str(full.policy_id),
                "version_number": 1,
                "configuration": config,
                "content_hash": config_hash,
                "confirmation": full_version.confirmation,
                "impact_analysis": {},
                "previous_hash": None,
                "evidence_ids": [str(full_evidence_id)],
                "confirmed_at": planning.confirmed_at.isoformat(),
                "valid_from": planning.valid_from.isoformat(),
                "valid_until": None,
            }
        ]
        source_ids = [bank_id, quote_id, full_evidence_id]
        digest = configuration_hash(
            {
                "user_id": str(USER),
                "as_of": NOW.isoformat(),
                "sources": [
                    {"id": row["id"], "hash": row["content_hash"]}
                    for row in sorted(raw["evidence_items"], key=lambda row: row["id"])
                ],
                "issues": [],
            }
        )
        planning = planning.model_copy(
            update={
                "snapshot": planning.snapshot.model_copy(
                    update={
                        "source_digest": digest,
                        "cash_accounts": [
                            planning.snapshot.cash_accounts[0].model_copy(
                                update={"balance_cents": cash}
                            )
                        ],
                    }
                ),
                "boundary_versions": versions,
                "holdings": [metadata],
            }
        )
        plan = plan_full_recovery(planning)
        catalogue = CatalogReadResponse(
            state="REGISTERED",
            versions=[
                CatalogVersionView(
                    id=metadata.catalogue_version_id,
                    product_id=product.product_id,
                    product_code=product.product_code,
                    version_number=product.version_number,
                    original_product=canonical,
                    product_hash=product_hash,
                    terms_digest=product.terms_digest,
                    observed_at=NOW - timedelta(days=30),
                    effective_from=product.effective_from,
                    effective_until=product.effective_until,
                    current_source_matched=True,
                )
            ],
            unregistered_product_ids=[],
            issues=[],
            complete_within_registered_capacity=True,
        )
        response_hash = configuration_hash(
            {
                "financial_source_digest": digest,
                "policy_version_id": str(full_version.version_id),
                "plan_input_hash": plan.input_hash,
                "catalogue": catalogue.model_dump(mode="json"),
                "planning_deadline_at": None,
            }
        )
        response = FullRecoveryPlanningResponse(
            user_id=USER,
            policy_id=full.policy_id,
            as_of=NOW,
            state="COMPUTED",
            plan=plan,
            catalogue=catalogue,
            catalogue_bindings=[
                CatalogProductBinding(
                    product_id=product.product_id,
                    catalogue_version_id=metadata.catalogue_version_id,
                    product_record_hash=product_hash,
                    terms_digest=product.terms_digest,
                )
            ],
            source_evidence_ids=source_ids,
            source_issues=[],
            input_hash=response_hash,
            limitations=[],
        )
        ctx = ExecutionContext(
            user_id=USER,
            snapshot=planning.snapshot,
            versions=versions,
            positions=planning.positions,
            boundary_products=[],
            products=[product],
            redemption_quote=quote,
            requires_confirmation=True,
        )
        financial = {
            "user_id": str(USER),
            "as_of": NOW.isoformat(),
            "snapshot": ctx.snapshot.model_dump(mode="json"),
            "versions": [row.model_dump(mode="json") for row in versions],
            "positions": [row.model_dump(mode="json") for row in planning.positions],
        }
        financial_hash = configuration_hash(financial)
        original_execution = execution_fixture(delay).model_copy(
            update={
                "candidate": plan.candidates[0],
                "deadline_at": plan.deadline_at,
                "original_effect": execution_fixture(delay).original_effect.model_copy(
                    update={"quote_id": quote.quote_id}
                ),
                "planning_input_hash": plan.input_hash,
                "planning_response_hash": response_hash,
                "candidate_position_ids": [row.position_id for row in plan.candidates],
                "selected_position_ids": [row.position_id for row in plan.lossless_steps],
                "source_refs": [
                    {
                        "user_id": USER,
                        "evidence_id": bank_id,
                        "content_hash": raw["evidence_items"][0]["content_hash"],
                    }
                ],
            }
        )
        # Parse the complete strict input; model_copy never substitutes for type validation.
        original_execution = type(original_execution).model_validate(original_execution.model_dump())
        producer = RecoveryProducerInput(
            full_policy_id=full.policy_id,
            full_policy=full,
            planning_inputs=planning,
            original_planning=response,
        )
        old_effect = original_execution.original_effect
        old_facts = AutonomyFacts(
            user_id=USER,
            as_of=NOW,
            action_type="REDEEM_ASSET",
            initiation="CONFIRMED_POLICY",
>           authority=AuthorityAssessment(
                status="VALID", policy_version_ids=old_effect.policy_version_ids
            ),
            effect=old_effect,
            validation=revalidate_execution(old_effect, ctx),
            source_context_hash=financial_hash,
        )
E       pydantic_core._pydantic_core.ValidationError: 1 validation error for AuthorityAssessment
E       status
E         Input should be 'AUTHORIZED', 'OUTSIDE_AUTHORITY', 'STALE_VERSION' or 'MISSING_EVIDENCE' [type=literal_error, input_value='VALID', input_type=str]
E           For further information visit https://errors.pydantic.dev/2.13/v/literal_error

apps\api\app\tests\test_full_action_set_recovery_producers.py:349: ValidationError
__ test_complete_no_need_keeps_original_holding_and_amount_without_fake_cash __

    def test_complete_no_need_keeps_original_holding_and_amount_without_fake_cash() -> None:
>       data = fixture(cash=110000)
               ^^^^^^^^^^^^^^^^^^^^

apps\api\app\tests\test_full_action_set_recovery_producers.py:432: 
_ _ _ _ _ _ _ _ _ _ _ _ _ _ _ _ _ _ _ _ _ _ _ _ _ _ _ _ _ _ _ _ _ _ _ _ _ _ _ _

delay = 0, cash = 110000

    def fixture(*, delay: int = 0, cash: int = 70000) -> RecoveryActionSetInput:
        planning = planning_fixture([holding(delay=delay)])
        metadata = planning.holdings[0]
        original = metadata.original
        authorization = original.original_authorization
        assert authorization is not None and original.quote is not None
        raw: dict[str, list[dict[str, Any]]] = {name: [] for name in REQUIRED_TABLES}
        raw["users"] = [{"id": str(USER), "is_simulated": True}]
        raw["accounts"] = [
            {
                "id": str(original.destination_account_id),
                "user_id": str(USER),
                "account_type": "CASH",
                "balance_cents": cash,
            },
            {
                "id": str(original.account_id),
                "user_id": str(USER),
                "account_type": "ASSET",
                "balance_cents": 0,
            },
        ]
        bank_id, quote_id, full_evidence_id = UUID(int=610), UUID(int=611), UUID(int=612)
        quote = original.quote.model_copy(update={"evidence_ids": [quote_id]})
        original = original.model_copy(update={"quote": quote, "evidence_ids": [bank_id]})
        metadata = metadata.model_copy(update={"original": original})
        product = original.product
        canonical = product.model_dump(mode="json", exclude={"product_id", "terms_digest"}) | {
            "id": str(product.product_id),
            "early_withdrawal_rule": {},
            "currency": "CNY",
        }
        product_hash = configuration_hash(canonical)
        metadata = metadata.model_copy(update={"product_record_hash": product_hash})
        raw["asset_products"] = [canonical]
        raw["product_catalog_versions"] = [
            {
                "id": str(metadata.catalogue_version_id),
                "product_id": str(product.product_id),
                "product_code": product.product_code,
                "version_number": product.version_number,
                "protocol_version": "product-catalog-v1",
                "canonical_product": canonical,
                "product_hash": product_hash,
                "terms_digest": product.terms_digest,
            }
        ]
        raw["asset_positions"] = [
            {
                "id": str(original.position_id),
                "user_id": str(USER),
                "product_id": str(product.product_id),
                "account_id": str(original.account_id),
                "goal_id": None,
                "status": "HELD",
                "policy_version_id": str(authorization.version_id),
                "principal_cents": quote.principal_cents,
                "purchased_at": original.purchased_at.isoformat(),
                "maturity_at": None,
            }
        ]
        versions = [*planning.boundary_versions, authorization]
        for version in versions:
            raw["policies"].append(
                {"id": str(version.policy_id), "user_id": str(USER), "status": "ACTIVE"}
            )
            raw["policy_versions"].append(
                {
                    "id": str(version.version_id),
                    "user_id": str(USER),
                    "policy_id": str(version.policy_id),
                    "version_number": 1,
                    "configuration": version.configuration,
                    "content_hash": version.content_hash,
                    "confirmed_at": version.confirmed_at.isoformat(),
                    "valid_from": version.valid_from.isoformat(),
                    "valid_until": None,
                }
            )
        bank_content = {
            "position_id": str(original.position_id),
            "return_account_id": str(original.destination_account_id),
            "acquisition": "synthetic_auto_purchase",
            "fixture_tier": "SYNTHETIC_TOOL_ONLY",
        }
        quote_content = {
            "protocol": "recovery-quote-v1",
            "user_id": str(USER),
            "position_id": str(original.position_id),
            "destination_account_id": str(original.destination_account_id),
            "goal_id": None,
            "quote": quote.model_dump(mode="json"),
        }
        for identity, source, content in (
            (bank_id, "SIMULATED_BANK_POSITION", bank_content),
            (quote_id, "SIMULATED_REDEMPTION_QUOTE", quote_content),
            (full_evidence_id, "SYNTHETIC_USER_DECLARATION", {"fixture_tier": "SYNTHETIC_TOOL_ONLY"}),
        ):
            raw["evidence_items"].append(
                {
                    "id": str(identity),
                    "user_id": str(USER),
                    "source_type": source,
                    "source_ref": "synthetic:no-bank",
                    "content": content,
                    "content_hash": configuration_hash(content),
                    "status": "VALID",
                    "evidence_level": "USER_DECLARED"
                    if identity == full_evidence_id
                    else "BANK_CONFIRMED",
                    "observed_at": NOW.isoformat(),
                    "valid_from": (NOW - timedelta(days=30)).isoformat(),
                    "valid_to": None,
                }
            )
        config = planning.configuration.model_dump(mode="json")
        config_hash = configuration_hash(config)
        full_version = FullVersionView(
            version_id=planning.policy_version_id,
            policy_id=planning.policy_id,
            version_number=1,
            configuration=config,
            content_hash=config_hash,
            previous_hash=None,
            summary="synthetic",
            confirmation={"accepted": True, "reviewed_hash": config_hash},
            confirmed_at=planning.confirmed_at,
            valid_from=planning.valid_from,
            valid_until=None,
            change_reason="synthetic",
            evidence_ids=[full_evidence_id],
            impact_analysis={},
            confirmation_evidence_status="CURRENT_EVIDENCE_MATCHED",
        )
        full = FullPolicyView(
            policy_id=planning.policy_id,
            epoch_id=EPOCH,
            template_name="RecoveryPolicy",
            name="synthetic",
            status="ACTIVE",
            effective_status="ACTIVE",
            planning_confirmation_valid=True,
            reference_validation="CURRENT",
            current_version=full_version,
            updated_at=NOW,
        )
        raw["full_policies"] = [
            {
                "id": str(full.policy_id),
                "user_id": str(USER),
                "epoch_id": str(EPOCH),
                "template_name": "RecoveryPolicy",
                "status": "ACTIVE",
            }
        ]
        raw["full_policy_versions"] = [
            {
                "id": str(full_version.version_id),
                "user_id": str(USER),
                "policy_id": str(full.policy_id),
                "version_number": 1,
                "configuration": config,
                "content_hash": config_hash,
                "confirmation": full_version.confirmation,
                "impact_analysis": {},
                "previous_hash": None,
                "evidence_ids": [str(full_evidence_id)],
                "confirmed_at": planning.confirmed_at.isoformat(),
                "valid_from": planning.valid_from.isoformat(),
                "valid_until": None,
            }
        ]
        source_ids = [bank_id, quote_id, full_evidence_id]
        digest = configuration_hash(
            {
                "user_id": str(USER),
                "as_of": NOW.isoformat(),
                "sources": [
                    {"id": row["id"], "hash": row["content_hash"]}
                    for row in sorted(raw["evidence_items"], key=lambda row: row["id"])
                ],
                "issues": [],
            }
        )
        planning = planning.model_copy(
            update={
                "snapshot": planning.snapshot.model_copy(
                    update={
                        "source_digest": digest,
                        "cash_accounts": [
                            planning.snapshot.cash_accounts[0].model_copy(
                                update={"balance_cents": cash}
                            )
                        ],
                    }
                ),
                "boundary_versions": versions,
                "holdings": [metadata],
            }
        )
        plan = plan_full_recovery(planning)
        catalogue = CatalogReadResponse(
            state="REGISTERED",
            versions=[
                CatalogVersionView(
                    id=metadata.catalogue_version_id,
                    product_id=product.product_id,
                    product_code=product.product_code,
                    version_number=product.version_number,
                    original_product=canonical,
                    product_hash=product_hash,
                    terms_digest=product.terms_digest,
                    observed_at=NOW - timedelta(days=30),
                    effective_from=product.effective_from,
                    effective_until=product.effective_until,
                    current_source_matched=True,
                )
            ],
            unregistered_product_ids=[],
            issues=[],
            complete_within_registered_capacity=True,
        )
        response_hash = configuration_hash(
            {
                "financial_source_digest": digest,
                "policy_version_id": str(full_version.version_id),
                "plan_input_hash": plan.input_hash,
                "catalogue": catalogue.model_dump(mode="json"),
                "planning_deadline_at": None,
            }
        )
        response = FullRecoveryPlanningResponse(
            user_id=USER,
            policy_id=full.policy_id,
            as_of=NOW,
            state="COMPUTED",
            plan=plan,
            catalogue=catalogue,
            catalogue_bindings=[
                CatalogProductBinding(
                    product_id=product.product_id,
                    catalogue_version_id=metadata.catalogue_version_id,
                    product_record_hash=product_hash,
                    terms_digest=product.terms_digest,
                )
            ],
            source_evidence_ids=source_ids,
            source_issues=[],
            input_hash=response_hash,
            limitations=[],
        )
        ctx = ExecutionContext(
            user_id=USER,
            snapshot=planning.snapshot,
            versions=versions,
            positions=planning.positions,
            boundary_products=[],
            products=[product],
            redemption_quote=quote,
            requires_confirmation=True,
        )
        financial = {
            "user_id": str(USER),
            "as_of": NOW.isoformat(),
            "snapshot": ctx.snapshot.model_dump(mode="json"),
            "versions": [row.model_dump(mode="json") for row in versions],
            "positions": [row.model_dump(mode="json") for row in planning.positions],
        }
        financial_hash = configuration_hash(financial)
        original_execution = execution_fixture(delay).model_copy(
            update={
                "candidate": plan.candidates[0],
                "deadline_at": plan.deadline_at,
                "original_effect": execution_fixture(delay).original_effect.model_copy(
                    update={"quote_id": quote.quote_id}
                ),
                "planning_input_hash": plan.input_hash,
                "planning_response_hash": response_hash,
                "candidate_position_ids": [row.position_id for row in plan.candidates],
                "selected_position_ids": [row.position_id for row in plan.lossless_steps],
                "source_refs": [
                    {
                        "user_id": USER,
                        "evidence_id": bank_id,
                        "content_hash": raw["evidence_items"][0]["content_hash"],
                    }
                ],
            }
        )
        # Parse the complete strict input; model_copy never substitutes for type validation.
        original_execution = type(original_execution).model_validate(original_execution.model_dump())
        producer = RecoveryProducerInput(
            full_policy_id=full.policy_id,
            full_policy=full,
            planning_inputs=planning,
            original_planning=response,
        )
        old_effect = original_execution.original_effect
        old_facts = AutonomyFacts(
            user_id=USER,
            as_of=NOW,
            action_type="REDEEM_ASSET",
            initiation="CONFIRMED_POLICY",
>           authority=AuthorityAssessment(
                status="VALID", policy_version_ids=old_effect.policy_version_ids
            ),
            effect=old_effect,
            validation=revalidate_execution(old_effect, ctx),
            source_context_hash=financial_hash,
        )
E       pydantic_core._pydantic_core.ValidationError: 1 validation error for AuthorityAssessment
E       status
E         Input should be 'AUTHORIZED', 'OUTSIDE_AUTHORITY', 'STALE_VERSION' or 'MISSING_EVIDENCE' [type=literal_error, input_value='VALID', input_type=str]
E           For further information visit https://errors.pydantic.dev/2.13/v/literal_error

apps\api\app\tests\test_full_action_set_recovery_producers.py:349: ValidationError
______ test_t1_scope_only_proof_is_not_actual_supported_recovery_family _______

    def test_t1_scope_only_proof_is_not_actual_supported_recovery_family() -> None:
>       result = derive_recovery_producers(fixture(delay=1))
                                           ^^^^^^^^^^^^^^^^

apps\api\app\tests\test_full_action_set_recovery_producers.py:443: 
_ _ _ _ _ _ _ _ _ _ _ _ _ _ _ _ _ _ _ _ _ _ _ _ _ _ _ _ _ _ _ _ _ _ _ _ _ _ _ _

delay = 1, cash = 70000

    def fixture(*, delay: int = 0, cash: int = 70000) -> RecoveryActionSetInput:
        planning = planning_fixture([holding(delay=delay)])
        metadata = planning.holdings[0]
        original = metadata.original
        authorization = original.original_authorization
        assert authorization is not None and original.quote is not None
        raw: dict[str, list[dict[str, Any]]] = {name: [] for name in REQUIRED_TABLES}
        raw["users"] = [{"id": str(USER), "is_simulated": True}]
        raw["accounts"] = [
            {
                "id": str(original.destination_account_id),
                "user_id": str(USER),
                "account_type": "CASH",
                "balance_cents": cash,
            },
            {
                "id": str(original.account_id),
                "user_id": str(USER),
                "account_type": "ASSET",
                "balance_cents": 0,
            },
        ]
        bank_id, quote_id, full_evidence_id = UUID(int=610), UUID(int=611), UUID(int=612)
        quote = original.quote.model_copy(update={"evidence_ids": [quote_id]})
        original = original.model_copy(update={"quote": quote, "evidence_ids": [bank_id]})
        metadata = metadata.model_copy(update={"original": original})
        product = original.product
        canonical = product.model_dump(mode="json", exclude={"product_id", "terms_digest"}) | {
            "id": str(product.product_id),
            "early_withdrawal_rule": {},
            "currency": "CNY",
        }
        product_hash = configuration_hash(canonical)
        metadata = metadata.model_copy(update={"product_record_hash": product_hash})
        raw["asset_products"] = [canonical]
        raw["product_catalog_versions"] = [
            {
                "id": str(metadata.catalogue_version_id),
                "product_id": str(product.product_id),
                "product_code": product.product_code,
                "version_number": product.version_number,
                "protocol_version": "product-catalog-v1",
                "canonical_product": canonical,
                "product_hash": product_hash,
                "terms_digest": product.terms_digest,
            }
        ]
        raw["asset_positions"] = [
            {
                "id": str(original.position_id),
                "user_id": str(USER),
                "product_id": str(product.product_id),
                "account_id": str(original.account_id),
                "goal_id": None,
                "status": "HELD",
                "policy_version_id": str(authorization.version_id),
                "principal_cents": quote.principal_cents,
                "purchased_at": original.purchased_at.isoformat(),
                "maturity_at": None,
            }
        ]
        versions = [*planning.boundary_versions, authorization]
        for version in versions:
            raw["policies"].append(
                {"id": str(version.policy_id), "user_id": str(USER), "status": "ACTIVE"}
            )
            raw["policy_versions"].append(
                {
                    "id": str(version.version_id),
                    "user_id": str(USER),
                    "policy_id": str(version.policy_id),
                    "version_number": 1,
                    "configuration": version.configuration,
                    "content_hash": version.content_hash,
                    "confirmed_at": version.confirmed_at.isoformat(),
                    "valid_from": version.valid_from.isoformat(),
                    "valid_until": None,
                }
            )
        bank_content = {
            "position_id": str(original.position_id),
            "return_account_id": str(original.destination_account_id),
            "acquisition": "synthetic_auto_purchase",
            "fixture_tier": "SYNTHETIC_TOOL_ONLY",
        }
        quote_content = {
            "protocol": "recovery-quote-v1",
            "user_id": str(USER),
            "position_id": str(original.position_id),
            "destination_account_id": str(original.destination_account_id),
            "goal_id": None,
            "quote": quote.model_dump(mode="json"),
        }
        for identity, source, content in (
            (bank_id, "SIMULATED_BANK_POSITION", bank_content),
            (quote_id, "SIMULATED_REDEMPTION_QUOTE", quote_content),
            (full_evidence_id, "SYNTHETIC_USER_DECLARATION", {"fixture_tier": "SYNTHETIC_TOOL_ONLY"}),
        ):
            raw["evidence_items"].append(
                {
                    "id": str(identity),
                    "user_id": str(USER),
                    "source_type": source,
                    "source_ref": "synthetic:no-bank",
                    "content": content,
                    "content_hash": configuration_hash(content),
                    "status": "VALID",
                    "evidence_level": "USER_DECLARED"
                    if identity == full_evidence_id
                    else "BANK_CONFIRMED",
                    "observed_at": NOW.isoformat(),
                    "valid_from": (NOW - timedelta(days=30)).isoformat(),
                    "valid_to": None,
                }
            )
        config = planning.configuration.model_dump(mode="json")
        config_hash = configuration_hash(config)
        full_version = FullVersionView(
            version_id=planning.policy_version_id,
            policy_id=planning.policy_id,
            version_number=1,
            configuration=config,
            content_hash=config_hash,
            previous_hash=None,
            summary="synthetic",
            confirmation={"accepted": True, "reviewed_hash": config_hash},
            confirmed_at=planning.confirmed_at,
            valid_from=planning.valid_from,
            valid_until=None,
            change_reason="synthetic",
            evidence_ids=[full_evidence_id],
            impact_analysis={},
            confirmation_evidence_status="CURRENT_EVIDENCE_MATCHED",
        )
        full = FullPolicyView(
            policy_id=planning.policy_id,
            epoch_id=EPOCH,
            template_name="RecoveryPolicy",
            name="synthetic",
            status="ACTIVE",
            effective_status="ACTIVE",
            planning_confirmation_valid=True,
            reference_validation="CURRENT",
            current_version=full_version,
            updated_at=NOW,
        )
        raw["full_policies"] = [
            {
                "id": str(full.policy_id),
                "user_id": str(USER),
                "epoch_id": str(EPOCH),
                "template_name": "RecoveryPolicy",
                "status": "ACTIVE",
            }
        ]
        raw["full_policy_versions"] = [
            {
                "id": str(full_version.version_id),
                "user_id": str(USER),
                "policy_id": str(full.policy_id),
                "version_number": 1,
                "configuration": config,
                "content_hash": config_hash,
                "confirmation": full_version.confirmation,
                "impact_analysis": {},
                "previous_hash": None,
                "evidence_ids": [str(full_evidence_id)],
                "confirmed_at": planning.confirmed_at.isoformat(),
                "valid_from": planning.valid_from.isoformat(),
                "valid_until": None,
            }
        ]
        source_ids = [bank_id, quote_id, full_evidence_id]
        digest = configuration_hash(
            {
                "user_id": str(USER),
                "as_of": NOW.isoformat(),
                "sources": [
                    {"id": row["id"], "hash": row["content_hash"]}
                    for row in sorted(raw["evidence_items"], key=lambda row: row["id"])
                ],
                "issues": [],
            }
        )
        planning = planning.model_copy(
            update={
                "snapshot": planning.snapshot.model_copy(
                    update={
                        "source_digest": digest,
                        "cash_accounts": [
                            planning.snapshot.cash_accounts[0].model_copy(
                                update={"balance_cents": cash}
                            )
                        ],
                    }
                ),
                "boundary_versions": versions,
                "holdings": [metadata],
            }
        )
        plan = plan_full_recovery(planning)
        catalogue = CatalogReadResponse(
            state="REGISTERED",
            versions=[
                CatalogVersionView(
                    id=metadata.catalogue_version_id,
                    product_id=product.product_id,
                    product_code=product.product_code,
                    version_number=product.version_number,
                    original_product=canonical,
                    product_hash=product_hash,
                    terms_digest=product.terms_digest,
                    observed_at=NOW - timedelta(days=30),
                    effective_from=product.effective_from,
                    effective_until=product.effective_until,
                    current_source_matched=True,
                )
            ],
            unregistered_product_ids=[],
            issues=[],
            complete_within_registered_capacity=True,
        )
        response_hash = configuration_hash(
            {
                "financial_source_digest": digest,
                "policy_version_id": str(full_version.version_id),
                "plan_input_hash": plan.input_hash,
                "catalogue": catalogue.model_dump(mode="json"),
                "planning_deadline_at": None,
            }
        )
        response = FullRecoveryPlanningResponse(
            user_id=USER,
            policy_id=full.policy_id,
            as_of=NOW,
            state="COMPUTED",
            plan=plan,
            catalogue=catalogue,
            catalogue_bindings=[
                CatalogProductBinding(
                    product_id=product.product_id,
                    catalogue_version_id=metadata.catalogue_version_id,
                    product_record_hash=product_hash,
                    terms_digest=product.terms_digest,
                )
            ],
            source_evidence_ids=source_ids,
            source_issues=[],
            input_hash=response_hash,
            limitations=[],
        )
        ctx = ExecutionContext(
            user_id=USER,
            snapshot=planning.snapshot,
            versions=versions,
            positions=planning.positions,
            boundary_products=[],
            products=[product],
            redemption_quote=quote,
            requires_confirmation=True,
        )
        financial = {
            "user_id": str(USER),
            "as_of": NOW.isoformat(),
            "snapshot": ctx.snapshot.model_dump(mode="json"),
            "versions": [row.model_dump(mode="json") for row in versions],
            "positions": [row.model_dump(mode="json") for row in planning.positions],
        }
        financial_hash = configuration_hash(financial)
        original_execution = execution_fixture(delay).model_copy(
            update={
                "candidate": plan.candidates[0],
                "deadline_at": plan.deadline_at,
                "original_effect": execution_fixture(delay).original_effect.model_copy(
                    update={"quote_id": quote.quote_id}
                ),
                "planning_input_hash": plan.input_hash,
                "planning_response_hash": response_hash,
                "candidate_position_ids": [row.position_id for row in plan.candidates],
                "selected_position_ids": [row.position_id for row in plan.lossless_steps],
                "source_refs": [
                    {
                        "user_id": USER,
                        "evidence_id": bank_id,
                        "content_hash": raw["evidence_items"][0]["content_hash"],
                    }
                ],
            }
        )
        # Parse the complete strict input; model_copy never substitutes for type validation.
        original_execution = type(original_execution).model_validate(original_execution.model_dump())
        producer = RecoveryProducerInput(
            full_policy_id=full.policy_id,
            full_policy=full,
            planning_inputs=planning,
            original_planning=response,
        )
        old_effect = original_execution.original_effect
        old_facts = AutonomyFacts(
            user_id=USER,
            as_of=NOW,
            action_type="REDEEM_ASSET",
            initiation="CONFIRMED_POLICY",
>           authority=AuthorityAssessment(
                status="VALID", policy_version_ids=old_effect.policy_version_ids
            ),
            effect=old_effect,
            validation=revalidate_execution(old_effect, ctx),
            source_context_hash=financial_hash,
        )
E       pydantic_core._pydantic_core.ValidationError: 1 validation error for AuthorityAssessment
E       status
E         Input should be 'AUTHORIZED', 'OUTSIDE_AUTHORITY', 'STALE_VERSION' or 'MISSING_EVIDENCE' [type=literal_error, input_value='VALID', input_type=str]
E           For further information visit https://errors.pydantic.dev/2.13/v/literal_error

apps\api\app\tests\test_full_action_set_recovery_producers.py:349: ValidationError
_ test_missing_or_changed_originals_are_unknown_and_do_not_clear_missing_family[drop_position] _

mode = 'drop_position'

    @pytest.mark.parametrize(
        "mode",
        [
            "drop_position",
            "drop_command",
            "owner",
            "epoch",
            "audit",
            "cash",
            "source_hash",
            "quote",
            "expired_quote",
            "catalogue",
            "catalogue_drop",
            "full_version",
            "full_hash",
            "deadline",
            "old_confirmation",
            "ask",
            "full_protection",
            "capacity",
        ],
    )
    def test_missing_or_changed_originals_are_unknown_and_do_not_clear_missing_family(
        mode: str,
    ) -> None:
        def mutation(raw: dict[str, Any]) -> None:
            item = raw["producers"][0]
            inventory = raw["original_actual_input"]["base"]["original_inventory"]
            if mode == "drop_position":
                raw["original_position_ids"] = []
            elif mode == "drop_command":
                inventory["action_plans"].append(
                    {
                        "id": str(UUID(int=888)),
                        "user_id": str(USER),
                        "action_type": "ASSET_REDEEM",
                        "request": {},
                    }
                )
            elif mode == "owner":
                inventory["asset_positions"][0]["user_id"] = str(UUID(int=999))
            elif mode == "epoch":
                item["full_policy"]["epoch_id"] = str(UUID(int=999))
            elif mode == "audit":
                raw["original_actual_input"]["base"]["audit_verified"] = False
            elif mode == "cash":
                item["planning_inputs"]["snapshot"]["cash_accounts"][0]["balance_cents"] += 1
            elif mode == "source_hash":
                inventory["evidence_items"][0]["content_hash"] = "0" * 64
            elif mode == "quote":
                inventory["evidence_items"][1]["content"]["quote"]["net_cents"] -= 1
            elif mode == "expired_quote":
                item["planning_inputs"]["holdings"][0]["original"]["quote"]["expires_at"] = (
                    NOW.isoformat()
                )
            elif mode == "catalogue":
                inventory["asset_products"][0]["risk_level"] = 1
            elif mode == "catalogue_drop":
                inventory["product_catalog_versions"] = []
            elif mode == "full_version":
                item["execution_inputs"]["full_policy_version_id"] = str(UUID(int=999))
            elif mode == "full_hash":
                item["full_policy"]["current_version"]["content_hash"] = "f" * 64
            elif mode == "deadline":
                item["execution_inputs"]["deadline_at"] = (NOW + timedelta(minutes=1)).isoformat()
            elif mode == "old_confirmation":
                item["candidate"]["facts"]["confirmation"] = {
                    "user_id": str(USER),
                    "operation_id": item["candidate"]["facts"]["effect"]["operation_id"],
                    "effect_hash": item["candidate"]["facts"]["validation"]["effect_hash"],
                    "evidence_id": str(UUID(int=991)),
                    "confirmed_at": NOW.isoformat(),
                    "expires_at": (NOW + timedelta(minutes=5)).isoformat(),
                }
            elif mode == "ask":
                item["candidate"]["execution_context"]["requires_confirmation"] = False
            elif mode == "full_protection":
                item["candidate"]["full_protection"] = None
            elif mode == "capacity":
                raw["source_reasons"] = ["RECOVERY_CAPTURE_CAPACITY_EXCEEDED"]
    
>       result = derive_recovery_producers(changed(fixture(), mutation))
                                                   ^^^^^^^^^

apps\api\app\tests\test_full_action_set_recovery_producers.py:530: 
_ _ _ _ _ _ _ _ _ _ _ _ _ _ _ _ _ _ _ _ _ _ _ _ _ _ _ _ _ _ _ _ _ _ _ _ _ _ _ _

delay = 0, cash = 70000

    def fixture(*, delay: int = 0, cash: int = 70000) -> RecoveryActionSetInput:
        planning = planning_fixture([holding(delay=delay)])
        metadata = planning.holdings[0]
        original = metadata.original
        authorization = original.original_authorization
        assert authorization is not None and original.quote is not None
        raw: dict[str, list[dict[str, Any]]] = {name: [] for name in REQUIRED_TABLES}
        raw["users"] = [{"id": str(USER), "is_simulated": True}]
        raw["accounts"] = [
            {
                "id": str(original.destination_account_id),
                "user_id": str(USER),
                "account_type": "CASH",
                "balance_cents": cash,
            },
            {
                "id": str(original.account_id),
                "user_id": str(USER),
                "account_type": "ASSET",
                "balance_cents": 0,
            },
        ]
        bank_id, quote_id, full_evidence_id = UUID(int=610), UUID(int=611), UUID(int=612)
        quote = original.quote.model_copy(update={"evidence_ids": [quote_id]})
        original = original.model_copy(update={"quote": quote, "evidence_ids": [bank_id]})
        metadata = metadata.model_copy(update={"original": original})
        product = original.product
        canonical = product.model_dump(mode="json", exclude={"product_id", "terms_digest"}) | {
            "id": str(product.product_id),
            "early_withdrawal_rule": {},
            "currency": "CNY",
        }
        product_hash = configuration_hash(canonical)
        metadata = metadata.model_copy(update={"product_record_hash": product_hash})
        raw["asset_products"] = [canonical]
        raw["product_catalog_versions"] = [
            {
                "id": str(metadata.catalogue_version_id),
                "product_id": str(product.product_id),
                "product_code": product.product_code,
                "version_number": product.version_number,
                "protocol_version": "product-catalog-v1",
                "canonical_product": canonical,
                "product_hash": product_hash,
                "terms_digest": product.terms_digest,
            }
        ]
        raw["asset_positions"] = [
            {
                "id": str(original.position_id),
                "user_id": str(USER),
                "product_id": str(product.product_id),
                "account_id": str(original.account_id),
                "goal_id": None,
                "status": "HELD",
                "policy_version_id": str(authorization.version_id),
                "principal_cents": quote.principal_cents,
                "purchased_at": original.purchased_at.isoformat(),
                "maturity_at": None,
            }
        ]
        versions = [*planning.boundary_versions, authorization]
        for version in versions:
            raw["policies"].append(
                {"id": str(version.policy_id), "user_id": str(USER), "status": "ACTIVE"}
            )
            raw["policy_versions"].append(
                {
                    "id": str(version.version_id),
                    "user_id": str(USER),
                    "policy_id": str(version.policy_id),
                    "version_number": 1,
                    "configuration": version.configuration,
                    "content_hash": version.content_hash,
                    "confirmed_at": version.confirmed_at.isoformat(),
                    "valid_from": version.valid_from.isoformat(),
                    "valid_until": None,
                }
            )
        bank_content = {
            "position_id": str(original.position_id),
            "return_account_id": str(original.destination_account_id),
            "acquisition": "synthetic_auto_purchase",
            "fixture_tier": "SYNTHETIC_TOOL_ONLY",
        }
        quote_content = {
            "protocol": "recovery-quote-v1",
            "user_id": str(USER),
            "position_id": str(original.position_id),
            "destination_account_id": str(original.destination_account_id),
            "goal_id": None,
            "quote": quote.model_dump(mode="json"),
        }
        for identity, source, content in (
            (bank_id, "SIMULATED_BANK_POSITION", bank_content),
            (quote_id, "SIMULATED_REDEMPTION_QUOTE", quote_content),
            (full_evidence_id, "SYNTHETIC_USER_DECLARATION", {"fixture_tier": "SYNTHETIC_TOOL_ONLY"}),
        ):
            raw["evidence_items"].append(
                {
                    "id": str(identity),
                    "user_id": str(USER),
                    "source_type": source,
                    "source_ref": "synthetic:no-bank",
                    "content": content,
                    "content_hash": configuration_hash(content),
                    "status": "VALID",
                    "evidence_level": "USER_DECLARED"
                    if identity == full_evidence_id
                    else "BANK_CONFIRMED",
                    "observed_at": NOW.isoformat(),
                    "valid_from": (NOW - timedelta(days=30)).isoformat(),
                    "valid_to": None,
                }
            )
        config = planning.configuration.model_dump(mode="json")
        config_hash = configuration_hash(config)
        full_version = FullVersionView(
            version_id=planning.policy_version_id,
            policy_id=planning.policy_id,
            version_number=1,
            configuration=config,
            content_hash=config_hash,
            previous_hash=None,
            summary="synthetic",
            confirmation={"accepted": True, "reviewed_hash": config_hash},
            confirmed_at=planning.confirmed_at,
            valid_from=planning.valid_from,
            valid_until=None,
            change_reason="synthetic",
            evidence_ids=[full_evidence_id],
            impact_analysis={},
            confirmation_evidence_status="CURRENT_EVIDENCE_MATCHED",
        )
        full = FullPolicyView(
            policy_id=planning.policy_id,
            epoch_id=EPOCH,
            template_name="RecoveryPolicy",
            name="synthetic",
            status="ACTIVE",
            effective_status="ACTIVE",
            planning_confirmation_valid=True,
            reference_validation="CURRENT",
            current_version=full_version,
            updated_at=NOW,
        )
        raw["full_policies"] = [
            {
                "id": str(full.policy_id),
                "user_id": str(USER),
                "epoch_id": str(EPOCH),
                "template_name": "RecoveryPolicy",
                "status": "ACTIVE",
            }
        ]
        raw["full_policy_versions"] = [
            {
                "id": str(full_version.version_id),
                "user_id": str(USER),
                "policy_id": str(full.policy_id),
                "version_number": 1,
                "configuration": config,
                "content_hash": config_hash,
                "confirmation": full_version.confirmation,
                "impact_analysis": {},
                "previous_hash": None,
                "evidence_ids": [str(full_evidence_id)],
                "confirmed_at": planning.confirmed_at.isoformat(),
                "valid_from": planning.valid_from.isoformat(),
                "valid_until": None,
            }
        ]
        source_ids = [bank_id, quote_id, full_evidence_id]
        digest = configuration_hash(
            {
                "user_id": str(USER),
                "as_of": NOW.isoformat(),
                "sources": [
                    {"id": row["id"], "hash": row["content_hash"]}
                    for row in sorted(raw["evidence_items"], key=lambda row: row["id"])
                ],
                "issues": [],
            }
        )
        planning = planning.model_copy(
            update={
                "snapshot": planning.snapshot.model_copy(
                    update={
                        "source_digest": digest,
                        "cash_accounts": [
                            planning.snapshot.cash_accounts[0].model_copy(
                                update={"balance_cents": cash}
                            )
                        ],
                    }
                ),
                "boundary_versions": versions,
                "holdings": [metadata],
            }
        )
        plan = plan_full_recovery(planning)
        catalogue = CatalogReadResponse(
            state="REGISTERED",
            versions=[
                CatalogVersionView(
                    id=metadata.catalogue_version_id,
                    product_id=product.product_id,
                    product_code=product.product_code,
                    version_number=product.version_number,
                    original_product=canonical,
                    product_hash=product_hash,
                    terms_digest=product.terms_digest,
                    observed_at=NOW - timedelta(days=30),
                    effective_from=product.effective_from,
                    effective_until=product.effective_until,
                    current_source_matched=True,
                )
            ],
            unregistered_product_ids=[],
            issues=[],
            complete_within_registered_capacity=True,
        )
        response_hash = configuration_hash(
            {
                "financial_source_digest": digest,
                "policy_version_id": str(full_version.version_id),
                "plan_input_hash": plan.input_hash,
                "catalogue": catalogue.model_dump(mode="json"),
                "planning_deadline_at": None,
            }
        )
        response = FullRecoveryPlanningResponse(
            user_id=USER,
            policy_id=full.policy_id,
            as_of=NOW,
            state="COMPUTED",
            plan=plan,
            catalogue=catalogue,
            catalogue_bindings=[
                CatalogProductBinding(
                    product_id=product.product_id,
                    catalogue_version_id=metadata.catalogue_version_id,
                    product_record_hash=product_hash,
                    terms_digest=product.terms_digest,
                )
            ],
            source_evidence_ids=source_ids,
            source_issues=[],
            input_hash=response_hash,
            limitations=[],
        )
        ctx = ExecutionContext(
            user_id=USER,
            snapshot=planning.snapshot,
            versions=versions,
            positions=planning.positions,
            boundary_products=[],
            products=[product],
            redemption_quote=quote,
            requires_confirmation=True,
        )
        financial = {
            "user_id": str(USER),
            "as_of": NOW.isoformat(),
            "snapshot": ctx.snapshot.model_dump(mode="json"),
            "versions": [row.model_dump(mode="json") for row in versions],
            "positions": [row.model_dump(mode="json") for row in planning.positions],
        }
        financial_hash = configuration_hash(financial)
        original_execution = execution_fixture(delay).model_copy(
            update={
                "candidate": plan.candidates[0],
                "deadline_at": plan.deadline_at,
                "original_effect": execution_fixture(delay).original_effect.model_copy(
                    update={"quote_id": quote.quote_id}
                ),
                "planning_input_hash": plan.input_hash,
                "planning_response_hash": response_hash,
                "candidate_position_ids": [row.position_id for row in plan.candidates],
                "selected_position_ids": [row.position_id for row in plan.lossless_steps],
                "source_refs": [
                    {
                        "user_id": USER,
                        "evidence_id": bank_id,
                        "content_hash": raw["evidence_items"][0]["content_hash"],
                    }
                ],
            }
        )
        # Parse the complete strict input; model_copy never substitutes for type validation.
        original_execution = type(original_execution).model_validate(original_execution.model_dump())
        producer = RecoveryProducerInput(
            full_policy_id=full.policy_id,
            full_policy=full,
            planning_inputs=planning,
            original_planning=response,
        )
        old_effect = original_execution.original_effect
        old_facts = AutonomyFacts(
            user_id=USER,
            as_of=NOW,
            action_type="REDEEM_ASSET",
            initiation="CONFIRMED_POLICY",
>           authority=AuthorityAssessment(
                status="VALID", policy_version_ids=old_effect.policy_version_ids
            ),
            effect=old_effect,
            validation=revalidate_execution(old_effect, ctx),
            source_context_hash=financial_hash,
        )
E       pydantic_core._pydantic_core.ValidationError: 1 validation error for AuthorityAssessment
E       status
E         Input should be 'AUTHORIZED', 'OUTSIDE_AUTHORITY', 'STALE_VERSION' or 'MISSING_EVIDENCE' [type=literal_error, input_value='VALID', input_type=str]
E           For further information visit https://errors.pydantic.dev/2.13/v/literal_error

apps\api\app\tests\test_full_action_set_recovery_producers.py:349: ValidationError
_ test_missing_or_changed_originals_are_unknown_and_do_not_clear_missing_family[drop_command] _

mode = 'drop_command'

    @pytest.mark.parametrize(
        "mode",
        [
            "drop_position",
            "drop_command",
            "owner",
            "epoch",
            "audit",
            "cash",
            "source_hash",
            "quote",
            "expired_quote",
            "catalogue",
            "catalogue_drop",
            "full_version",
            "full_hash",
            "deadline",
            "old_confirmation",
            "ask",
            "full_protection",
            "capacity",
        ],
    )
    def test_missing_or_changed_originals_are_unknown_and_do_not_clear_missing_family(
        mode: str,
    ) -> None:
        def mutation(raw: dict[str, Any]) -> None:
            item = raw["producers"][0]
            inventory = raw["original_actual_input"]["base"]["original_inventory"]
            if mode == "drop_position":
                raw["original_position_ids"] = []
            elif mode == "drop_command":
                inventory["action_plans"].append(
                    {
                        "id": str(UUID(int=888)),
                        "user_id": str(USER),
                        "action_type": "ASSET_REDEEM",
                        "request": {},
                    }
                )
            elif mode == "owner":
                inventory["asset_positions"][0]["user_id"] = str(UUID(int=999))
            elif mode == "epoch":
                item["full_policy"]["epoch_id"] = str(UUID(int=999))
            elif mode == "audit":
                raw["original_actual_input"]["base"]["audit_verified"] = False
            elif mode == "cash":
                item["planning_inputs"]["snapshot"]["cash_accounts"][0]["balance_cents"] += 1
            elif mode == "source_hash":
                inventory["evidence_items"][0]["content_hash"] = "0" * 64
            elif mode == "quote":
                inventory["evidence_items"][1]["content"]["quote"]["net_cents"] -= 1
            elif mode == "expired_quote":
                item["planning_inputs"]["holdings"][0]["original"]["quote"]["expires_at"] = (
                    NOW.isoformat()
                )
            elif mode == "catalogue":
                inventory["asset_products"][0]["risk_level"] = 1
            elif mode == "catalogue_drop":
                inventory["product_catalog_versions"] = []
            elif mode == "full_version":
                item["execution_inputs"]["full_policy_version_id"] = str(UUID(int=999))
            elif mode == "full_hash":
                item["full_policy"]["current_version"]["content_hash"] = "f" * 64
            elif mode == "deadline":
                item["execution_inputs"]["deadline_at"] = (NOW + timedelta(minutes=1)).isoformat()
            elif mode == "old_confirmation":
                item["candidate"]["facts"]["confirmation"] = {
                    "user_id": str(USER),
                    "operation_id": item["candidate"]["facts"]["effect"]["operation_id"],
                    "effect_hash": item["candidate"]["facts"]["validation"]["effect_hash"],
                    "evidence_id": str(UUID(int=991)),
                    "confirmed_at": NOW.isoformat(),
                    "expires_at": (NOW + timedelta(minutes=5)).isoformat(),
                }
            elif mode == "ask":
                item["candidate"]["execution_context"]["requires_confirmation"] = False
            elif mode == "full_protection":
                item["candidate"]["full_protection"] = None
            elif mode == "capacity":
                raw["source_reasons"] = ["RECOVERY_CAPTURE_CAPACITY_EXCEEDED"]
    
>       result = derive_recovery_producers(changed(fixture(), mutation))
                                                   ^^^^^^^^^

apps\api\app\tests\test_full_action_set_recovery_producers.py:530: 
_ _ _ _ _ _ _ _ _ _ _ _ _ _ _ _ _ _ _ _ _ _ _ _ _ _ _ _ _ _ _ _ _ _ _ _ _ _ _ _

delay = 0, cash = 70000

    def fixture(*, delay: int = 0, cash: int = 70000) -> RecoveryActionSetInput:
        planning = planning_fixture([holding(delay=delay)])
        metadata = planning.holdings[0]
        original = metadata.original
        authorization = original.original_authorization
        assert authorization is not None and original.quote is not None
        raw: dict[str, list[dict[str, Any]]] = {name: [] for name in REQUIRED_TABLES}
        raw["users"] = [{"id": str(USER), "is_simulated": True}]
        raw["accounts"] = [
            {
                "id": str(original.destination_account_id),
                "user_id": str(USER),
                "account_type": "CASH",
                "balance_cents": cash,
            },
            {
                "id": str(original.account_id),
                "user_id": str(USER),
                "account_type": "ASSET",
                "balance_cents": 0,
            },
        ]
        bank_id, quote_id, full_evidence_id = UUID(int=610), UUID(int=611), UUID(int=612)
        quote = original.quote.model_copy(update={"evidence_ids": [quote_id]})
        original = original.model_copy(update={"quote": quote, "evidence_ids": [bank_id]})
        metadata = metadata.model_copy(update={"original": original})
        product = original.product
        canonical = product.model_dump(mode="json", exclude={"product_id", "terms_digest"}) | {
            "id": str(product.product_id),
            "early_withdrawal_rule": {},
            "currency": "CNY",
        }
        product_hash = configuration_hash(canonical)
        metadata = metadata.model_copy(update={"product_record_hash": product_hash})
        raw["asset_products"] = [canonical]
        raw["product_catalog_versions"] = [
            {
                "id": str(metadata.catalogue_version_id),
                "product_id": str(product.product_id),
                "product_code": product.product_code,
                "version_number": product.version_number,
                "protocol_version": "product-catalog-v1",
                "canonical_product": canonical,
                "product_hash": product_hash,
                "terms_digest": product.terms_digest,
            }
        ]
        raw["asset_positions"] = [
            {
                "id": str(original.position_id),
                "user_id": str(USER),
                "product_id": str(product.product_id),
                "account_id": str(original.account_id),
                "goal_id": None,
                "status": "HELD",
                "policy_version_id": str(authorization.version_id),
                "principal_cents": quote.principal_cents,
                "purchased_at": original.purchased_at.isoformat(),
                "maturity_at": None,
            }
        ]
        versions = [*planning.boundary_versions, authorization]
        for version in versions:
            raw["policies"].append(
                {"id": str(version.policy_id), "user_id": str(USER), "status": "ACTIVE"}
            )
            raw["policy_versions"].append(
                {
                    "id": str(version.version_id),
                    "user_id": str(USER),
                    "policy_id": str(version.policy_id),
                    "version_number": 1,
                    "configuration": version.configuration,
                    "content_hash": version.content_hash,
                    "confirmed_at": version.confirmed_at.isoformat(),
                    "valid_from": version.valid_from.isoformat(),
                    "valid_until": None,
                }
            )
        bank_content = {
            "position_id": str(original.position_id),
            "return_account_id": str(original.destination_account_id),
            "acquisition": "synthetic_auto_purchase",
            "fixture_tier": "SYNTHETIC_TOOL_ONLY",
        }
        quote_content = {
            "protocol": "recovery-quote-v1",
            "user_id": str(USER),
            "position_id": str(original.position_id),
            "destination_account_id": str(original.destination_account_id),
            "goal_id": None,
            "quote": quote.model_dump(mode="json"),
        }
        for identity, source, content in (
            (bank_id, "SIMULATED_BANK_POSITION", bank_content),
            (quote_id, "SIMULATED_REDEMPTION_QUOTE", quote_content),
            (full_evidence_id, "SYNTHETIC_USER_DECLARATION", {"fixture_tier": "SYNTHETIC_TOOL_ONLY"}),
        ):
            raw["evidence_items"].append(
                {
                    "id": str(identity),
                    "user_id": str(USER),
                    "source_type": source,
                    "source_ref": "synthetic:no-bank",
                    "content": content,
                    "content_hash": configuration_hash(content),
                    "status": "VALID",
                    "evidence_level": "USER_DECLARED"
                    if identity == full_evidence_id
                    else "BANK_CONFIRMED",
                    "observed_at": NOW.isoformat(),
                    "valid_from": (NOW - timedelta(days=30)).isoformat(),
                    "valid_to": None,
                }
            )
        config = planning.configuration.model_dump(mode="json")
        config_hash = configuration_hash(config)
        full_version = FullVersionView(
            version_id=planning.policy_version_id,
            policy_id=planning.policy_id,
            version_number=1,
            configuration=config,
            content_hash=config_hash,
            previous_hash=None,
            summary="synthetic",
            confirmation={"accepted": True, "reviewed_hash": config_hash},
            confirmed_at=planning.confirmed_at,
            valid_from=planning.valid_from,
            valid_until=None,
            change_reason="synthetic",
            evidence_ids=[full_evidence_id],
            impact_analysis={},
            confirmation_evidence_status="CURRENT_EVIDENCE_MATCHED",
        )
        full = FullPolicyView(
            policy_id=planning.policy_id,
            epoch_id=EPOCH,
            template_name="RecoveryPolicy",
            name="synthetic",
            status="ACTIVE",
            effective_status="ACTIVE",
            planning_confirmation_valid=True,
            reference_validation="CURRENT",
            current_version=full_version,
            updated_at=NOW,
        )
        raw["full_policies"] = [
            {
                "id": str(full.policy_id),
                "user_id": str(USER),
                "epoch_id": str(EPOCH),
                "template_name": "RecoveryPolicy",
                "status": "ACTIVE",
            }
        ]
        raw["full_policy_versions"] = [
            {
                "id": str(full_version.version_id),
                "user_id": str(USER),
                "policy_id": str(full.policy_id),
                "version_number": 1,
                "configuration": config,
                "content_hash": config_hash,
                "confirmation": full_version.confirmation,
                "impact_analysis": {},
                "previous_hash": None,
                "evidence_ids": [str(full_evidence_id)],
                "confirmed_at": planning.confirmed_at.isoformat(),
                "valid_from": planning.valid_from.isoformat(),
                "valid_until": None,
            }
        ]
        source_ids = [bank_id, quote_id, full_evidence_id]
        digest = configuration_hash(
            {
                "user_id": str(USER),
                "as_of": NOW.isoformat(),
                "sources": [
                    {"id": row["id"], "hash": row["content_hash"]}
                    for row in sorted(raw["evidence_items"], key=lambda row: row["id"])
                ],
                "issues": [],
            }
        )
        planning = planning.model_copy(
            update={
                "snapshot": planning.snapshot.model_copy(
                    update={
                        "source_digest": digest,
                        "cash_accounts": [
                            planning.snapshot.cash_accounts[0].model_copy(
                                update={"balance_cents": cash}
                            )
                        ],
                    }
                ),
                "boundary_versions": versions,
                "holdings": [metadata],
            }
        )
        plan = plan_full_recovery(planning)
        catalogue = CatalogReadResponse(
            state="REGISTERED",
            versions=[
                CatalogVersionView(
                    id=metadata.catalogue_version_id,
                    product_id=product.product_id,
                    product_code=product.product_code,
                    version_number=product.version_number,
                    original_product=canonical,
                    product_hash=product_hash,
                    terms_digest=product.terms_digest,
                    observed_at=NOW - timedelta(days=30),
                    effective_from=product.effective_from,
                    effective_until=product.effective_until,
                    current_source_matched=True,
                )
            ],
            unregistered_product_ids=[],
            issues=[],
            complete_within_registered_capacity=True,
        )
        response_hash = configuration_hash(
            {
                "financial_source_digest": digest,
                "policy_version_id": str(full_version.version_id),
                "plan_input_hash": plan.input_hash,
                "catalogue": catalogue.model_dump(mode="json"),
                "planning_deadline_at": None,
            }
        )
        response = FullRecoveryPlanningResponse(
            user_id=USER,
            policy_id=full.policy_id,
            as_of=NOW,
            state="COMPUTED",
            plan=plan,
            catalogue=catalogue,
            catalogue_bindings=[
                CatalogProductBinding(
                    product_id=product.product_id,
                    catalogue_version_id=metadata.catalogue_version_id,
                    product_record_hash=product_hash,
                    terms_digest=product.terms_digest,
                )
            ],
            source_evidence_ids=source_ids,
            source_issues=[],
            input_hash=response_hash,
            limitations=[],
        )
        ctx = ExecutionContext(
            user_id=USER,
            snapshot=planning.snapshot,
            versions=versions,
            positions=planning.positions,
            boundary_products=[],
            products=[product],
            redemption_quote=quote,
            requires_confirmation=True,
        )
        financial = {
            "user_id": str(USER),
            "as_of": NOW.isoformat(),
            "snapshot": ctx.snapshot.model_dump(mode="json"),
            "versions": [row.model_dump(mode="json") for row in versions],
            "positions": [row.model_dump(mode="json") for row in planning.positions],
        }
        financial_hash = configuration_hash(financial)
        original_execution = execution_fixture(delay).model_copy(
            update={
                "candidate": plan.candidates[0],
                "deadline_at": plan.deadline_at,
                "original_effect": execution_fixture(delay).original_effect.model_copy(
                    update={"quote_id": quote.quote_id}
                ),
                "planning_input_hash": plan.input_hash,
                "planning_response_hash": response_hash,
                "candidate_position_ids": [row.position_id for row in plan.candidates],
                "selected_position_ids": [row.position_id for row in plan.lossless_steps],
                "source_refs": [
                    {
                        "user_id": USER,
                        "evidence_id": bank_id,
                        "content_hash": raw["evidence_items"][0]["content_hash"],
                    }
                ],
            }
        )
        # Parse the complete strict input; model_copy never substitutes for type validation.
        original_execution = type(original_execution).model_validate(original_execution.model_dump())
        producer = RecoveryProducerInput(
            full_policy_id=full.policy_id,
            full_policy=full,
            planning_inputs=planning,
            original_planning=response,
        )
        old_effect = original_execution.original_effect
        old_facts = AutonomyFacts(
            user_id=USER,
            as_of=NOW,
            action_type="REDEEM_ASSET",
            initiation="CONFIRMED_POLICY",
>           authority=AuthorityAssessment(
                status="VALID", policy_version_ids=old_effect.policy_version_ids
            ),
            effect=old_effect,
            validation=revalidate_execution(old_effect, ctx),
            source_context_hash=financial_hash,
        )
E       pydantic_core._pydantic_core.ValidationError: 1 validation error for AuthorityAssessment
E       status
E         Input should be 'AUTHORIZED', 'OUTSIDE_AUTHORITY', 'STALE_VERSION' or 'MISSING_EVIDENCE' [type=literal_error, input_value='VALID', input_type=str]
E           For further information visit https://errors.pydantic.dev/2.13/v/literal_error

apps\api\app\tests\test_full_action_set_recovery_producers.py:349: ValidationError
_ test_missing_or_changed_originals_are_unknown_and_do_not_clear_missing_family[owner] _

mode = 'owner'

    @pytest.mark.parametrize(
        "mode",
        [
            "drop_position",
            "drop_command",
            "owner",
            "epoch",
            "audit",
            "cash",
            "source_hash",
            "quote",
            "expired_quote",
            "catalogue",
            "catalogue_drop",
            "full_version",
            "full_hash",
            "deadline",
            "old_confirmation",
            "ask",
            "full_protection",
            "capacity",
        ],
    )
    def test_missing_or_changed_originals_are_unknown_and_do_not_clear_missing_family(
        mode: str,
    ) -> None:
        def mutation(raw: dict[str, Any]) -> None:
            item = raw["producers"][0]
            inventory = raw["original_actual_input"]["base"]["original_inventory"]
            if mode == "drop_position":
                raw["original_position_ids"] = []
            elif mode == "drop_command":
                inventory["action_plans"].append(
                    {
                        "id": str(UUID(int=888)),
                        "user_id": str(USER),
                        "action_type": "ASSET_REDEEM",
                        "request": {},
                    }
                )
            elif mode == "owner":
                inventory["asset_positions"][0]["user_id"] = str(UUID(int=999))
            elif mode == "epoch":
                item["full_policy"]["epoch_id"] = str(UUID(int=999))
            elif mode == "audit":
                raw["original_actual_input"]["base"]["audit_verified"] = False
            elif mode == "cash":
                item["planning_inputs"]["snapshot"]["cash_accounts"][0]["balance_cents"] += 1
            elif mode == "source_hash":
                inventory["evidence_items"][0]["content_hash"] = "0" * 64
            elif mode == "quote":
                inventory["evidence_items"][1]["content"]["quote"]["net_cents"] -= 1
            elif mode == "expired_quote":
                item["planning_inputs"]["holdings"][0]["original"]["quote"]["expires_at"] = (
                    NOW.isoformat()
                )
            elif mode == "catalogue":
                inventory["asset_products"][0]["risk_level"] = 1
            elif mode == "catalogue_drop":
                inventory["product_catalog_versions"] = []
            elif mode == "full_version":
                item["execution_inputs"]["full_policy_version_id"] = str(UUID(int=999))
            elif mode == "full_hash":
                item["full_policy"]["current_version"]["content_hash"] = "f" * 64
            elif mode == "deadline":
                item["execution_inputs"]["deadline_at"] = (NOW + timedelta(minutes=1)).isoformat()
            elif mode == "old_confirmation":
                item["candidate"]["facts"]["confirmation"] = {
                    "user_id": str(USER),
                    "operation_id": item["candidate"]["facts"]["effect"]["operation_id"],
                    "effect_hash": item["candidate"]["facts"]["validation"]["effect_hash"],
                    "evidence_id": str(UUID(int=991)),
                    "confirmed_at": NOW.isoformat(),
                    "expires_at": (NOW + timedelta(minutes=5)).isoformat(),
                }
            elif mode == "ask":
                item["candidate"]["execution_context"]["requires_confirmation"] = False
            elif mode == "full_protection":
                item["candidate"]["full_protection"] = None
            elif mode == "capacity":
                raw["source_reasons"] = ["RECOVERY_CAPTURE_CAPACITY_EXCEEDED"]
    
>       result = derive_recovery_producers(changed(fixture(), mutation))
                                                   ^^^^^^^^^

apps\api\app\tests\test_full_action_set_recovery_producers.py:530: 
_ _ _ _ _ _ _ _ _ _ _ _ _ _ _ _ _ _ _ _ _ _ _ _ _ _ _ _ _ _ _ _ _ _ _ _ _ _ _ _

delay = 0, cash = 70000

    def fixture(*, delay: int = 0, cash: int = 70000) -> RecoveryActionSetInput:
        planning = planning_fixture([holding(delay=delay)])
        metadata = planning.holdings[0]
        original = metadata.original
        authorization = original.original_authorization
        assert authorization is not None and original.quote is not None
        raw: dict[str, list[dict[str, Any]]] = {name: [] for name in REQUIRED_TABLES}
        raw["users"] = [{"id": str(USER), "is_simulated": True}]
        raw["accounts"] = [
            {
                "id": str(original.destination_account_id),
                "user_id": str(USER),
                "account_type": "CASH",
                "balance_cents": cash,
            },
            {
                "id": str(original.account_id),
                "user_id": str(USER),
                "account_type": "ASSET",
                "balance_cents": 0,
            },
        ]
        bank_id, quote_id, full_evidence_id = UUID(int=610), UUID(int=611), UUID(int=612)
        quote = original.quote.model_copy(update={"evidence_ids": [quote_id]})
        original = original.model_copy(update={"quote": quote, "evidence_ids": [bank_id]})
        metadata = metadata.model_copy(update={"original": original})
        product = original.product
        canonical = product.model_dump(mode="json", exclude={"product_id", "terms_digest"}) | {
            "id": str(product.product_id),
            "early_withdrawal_rule": {},
            "currency": "CNY",
        }
        product_hash = configuration_hash(canonical)
        metadata = metadata.model_copy(update={"product_record_hash": product_hash})
        raw["asset_products"] = [canonical]
        raw["product_catalog_versions"] = [
            {
                "id": str(metadata.catalogue_version_id),
                "product_id": str(product.product_id),
                "product_code": product.product_code,
                "version_number": product.version_number,
                "protocol_version": "product-catalog-v1",
                "canonical_product": canonical,
                "product_hash": product_hash,
                "terms_digest": product.terms_digest,
            }
        ]
        raw["asset_positions"] = [
            {
                "id": str(original.position_id),
                "user_id": str(USER),
                "product_id": str(product.product_id),
                "account_id": str(original.account_id),
                "goal_id": None,
                "status": "HELD",
                "policy_version_id": str(authorization.version_id),
                "principal_cents": quote.principal_cents,
                "purchased_at": original.purchased_at.isoformat(),
                "maturity_at": None,
            }
        ]
        versions = [*planning.boundary_versions, authorization]
        for version in versions:
            raw["policies"].append(
                {"id": str(version.policy_id), "user_id": str(USER), "status": "ACTIVE"}
            )
            raw["policy_versions"].append(
                {
                    "id": str(version.version_id),
                    "user_id": str(USER),
                    "policy_id": str(version.policy_id),
                    "version_number": 1,
                    "configuration": version.configuration,
                    "content_hash": version.content_hash,
                    "confirmed_at": version.confirmed_at.isoformat(),
                    "valid_from": version.valid_from.isoformat(),
                    "valid_until": None,
                }
            )
        bank_content = {
            "position_id": str(original.position_id),
            "return_account_id": str(original.destination_account_id),
            "acquisition": "synthetic_auto_purchase",
            "fixture_tier": "SYNTHETIC_TOOL_ONLY",
        }
        quote_content = {
            "protocol": "recovery-quote-v1",
            "user_id": str(USER),
            "position_id": str(original.position_id),
            "destination_account_id": str(original.destination_account_id),
            "goal_id": None,
            "quote": quote.model_dump(mode="json"),
        }
        for identity, source, content in (
            (bank_id, "SIMULATED_BANK_POSITION", bank_content),
            (quote_id, "SIMULATED_REDEMPTION_QUOTE", quote_content),
            (full_evidence_id, "SYNTHETIC_USER_DECLARATION", {"fixture_tier": "SYNTHETIC_TOOL_ONLY"}),
        ):
            raw["evidence_items"].append(
                {
                    "id": str(identity),
                    "user_id": str(USER),
                    "source_type": source,
                    "source_ref": "synthetic:no-bank",
                    "content": content,
                    "content_hash": configuration_hash(content),
                    "status": "VALID",
                    "evidence_level": "USER_DECLARED"
                    if identity == full_evidence_id
                    else "BANK_CONFIRMED",
                    "observed_at": NOW.isoformat(),
                    "valid_from": (NOW - timedelta(days=30)).isoformat(),
                    "valid_to": None,
                }
            )
        config = planning.configuration.model_dump(mode="json")
        config_hash = configuration_hash(config)
        full_version = FullVersionView(
            version_id=planning.policy_version_id,
            policy_id=planning.policy_id,
            version_number=1,
            configuration=config,
            content_hash=config_hash,
            previous_hash=None,
            summary="synthetic",
            confirmation={"accepted": True, "reviewed_hash": config_hash},
            confirmed_at=planning.confirmed_at,
            valid_from=planning.valid_from,
            valid_until=None,
            change_reason="synthetic",
            evidence_ids=[full_evidence_id],
            impact_analysis={},
            confirmation_evidence_status="CURRENT_EVIDENCE_MATCHED",
        )
        full = FullPolicyView(
            policy_id=planning.policy_id,
            epoch_id=EPOCH,
            template_name="RecoveryPolicy",
            name="synthetic",
            status="ACTIVE",
            effective_status="ACTIVE",
            planning_confirmation_valid=True,
            reference_validation="CURRENT",
            current_version=full_version,
            updated_at=NOW,
        )
        raw["full_policies"] = [
            {
                "id": str(full.policy_id),
                "user_id": str(USER),
                "epoch_id": str(EPOCH),
                "template_name": "RecoveryPolicy",
                "status": "ACTIVE",
            }
        ]
        raw["full_policy_versions"] = [
            {
                "id": str(full_version.version_id),
                "user_id": str(USER),
                "policy_id": str(full.policy_id),
                "version_number": 1,
                "configuration": config,
                "content_hash": config_hash,
                "confirmation": full_version.confirmation,
                "impact_analysis": {},
                "previous_hash": None,
                "evidence_ids": [str(full_evidence_id)],
                "confirmed_at": planning.confirmed_at.isoformat(),
                "valid_from": planning.valid_from.isoformat(),
                "valid_until": None,
            }
        ]
        source_ids = [bank_id, quote_id, full_evidence_id]
        digest = configuration_hash(
            {
                "user_id": str(USER),
                "as_of": NOW.isoformat(),
                "sources": [
                    {"id": row["id"], "hash": row["content_hash"]}
                    for row in sorted(raw["evidence_items"], key=lambda row: row["id"])
                ],
                "issues": [],
            }
        )
        planning = planning.model_copy(
            update={
                "snapshot": planning.snapshot.model_copy(
                    update={
                        "source_digest": digest,
                        "cash_accounts": [
                            planning.snapshot.cash_accounts[0].model_copy(
                                update={"balance_cents": cash}
                            )
                        ],
                    }
                ),
                "boundary_versions": versions,
                "holdings": [metadata],
            }
        )
        plan = plan_full_recovery(planning)
        catalogue = CatalogReadResponse(
            state="REGISTERED",
            versions=[
                CatalogVersionView(
                    id=metadata.catalogue_version_id,
                    product_id=product.product_id,
                    product_code=product.product_code,
                    version_number=product.version_number,
                    original_product=canonical,
                    product_hash=product_hash,
                    terms_digest=product.terms_digest,
                    observed_at=NOW - timedelta(days=30),
                    effective_from=product.effective_from,
                    effective_until=product.effective_until,
                    current_source_matched=True,
                )
            ],
            unregistered_product_ids=[],
            issues=[],
            complete_within_registered_capacity=True,
        )
        response_hash = configuration_hash(
            {
                "financial_source_digest": digest,
                "policy_version_id": str(full_version.version_id),
                "plan_input_hash": plan.input_hash,
                "catalogue": catalogue.model_dump(mode="json"),
                "planning_deadline_at": None,
            }
        )
        response = FullRecoveryPlanningResponse(
            user_id=USER,
            policy_id=full.policy_id,
            as_of=NOW,
            state="COMPUTED",
            plan=plan,
            catalogue=catalogue,
            catalogue_bindings=[
                CatalogProductBinding(
                    product_id=product.product_id,
                    catalogue_version_id=metadata.catalogue_version_id,
                    product_record_hash=product_hash,
                    terms_digest=product.terms_digest,
                )
            ],
            source_evidence_ids=source_ids,
            source_issues=[],
            input_hash=response_hash,
            limitations=[],
        )
        ctx = ExecutionContext(
            user_id=USER,
            snapshot=planning.snapshot,
            versions=versions,
            positions=planning.positions,
            boundary_products=[],
            products=[product],
            redemption_quote=quote,
            requires_confirmation=True,
        )
        financial = {
            "user_id": str(USER),
            "as_of": NOW.isoformat(),
            "snapshot": ctx.snapshot.model_dump(mode="json"),
            "versions": [row.model_dump(mode="json") for row in versions],
            "positions": [row.model_dump(mode="json") for row in planning.positions],
        }
        financial_hash = configuration_hash(financial)
        original_execution = execution_fixture(delay).model_copy(
            update={
                "candidate": plan.candidates[0],
                "deadline_at": plan.deadline_at,
                "original_effect": execution_fixture(delay).original_effect.model_copy(
                    update={"quote_id": quote.quote_id}
                ),
                "planning_input_hash": plan.input_hash,
                "planning_response_hash": response_hash,
                "candidate_position_ids": [row.position_id for row in plan.candidates],
                "selected_position_ids": [row.position_id for row in plan.lossless_steps],
                "source_refs": [
                    {
                        "user_id": USER,
                        "evidence_id": bank_id,
                        "content_hash": raw["evidence_items"][0]["content_hash"],
                    }
                ],
            }
        )
        # Parse the complete strict input; model_copy never substitutes for type validation.
        original_execution = type(original_execution).model_validate(original_execution.model_dump())
        producer = RecoveryProducerInput(
            full_policy_id=full.policy_id,
            full_policy=full,
            planning_inputs=planning,
            original_planning=response,
        )
        old_effect = original_execution.original_effect
        old_facts = AutonomyFacts(
            user_id=USER,
            as_of=NOW,
            action_type="REDEEM_ASSET",
            initiation="CONFIRMED_POLICY",
>           authority=AuthorityAssessment(
                status="VALID", policy_version_ids=old_effect.policy_version_ids
            ),
            effect=old_effect,
            validation=revalidate_execution(old_effect, ctx),
            source_context_hash=financial_hash,
        )
E       pydantic_core._pydantic_core.ValidationError: 1 validation error for AuthorityAssessment
E       status
E         Input should be 'AUTHORIZED', 'OUTSIDE_AUTHORITY', 'STALE_VERSION' or 'MISSING_EVIDENCE' [type=literal_error, input_value='VALID', input_type=str]
E           For further information visit https://errors.pydantic.dev/2.13/v/literal_error

apps\api\app\tests\test_full_action_set_recovery_producers.py:349: ValidationError
_ test_missing_or_changed_originals_are_unknown_and_do_not_clear_missing_family[epoch] _

mode = 'epoch'

    @pytest.mark.parametrize(
        "mode",
        [
            "drop_position",
            "drop_command",
            "owner",
            "epoch",
            "audit",
            "cash",
            "source_hash",
            "quote",
            "expired_quote",
            "catalogue",
            "catalogue_drop",
            "full_version",
            "full_hash",
            "deadline",
            "old_confirmation",
            "ask",
            "full_protection",
            "capacity",
        ],
    )
    def test_missing_or_changed_originals_are_unknown_and_do_not_clear_missing_family(
        mode: str,
    ) -> None:
        def mutation(raw: dict[str, Any]) -> None:
            item = raw["producers"][0]
            inventory = raw["original_actual_input"]["base"]["original_inventory"]
            if mode == "drop_position":
                raw["original_position_ids"] = []
            elif mode == "drop_command":
                inventory["action_plans"].append(
                    {
                        "id": str(UUID(int=888)),
                        "user_id": str(USER),
                        "action_type": "ASSET_REDEEM",
                        "request": {},
                    }
                )
            elif mode == "owner":
                inventory["asset_positions"][0]["user_id"] = str(UUID(int=999))
            elif mode == "epoch":
                item["full_policy"]["epoch_id"] = str(UUID(int=999))
            elif mode == "audit":
                raw["original_actual_input"]["base"]["audit_verified"] = False
            elif mode == "cash":
                item["planning_inputs"]["snapshot"]["cash_accounts"][0]["balance_cents"] += 1
            elif mode == "source_hash":
                inventory["evidence_items"][0]["content_hash"] = "0" * 64
            elif mode == "quote":
                inventory["evidence_items"][1]["content"]["quote"]["net_cents"] -= 1
            elif mode == "expired_quote":
                item["planning_inputs"]["holdings"][0]["original"]["quote"]["expires_at"] = (
                    NOW.isoformat()
                )
            elif mode == "catalogue":
                inventory["asset_products"][0]["risk_level"] = 1
            elif mode == "catalogue_drop":
                inventory["product_catalog_versions"] = []
            elif mode == "full_version":
                item["execution_inputs"]["full_policy_version_id"] = str(UUID(int=999))
            elif mode == "full_hash":
                item["full_policy"]["current_version"]["content_hash"] = "f" * 64
            elif mode == "deadline":
                item["execution_inputs"]["deadline_at"] = (NOW + timedelta(minutes=1)).isoformat()
            elif mode == "old_confirmation":
                item["candidate"]["facts"]["confirmation"] = {
                    "user_id": str(USER),
                    "operation_id": item["candidate"]["facts"]["effect"]["operation_id"],
                    "effect_hash": item["candidate"]["facts"]["validation"]["effect_hash"],
                    "evidence_id": str(UUID(int=991)),
                    "confirmed_at": NOW.isoformat(),
                    "expires_at": (NOW + timedelta(minutes=5)).isoformat(),
                }
            elif mode == "ask":
                item["candidate"]["execution_context"]["requires_confirmation"] = False
            elif mode == "full_protection":
                item["candidate"]["full_protection"] = None
            elif mode == "capacity":
                raw["source_reasons"] = ["RECOVERY_CAPTURE_CAPACITY_EXCEEDED"]
    
>       result = derive_recovery_producers(changed(fixture(), mutation))
                                                   ^^^^^^^^^

apps\api\app\tests\test_full_action_set_recovery_producers.py:530: 
_ _ _ _ _ _ _ _ _ _ _ _ _ _ _ _ _ _ _ _ _ _ _ _ _ _ _ _ _ _ _ _ _ _ _ _ _ _ _ _

delay = 0, cash = 70000

    def fixture(*, delay: int = 0, cash: int = 70000) -> RecoveryActionSetInput:
        planning = planning_fixture([holding(delay=delay)])
        metadata = planning.holdings[0]
        original = metadata.original
        authorization = original.original_authorization
        assert authorization is not None and original.quote is not None
        raw: dict[str, list[dict[str, Any]]] = {name: [] for name in REQUIRED_TABLES}
        raw["users"] = [{"id": str(USER), "is_simulated": True}]
        raw["accounts"] = [
            {
                "id": str(original.destination_account_id),
                "user_id": str(USER),
                "account_type": "CASH",
                "balance_cents": cash,
            },
            {
                "id": str(original.account_id),
                "user_id": str(USER),
                "account_type": "ASSET",
                "balance_cents": 0,
            },
        ]
        bank_id, quote_id, full_evidence_id = UUID(int=610), UUID(int=611), UUID(int=612)
        quote = original.quote.model_copy(update={"evidence_ids": [quote_id]})
        original = original.model_copy(update={"quote": quote, "evidence_ids": [bank_id]})
        metadata = metadata.model_copy(update={"original": original})
        product = original.product
        canonical = product.model_dump(mode="json", exclude={"product_id", "terms_digest"}) | {
            "id": str(product.product_id),
            "early_withdrawal_rule": {},
            "currency": "CNY",
        }
        product_hash = configuration_hash(canonical)
        metadata = metadata.model_copy(update={"product_record_hash": product_hash})
        raw["asset_products"] = [canonical]
        raw["product_catalog_versions"] = [
            {
                "id": str(metadata.catalogue_version_id),
                "product_id": str(product.product_id),
                "product_code": product.product_code,
                "version_number": product.version_number,
                "protocol_version": "product-catalog-v1",
                "canonical_product": canonical,
                "product_hash": product_hash,
                "terms_digest": product.terms_digest,
            }
        ]
        raw["asset_positions"] = [
            {
                "id": str(original.position_id),
                "user_id": str(USER),
                "product_id": str(product.product_id),
                "account_id": str(original.account_id),
                "goal_id": None,
                "status": "HELD",
                "policy_version_id": str(authorization.version_id),
                "principal_cents": quote.principal_cents,
                "purchased_at": original.purchased_at.isoformat(),
                "maturity_at": None,
            }
        ]
        versions = [*planning.boundary_versions, authorization]
        for version in versions:
            raw["policies"].append(
                {"id": str(version.policy_id), "user_id": str(USER), "status": "ACTIVE"}
            )
            raw["policy_versions"].append(
                {
                    "id": str(version.version_id),
                    "user_id": str(USER),
                    "policy_id": str(version.policy_id),
                    "version_number": 1,
                    "configuration": version.configuration,
                    "content_hash": version.content_hash,
                    "confirmed_at": version.confirmed_at.isoformat(),
                    "valid_from": version.valid_from.isoformat(),
                    "valid_until": None,
                }
            )
        bank_content = {
            "position_id": str(original.position_id),
            "return_account_id": str(original.destination_account_id),
            "acquisition": "synthetic_auto_purchase",
            "fixture_tier": "SYNTHETIC_TOOL_ONLY",
        }
        quote_content = {
            "protocol": "recovery-quote-v1",
            "user_id": str(USER),
            "position_id": str(original.position_id),
            "destination_account_id": str(original.destination_account_id),
            "goal_id": None,
            "quote": quote.model_dump(mode="json"),
        }
        for identity, source, content in (
            (bank_id, "SIMULATED_BANK_POSITION", bank_content),
            (quote_id, "SIMULATED_REDEMPTION_QUOTE", quote_content),
            (full_evidence_id, "SYNTHETIC_USER_DECLARATION", {"fixture_tier": "SYNTHETIC_TOOL_ONLY"}),
        ):
            raw["evidence_items"].append(
                {
                    "id": str(identity),
                    "user_id": str(USER),
                    "source_type": source,
                    "source_ref": "synthetic:no-bank",
                    "content": content,
                    "content_hash": configuration_hash(content),
                    "status": "VALID",
                    "evidence_level": "USER_DECLARED"
                    if identity == full_evidence_id
                    else "BANK_CONFIRMED",
                    "observed_at": NOW.isoformat(),
                    "valid_from": (NOW - timedelta(days=30)).isoformat(),
                    "valid_to": None,
                }
            )
        config = planning.configuration.model_dump(mode="json")
        config_hash = configuration_hash(config)
        full_version = FullVersionView(
            version_id=planning.policy_version_id,
            policy_id=planning.policy_id,
            version_number=1,
            configuration=config,
            content_hash=config_hash,
            previous_hash=None,
            summary="synthetic",
            confirmation={"accepted": True, "reviewed_hash": config_hash},
            confirmed_at=planning.confirmed_at,
            valid_from=planning.valid_from,
            valid_until=None,
            change_reason="synthetic",
            evidence_ids=[full_evidence_id],
            impact_analysis={},
            confirmation_evidence_status="CURRENT_EVIDENCE_MATCHED",
        )
        full = FullPolicyView(
            policy_id=planning.policy_id,
            epoch_id=EPOCH,
            template_name="RecoveryPolicy",
            name="synthetic",
            status="ACTIVE",
            effective_status="ACTIVE",
            planning_confirmation_valid=True,
            reference_validation="CURRENT",
            current_version=full_version,
            updated_at=NOW,
        )
        raw["full_policies"] = [
            {
                "id": str(full.policy_id),
                "user_id": str(USER),
                "epoch_id": str(EPOCH),
                "template_name": "RecoveryPolicy",
                "status": "ACTIVE",
            }
        ]
        raw["full_policy_versions"] = [
            {
                "id": str(full_version.version_id),
                "user_id": str(USER),
                "policy_id": str(full.policy_id),
                "version_number": 1,
                "configuration": config,
                "content_hash": config_hash,
                "confirmation": full_version.confirmation,
                "impact_analysis": {},
                "previous_hash": None,
                "evidence_ids": [str(full_evidence_id)],
                "confirmed_at": planning.confirmed_at.isoformat(),
                "valid_from": planning.valid_from.isoformat(),
                "valid_until": None,
            }
        ]
        source_ids = [bank_id, quote_id, full_evidence_id]
        digest = configuration_hash(
            {
                "user_id": str(USER),
                "as_of": NOW.isoformat(),
                "sources": [
                    {"id": row["id"], "hash": row["content_hash"]}
                    for row in sorted(raw["evidence_items"], key=lambda row: row["id"])
                ],
                "issues": [],
            }
        )
        planning = planning.model_copy(
            update={
                "snapshot": planning.snapshot.model_copy(
                    update={
                        "source_digest": digest,
                        "cash_accounts": [
                            planning.snapshot.cash_accounts[0].model_copy(
                                update={"balance_cents": cash}
                            )
                        ],
                    }
                ),
                "boundary_versions": versions,
                "holdings": [metadata],
            }
        )
        plan = plan_full_recovery(planning)
        catalogue = CatalogReadResponse(
            state="REGISTERED",
            versions=[
                CatalogVersionView(
                    id=metadata.catalogue_version_id,
                    product_id=product.product_id,
                    product_code=product.product_code,
                    version_number=product.version_number,
                    original_product=canonical,
                    product_hash=product_hash,
                    terms_digest=product.terms_digest,
                    observed_at=NOW - timedelta(days=30),
                    effective_from=product.effective_from,
                    effective_until=product.effective_until,
                    current_source_matched=True,
                )
            ],
            unregistered_product_ids=[],
            issues=[],
            complete_within_registered_capacity=True,
        )
        response_hash = configuration_hash(
            {
                "financial_source_digest": digest,
                "policy_version_id": str(full_version.version_id),
                "plan_input_hash": plan.input_hash,
                "catalogue": catalogue.model_dump(mode="json"),
                "planning_deadline_at": None,
            }
        )
        response = FullRecoveryPlanningResponse(
            user_id=USER,
            policy_id=full.policy_id,
            as_of=NOW,
            state="COMPUTED",
            plan=plan,
            catalogue=catalogue,
            catalogue_bindings=[
                CatalogProductBinding(
                    product_id=product.product_id,
                    catalogue_version_id=metadata.catalogue_version_id,
                    product_record_hash=product_hash,
                    terms_digest=product.terms_digest,
                )
            ],
            source_evidence_ids=source_ids,
            source_issues=[],
            input_hash=response_hash,
            limitations=[],
        )
        ctx = ExecutionContext(
            user_id=USER,
            snapshot=planning.snapshot,
            versions=versions,
            positions=planning.positions,
            boundary_products=[],
            products=[product],
            redemption_quote=quote,
            requires_confirmation=True,
        )
        financial = {
            "user_id": str(USER),
            "as_of": NOW.isoformat(),
            "snapshot": ctx.snapshot.model_dump(mode="json"),
            "versions": [row.model_dump(mode="json") for row in versions],
            "positions": [row.model_dump(mode="json") for row in planning.positions],
        }
        financial_hash = configuration_hash(financial)
        original_execution = execution_fixture(delay).model_copy(
            update={
                "candidate": plan.candidates[0],
                "deadline_at": plan.deadline_at,
                "original_effect": execution_fixture(delay).original_effect.model_copy(
                    update={"quote_id": quote.quote_id}
                ),
                "planning_input_hash": plan.input_hash,
                "planning_response_hash": response_hash,
                "candidate_position_ids": [row.position_id for row in plan.candidates],
                "selected_position_ids": [row.position_id for row in plan.lossless_steps],
                "source_refs": [
                    {
                        "user_id": USER,
                        "evidence_id": bank_id,
                        "content_hash": raw["evidence_items"][0]["content_hash"],
                    }
                ],
            }
        )
        # Parse the complete strict input; model_copy never substitutes for type validation.
        original_execution = type(original_execution).model_validate(original_execution.model_dump())
        producer = RecoveryProducerInput(
            full_policy_id=full.policy_id,
            full_policy=full,
            planning_inputs=planning,
            original_planning=response,
        )
        old_effect = original_execution.original_effect
        old_facts = AutonomyFacts(
            user_id=USER,
            as_of=NOW,
            action_type="REDEEM_ASSET",
            initiation="CONFIRMED_POLICY",
>           authority=AuthorityAssessment(
                status="VALID", policy_version_ids=old_effect.policy_version_ids
            ),
            effect=old_effect,
            validation=revalidate_execution(old_effect, ctx),
            source_context_hash=financial_hash,
        )
E       pydantic_core._pydantic_core.ValidationError: 1 validation error for AuthorityAssessment
E       status
E         Input should be 'AUTHORIZED', 'OUTSIDE_AUTHORITY', 'STALE_VERSION' or 'MISSING_EVIDENCE' [type=literal_error, input_value='VALID', input_type=str]
E           For further information visit https://errors.pydantic.dev/2.13/v/literal_error

apps\api\app\tests\test_full_action_set_recovery_producers.py:349: ValidationError
_ test_missing_or_changed_originals_are_unknown_and_do_not_clear_missing_family[audit] _

mode = 'audit'

    @pytest.mark.parametrize(
        "mode",
        [
            "drop_position",
            "drop_command",
            "owner",
            "epoch",
            "audit",
            "cash",
            "source_hash",
            "quote",
            "expired_quote",
            "catalogue",
            "catalogue_drop",
            "full_version",
            "full_hash",
            "deadline",
            "old_confirmation",
            "ask",
            "full_protection",
            "capacity",
        ],
    )
    def test_missing_or_changed_originals_are_unknown_and_do_not_clear_missing_family(
        mode: str,
    ) -> None:
        def mutation(raw: dict[str, Any]) -> None:
            item = raw["producers"][0]
            inventory = raw["original_actual_input"]["base"]["original_inventory"]
            if mode == "drop_position":
                raw["original_position_ids"] = []
            elif mode == "drop_command":
                inventory["action_plans"].append(
                    {
                        "id": str(UUID(int=888)),
                        "user_id": str(USER),
                        "action_type": "ASSET_REDEEM",
                        "request": {},
                    }
                )
            elif mode == "owner":
                inventory["asset_positions"][0]["user_id"] = str(UUID(int=999))
            elif mode == "epoch":
                item["full_policy"]["epoch_id"] = str(UUID(int=999))
            elif mode == "audit":
                raw["original_actual_input"]["base"]["audit_verified"] = False
            elif mode == "cash":
                item["planning_inputs"]["snapshot"]["cash_accounts"][0]["balance_cents"] += 1
            elif mode == "source_hash":
                inventory["evidence_items"][0]["content_hash"] = "0" * 64
            elif mode == "quote":
                inventory["evidence_items"][1]["content"]["quote"]["net_cents"] -= 1
            elif mode == "expired_quote":
                item["planning_inputs"]["holdings"][0]["original"]["quote"]["expires_at"] = (
                    NOW.isoformat()
                )
            elif mode == "catalogue":
                inventory["asset_products"][0]["risk_level"] = 1
            elif mode == "catalogue_drop":
                inventory["product_catalog_versions"] = []
            elif mode == "full_version":
                item["execution_inputs"]["full_policy_version_id"] = str(UUID(int=999))
            elif mode == "full_hash":
                item["full_policy"]["current_version"]["content_hash"] = "f" * 64
            elif mode == "deadline":
                item["execution_inputs"]["deadline_at"] = (NOW + timedelta(minutes=1)).isoformat()
            elif mode == "old_confirmation":
                item["candidate"]["facts"]["confirmation"] = {
                    "user_id": str(USER),
                    "operation_id": item["candidate"]["facts"]["effect"]["operation_id"],
                    "effect_hash": item["candidate"]["facts"]["validation"]["effect_hash"],
                    "evidence_id": str(UUID(int=991)),
                    "confirmed_at": NOW.isoformat(),
                    "expires_at": (NOW + timedelta(minutes=5)).isoformat(),
                }
            elif mode == "ask":
                item["candidate"]["execution_context"]["requires_confirmation"] = False
            elif mode == "full_protection":
                item["candidate"]["full_protection"] = None
            elif mode == "capacity":
                raw["source_reasons"] = ["RECOVERY_CAPTURE_CAPACITY_EXCEEDED"]
    
>       result = derive_recovery_producers(changed(fixture(), mutation))
                                                   ^^^^^^^^^

apps\api\app\tests\test_full_action_set_recovery_producers.py:530: 
_ _ _ _ _ _ _ _ _ _ _ _ _ _ _ _ _ _ _ _ _ _ _ _ _ _ _ _ _ _ _ _ _ _ _ _ _ _ _ _

delay = 0, cash = 70000

    def fixture(*, delay: int = 0, cash: int = 70000) -> RecoveryActionSetInput:
        planning = planning_fixture([holding(delay=delay)])
        metadata = planning.holdings[0]
        original = metadata.original
        authorization = original.original_authorization
        assert authorization is not None and original.quote is not None
        raw: dict[str, list[dict[str, Any]]] = {name: [] for name in REQUIRED_TABLES}
        raw["users"] = [{"id": str(USER), "is_simulated": True}]
        raw["accounts"] = [
            {
                "id": str(original.destination_account_id),
                "user_id": str(USER),
                "account_type": "CASH",
                "balance_cents": cash,
            },
            {
                "id": str(original.account_id),
                "user_id": str(USER),
                "account_type": "ASSET",
                "balance_cents": 0,
            },
        ]
        bank_id, quote_id, full_evidence_id = UUID(int=610), UUID(int=611), UUID(int=612)
        quote = original.quote.model_copy(update={"evidence_ids": [quote_id]})
        original = original.model_copy(update={"quote": quote, "evidence_ids": [bank_id]})
        metadata = metadata.model_copy(update={"original": original})
        product = original.product
        canonical = product.model_dump(mode="json", exclude={"product_id", "terms_digest"}) | {
            "id": str(product.product_id),
            "early_withdrawal_rule": {},
            "currency": "CNY",
        }
        product_hash = configuration_hash(canonical)
        metadata = metadata.model_copy(update={"product_record_hash": product_hash})
        raw["asset_products"] = [canonical]
        raw["product_catalog_versions"] = [
            {
                "id": str(metadata.catalogue_version_id),
                "product_id": str(product.product_id),
                "product_code": product.product_code,
                "version_number": product.version_number,
                "protocol_version": "product-catalog-v1",
                "canonical_product": canonical,
                "product_hash": product_hash,
                "terms_digest": product.terms_digest,
            }
        ]
        raw["asset_positions"] = [
            {
                "id": str(original.position_id),
                "user_id": str(USER),
                "product_id": str(product.product_id),
                "account_id": str(original.account_id),
                "goal_id": None,
                "status": "HELD",
                "policy_version_id": str(authorization.version_id),
                "principal_cents": quote.principal_cents,
                "purchased_at": original.purchased_at.isoformat(),
                "maturity_at": None,
            }
        ]
        versions = [*planning.boundary_versions, authorization]
        for version in versions:
            raw["policies"].append(
                {"id": str(version.policy_id), "user_id": str(USER), "status": "ACTIVE"}
            )
            raw["policy_versions"].append(
                {
                    "id": str(version.version_id),
                    "user_id": str(USER),
                    "policy_id": str(version.policy_id),
                    "version_number": 1,
                    "configuration": version.configuration,
                    "content_hash": version.content_hash,
                    "confirmed_at": version.confirmed_at.isoformat(),
                    "valid_from": version.valid_from.isoformat(),
                    "valid_until": None,
                }
            )
        bank_content = {
            "position_id": str(original.position_id),
            "return_account_id": str(original.destination_account_id),
            "acquisition": "synthetic_auto_purchase",
            "fixture_tier": "SYNTHETIC_TOOL_ONLY",
        }
        quote_content = {
            "protocol": "recovery-quote-v1",
            "user_id": str(USER),
            "position_id": str(original.position_id),
            "destination_account_id": str(original.destination_account_id),
            "goal_id": None,
            "quote": quote.model_dump(mode="json"),
        }
        for identity, source, content in (
            (bank_id, "SIMULATED_BANK_POSITION", bank_content),
            (quote_id, "SIMULATED_REDEMPTION_QUOTE", quote_content),
            (full_evidence_id, "SYNTHETIC_USER_DECLARATION", {"fixture_tier": "SYNTHETIC_TOOL_ONLY"}),
        ):
            raw["evidence_items"].append(
                {
                    "id": str(identity),
                    "user_id": str(USER),
                    "source_type": source,
                    "source_ref": "synthetic:no-bank",
                    "content": content,
                    "content_hash": configuration_hash(content),
                    "status": "VALID",
                    "evidence_level": "USER_DECLARED"
                    if identity == full_evidence_id
                    else "BANK_CONFIRMED",
                    "observed_at": NOW.isoformat(),
                    "valid_from": (NOW - timedelta(days=30)).isoformat(),
                    "valid_to": None,
                }
            )
        config = planning.configuration.model_dump(mode="json")
        config_hash = configuration_hash(config)
        full_version = FullVersionView(
            version_id=planning.policy_version_id,
            policy_id=planning.policy_id,
            version_number=1,
            configuration=config,
            content_hash=config_hash,
            previous_hash=None,
            summary="synthetic",
            confirmation={"accepted": True, "reviewed_hash": config_hash},
            confirmed_at=planning.confirmed_at,
            valid_from=planning.valid_from,
            valid_until=None,
            change_reason="synthetic",
            evidence_ids=[full_evidence_id],
            impact_analysis={},
            confirmation_evidence_status="CURRENT_EVIDENCE_MATCHED",
        )
        full = FullPolicyView(
            policy_id=planning.policy_id,
            epoch_id=EPOCH,
            template_name="RecoveryPolicy",
            name="synthetic",
            status="ACTIVE",
            effective_status="ACTIVE",
            planning_confirmation_valid=True,
            reference_validation="CURRENT",
            current_version=full_version,
            updated_at=NOW,
        )
        raw["full_policies"] = [
            {
                "id": str(full.policy_id),
                "user_id": str(USER),
                "epoch_id": str(EPOCH),
                "template_name": "RecoveryPolicy",
                "status": "ACTIVE",
            }
        ]
        raw["full_policy_versions"] = [
            {
                "id": str(full_version.version_id),
                "user_id": str(USER),
                "policy_id": str(full.policy_id),
                "version_number": 1,
                "configuration": config,
                "content_hash": config_hash,
                "confirmation": full_version.confirmation,
                "impact_analysis": {},
                "previous_hash": None,
                "evidence_ids": [str(full_evidence_id)],
                "confirmed_at": planning.confirmed_at.isoformat(),
                "valid_from": planning.valid_from.isoformat(),
                "valid_until": None,
            }
        ]
        source_ids = [bank_id, quote_id, full_evidence_id]
        digest = configuration_hash(
            {
                "user_id": str(USER),
                "as_of": NOW.isoformat(),
                "sources": [
                    {"id": row["id"], "hash": row["content_hash"]}
                    for row in sorted(raw["evidence_items"], key=lambda row: row["id"])
                ],
                "issues": [],
            }
        )
        planning = planning.model_copy(
            update={
                "snapshot": planning.snapshot.model_copy(
                    update={
                        "source_digest": digest,
                        "cash_accounts": [
                            planning.snapshot.cash_accounts[0].model_copy(
                                update={"balance_cents": cash}
                            )
                        ],
                    }
                ),
                "boundary_versions": versions,
                "holdings": [metadata],
            }
        )
        plan = plan_full_recovery(planning)
        catalogue = CatalogReadResponse(
            state="REGISTERED",
            versions=[
                CatalogVersionView(
                    id=metadata.catalogue_version_id,
                    product_id=product.product_id,
                    product_code=product.product_code,
                    version_number=product.version_number,
                    original_product=canonical,
                    product_hash=product_hash,
                    terms_digest=product.terms_digest,
                    observed_at=NOW - timedelta(days=30),
                    effective_from=product.effective_from,
                    effective_until=product.effective_until,
                    current_source_matched=True,
                )
            ],
            unregistered_product_ids=[],
            issues=[],
            complete_within_registered_capacity=True,
        )
        response_hash = configuration_hash(
            {
                "financial_source_digest": digest,
                "policy_version_id": str(full_version.version_id),
                "plan_input_hash": plan.input_hash,
                "catalogue": catalogue.model_dump(mode="json"),
                "planning_deadline_at": None,
            }
        )
        response = FullRecoveryPlanningResponse(
            user_id=USER,
            policy_id=full.policy_id,
            as_of=NOW,
            state="COMPUTED",
            plan=plan,
            catalogue=catalogue,
            catalogue_bindings=[
                CatalogProductBinding(
                    product_id=product.product_id,
                    catalogue_version_id=metadata.catalogue_version_id,
                    product_record_hash=product_hash,
                    terms_digest=product.terms_digest,
                )
            ],
            source_evidence_ids=source_ids,
            source_issues=[],
            input_hash=response_hash,
            limitations=[],
        )
        ctx = ExecutionContext(
            user_id=USER,
            snapshot=planning.snapshot,
            versions=versions,
            positions=planning.positions,
            boundary_products=[],
            products=[product],
            redemption_quote=quote,
            requires_confirmation=True,
        )
        financial = {
            "user_id": str(USER),
            "as_of": NOW.isoformat(),
            "snapshot": ctx.snapshot.model_dump(mode="json"),
            "versions": [row.model_dump(mode="json") for row in versions],
            "positions": [row.model_dump(mode="json") for row in planning.positions],
        }
        financial_hash = configuration_hash(financial)
        original_execution = execution_fixture(delay).model_copy(
            update={
                "candidate": plan.candidates[0],
                "deadline_at": plan.deadline_at,
                "original_effect": execution_fixture(delay).original_effect.model_copy(
                    update={"quote_id": quote.quote_id}
                ),
                "planning_input_hash": plan.input_hash,
                "planning_response_hash": response_hash,
                "candidate_position_ids": [row.position_id for row in plan.candidates],
                "selected_position_ids": [row.position_id for row in plan.lossless_steps],
                "source_refs": [
                    {
                        "user_id": USER,
                        "evidence_id": bank_id,
                        "content_hash": raw["evidence_items"][0]["content_hash"],
                    }
                ],
            }
        )
        # Parse the complete strict input; model_copy never substitutes for type validation.
        original_execution = type(original_execution).model_validate(original_execution.model_dump())
        producer = RecoveryProducerInput(
            full_policy_id=full.policy_id,
            full_policy=full,
            planning_inputs=planning,
            original_planning=response,
        )
        old_effect = original_execution.original_effect
        old_facts = AutonomyFacts(
            user_id=USER,
            as_of=NOW,
            action_type="REDEEM_ASSET",
            initiation="CONFIRMED_POLICY",
>           authority=AuthorityAssessment(
                status="VALID", policy_version_ids=old_effect.policy_version_ids
            ),
            effect=old_effect,
            validation=revalidate_execution(old_effect, ctx),
            source_context_hash=financial_hash,
        )
E       pydantic_core._pydantic_core.ValidationError: 1 validation error for AuthorityAssessment
E       status
E         Input should be 'AUTHORIZED', 'OUTSIDE_AUTHORITY', 'STALE_VERSION' or 'MISSING_EVIDENCE' [type=literal_error, input_value='VALID', input_type=str]
E           For further information visit https://errors.pydantic.dev/2.13/v/literal_error

apps\api\app\tests\test_full_action_set_recovery_producers.py:349: ValidationError
_ test_missing_or_changed_originals_are_unknown_and_do_not_clear_missing_family[cash] _

mode = 'cash'

    @pytest.mark.parametrize(
        "mode",
        [
            "drop_position",
            "drop_command",
            "owner",
            "epoch",
            "audit",
            "cash",
            "source_hash",
            "quote",
            "expired_quote",
            "catalogue",
            "catalogue_drop",
            "full_version",
            "full_hash",
            "deadline",
            "old_confirmation",
            "ask",
            "full_protection",
            "capacity",
        ],
    )
    def test_missing_or_changed_originals_are_unknown_and_do_not_clear_missing_family(
        mode: str,
    ) -> None:
        def mutation(raw: dict[str, Any]) -> None:
            item = raw["producers"][0]
            inventory = raw["original_actual_input"]["base"]["original_inventory"]
            if mode == "drop_position":
                raw["original_position_ids"] = []
            elif mode == "drop_command":
                inventory["action_plans"].append(
                    {
                        "id": str(UUID(int=888)),
                        "user_id": str(USER),
                        "action_type": "ASSET_REDEEM",
                        "request": {},
                    }
                )
            elif mode == "owner":
                inventory["asset_positions"][0]["user_id"] = str(UUID(int=999))
            elif mode == "epoch":
                item["full_policy"]["epoch_id"] = str(UUID(int=999))
            elif mode == "audit":
                raw["original_actual_input"]["base"]["audit_verified"] = False
            elif mode == "cash":
                item["planning_inputs"]["snapshot"]["cash_accounts"][0]["balance_cents"] += 1
            elif mode == "source_hash":
                inventory["evidence_items"][0]["content_hash"] = "0" * 64
            elif mode == "quote":
                inventory["evidence_items"][1]["content"]["quote"]["net_cents"] -= 1
            elif mode == "expired_quote":
                item["planning_inputs"]["holdings"][0]["original"]["quote"]["expires_at"] = (
                    NOW.isoformat()
                )
            elif mode == "catalogue":
                inventory["asset_products"][0]["risk_level"] = 1
            elif mode == "catalogue_drop":
                inventory["product_catalog_versions"] = []
            elif mode == "full_version":
                item["execution_inputs"]["full_policy_version_id"] = str(UUID(int=999))
            elif mode == "full_hash":
                item["full_policy"]["current_version"]["content_hash"] = "f" * 64
            elif mode == "deadline":
                item["execution_inputs"]["deadline_at"] = (NOW + timedelta(minutes=1)).isoformat()
            elif mode == "old_confirmation":
                item["candidate"]["facts"]["confirmation"] = {
                    "user_id": str(USER),
                    "operation_id": item["candidate"]["facts"]["effect"]["operation_id"],
                    "effect_hash": item["candidate"]["facts"]["validation"]["effect_hash"],
                    "evidence_id": str(UUID(int=991)),
                    "confirmed_at": NOW.isoformat(),
                    "expires_at": (NOW + timedelta(minutes=5)).isoformat(),
                }
            elif mode == "ask":
                item["candidate"]["execution_context"]["requires_confirmation"] = False
            elif mode == "full_protection":
                item["candidate"]["full_protection"] = None
            elif mode == "capacity":
                raw["source_reasons"] = ["RECOVERY_CAPTURE_CAPACITY_EXCEEDED"]
    
>       result = derive_recovery_producers(changed(fixture(), mutation))
                                                   ^^^^^^^^^

apps\api\app\tests\test_full_action_set_recovery_producers.py:530: 
_ _ _ _ _ _ _ _ _ _ _ _ _ _ _ _ _ _ _ _ _ _ _ _ _ _ _ _ _ _ _ _ _ _ _ _ _ _ _ _

delay = 0, cash = 70000

    def fixture(*, delay: int = 0, cash: int = 70000) -> RecoveryActionSetInput:
        planning = planning_fixture([holding(delay=delay)])
        metadata = planning.holdings[0]
        original = metadata.original
        authorization = original.original_authorization
        assert authorization is not None and original.quote is not None
        raw: dict[str, list[dict[str, Any]]] = {name: [] for name in REQUIRED_TABLES}
        raw["users"] = [{"id": str(USER), "is_simulated": True}]
        raw["accounts"] = [
            {
                "id": str(original.destination_account_id),
                "user_id": str(USER),
                "account_type": "CASH",
                "balance_cents": cash,
            },
            {
                "id": str(original.account_id),
                "user_id": str(USER),
                "account_type": "ASSET",
                "balance_cents": 0,
            },
        ]
        bank_id, quote_id, full_evidence_id = UUID(int=610), UUID(int=611), UUID(int=612)
        quote = original.quote.model_copy(update={"evidence_ids": [quote_id]})
        original = original.model_copy(update={"quote": quote, "evidence_ids": [bank_id]})
        metadata = metadata.model_copy(update={"original": original})
        product = original.product
        canonical = product.model_dump(mode="json", exclude={"product_id", "terms_digest"}) | {
            "id": str(product.product_id),
            "early_withdrawal_rule": {},
            "currency": "CNY",
        }
        product_hash = configuration_hash(canonical)
        metadata = metadata.model_copy(update={"product_record_hash": product_hash})
        raw["asset_products"] = [canonical]
        raw["product_catalog_versions"] = [
            {
                "id": str(metadata.catalogue_version_id),
                "product_id": str(product.product_id),
                "product_code": product.product_code,
                "version_number": product.version_number,
                "protocol_version": "product-catalog-v1",
                "canonical_product": canonical,
                "product_hash": product_hash,
                "terms_digest": product.terms_digest,
            }
        ]
        raw["asset_positions"] = [
            {
                "id": str(original.position_id),
                "user_id": str(USER),
                "product_id": str(product.product_id),
                "account_id": str(original.account_id),
                "goal_id": None,
                "status": "HELD",
                "policy_version_id": str(authorization.version_id),
                "principal_cents": quote.principal_cents,
                "purchased_at": original.purchased_at.isoformat(),
                "maturity_at": None,
            }
        ]
        versions = [*planning.boundary_versions, authorization]
        for version in versions:
            raw["policies"].append(
                {"id": str(version.policy_id), "user_id": str(USER), "status": "ACTIVE"}
            )
            raw["policy_versions"].append(
                {
                    "id": str(version.version_id),
                    "user_id": str(USER),
                    "policy_id": str(version.policy_id),
                    "version_number": 1,
                    "configuration": version.configuration,
                    "content_hash": version.content_hash,
                    "confirmed_at": version.confirmed_at.isoformat(),
                    "valid_from": version.valid_from.isoformat(),
                    "valid_until": None,
                }
            )
        bank_content = {
            "position_id": str(original.position_id),
            "return_account_id": str(original.destination_account_id),
            "acquisition": "synthetic_auto_purchase",
            "fixture_tier": "SYNTHETIC_TOOL_ONLY",
        }
        quote_content = {
            "protocol": "recovery-quote-v1",
            "user_id": str(USER),
            "position_id": str(original.position_id),
            "destination_account_id": str(original.destination_account_id),
            "goal_id": None,
            "quote": quote.model_dump(mode="json"),
        }
        for identity, source, content in (
            (bank_id, "SIMULATED_BANK_POSITION", bank_content),
            (quote_id, "SIMULATED_REDEMPTION_QUOTE", quote_content),
            (full_evidence_id, "SYNTHETIC_USER_DECLARATION", {"fixture_tier": "SYNTHETIC_TOOL_ONLY"}),
        ):
            raw["evidence_items"].append(
                {
                    "id": str(identity),
                    "user_id": str(USER),
                    "source_type": source,
                    "source_ref": "synthetic:no-bank",
                    "content": content,
                    "content_hash": configuration_hash(content),
                    "status": "VALID",
                    "evidence_level": "USER_DECLARED"
                    if identity == full_evidence_id
                    else "BANK_CONFIRMED",
                    "observed_at": NOW.isoformat(),
                    "valid_from": (NOW - timedelta(days=30)).isoformat(),
                    "valid_to": None,
                }
            )
        config = planning.configuration.model_dump(mode="json")
        config_hash = configuration_hash(config)
        full_version = FullVersionView(
            version_id=planning.policy_version_id,
            policy_id=planning.policy_id,
            version_number=1,
            configuration=config,
            content_hash=config_hash,
            previous_hash=None,
            summary="synthetic",
            confirmation={"accepted": True, "reviewed_hash": config_hash},
            confirmed_at=planning.confirmed_at,
            valid_from=planning.valid_from,
            valid_until=None,
            change_reason="synthetic",
            evidence_ids=[full_evidence_id],
            impact_analysis={},
            confirmation_evidence_status="CURRENT_EVIDENCE_MATCHED",
        )
        full = FullPolicyView(
            policy_id=planning.policy_id,
            epoch_id=EPOCH,
            template_name="RecoveryPolicy",
            name="synthetic",
            status="ACTIVE",
            effective_status="ACTIVE",
            planning_confirmation_valid=True,
            reference_validation="CURRENT",
            current_version=full_version,
            updated_at=NOW,
        )
        raw["full_policies"] = [
            {
                "id": str(full.policy_id),
                "user_id": str(USER),
                "epoch_id": str(EPOCH),
                "template_name": "RecoveryPolicy",
                "status": "ACTIVE",
            }
        ]
        raw["full_policy_versions"] = [
            {
                "id": str(full_version.version_id),
                "user_id": str(USER),
                "policy_id": str(full.policy_id),
                "version_number": 1,
                "configuration": config,
                "content_hash": config_hash,
                "confirmation": full_version.confirmation,
                "impact_analysis": {},
                "previous_hash": None,
                "evidence_ids": [str(full_evidence_id)],
                "confirmed_at": planning.confirmed_at.isoformat(),
                "valid_from": planning.valid_from.isoformat(),
                "valid_until": None,
            }
        ]
        source_ids = [bank_id, quote_id, full_evidence_id]
        digest = configuration_hash(
            {
                "user_id": str(USER),
                "as_of": NOW.isoformat(),
                "sources": [
                    {"id": row["id"], "hash": row["content_hash"]}
                    for row in sorted(raw["evidence_items"], key=lambda row: row["id"])
                ],
                "issues": [],
            }
        )
        planning = planning.model_copy(
            update={
                "snapshot": planning.snapshot.model_copy(
                    update={
                        "source_digest": digest,
                        "cash_accounts": [
                            planning.snapshot.cash_accounts[0].model_copy(
                                update={"balance_cents": cash}
                            )
                        ],
                    }
                ),
                "boundary_versions": versions,
                "holdings": [metadata],
            }
        )
        plan = plan_full_recovery(planning)
        catalogue = CatalogReadResponse(
            state="REGISTERED",
            versions=[
                CatalogVersionView(
                    id=metadata.catalogue_version_id,
                    product_id=product.product_id,
                    product_code=product.product_code,
                    version_number=product.version_number,
                    original_product=canonical,
                    product_hash=product_hash,
                    terms_digest=product.terms_digest,
                    observed_at=NOW - timedelta(days=30),
                    effective_from=product.effective_from,
                    effective_until=product.effective_until,
                    current_source_matched=True,
                )
            ],
            unregistered_product_ids=[],
            issues=[],
            complete_within_registered_capacity=True,
        )
        response_hash = configuration_hash(
            {
                "financial_source_digest": digest,
                "policy_version_id": str(full_version.version_id),
                "plan_input_hash": plan.input_hash,
                "catalogue": catalogue.model_dump(mode="json"),
                "planning_deadline_at": None,
            }
        )
        response = FullRecoveryPlanningResponse(
            user_id=USER,
            policy_id=full.policy_id,
            as_of=NOW,
            state="COMPUTED",
            plan=plan,
            catalogue=catalogue,
            catalogue_bindings=[
                CatalogProductBinding(
                    product_id=product.product_id,
                    catalogue_version_id=metadata.catalogue_version_id,
                    product_record_hash=product_hash,
                    terms_digest=product.terms_digest,
                )
            ],
            source_evidence_ids=source_ids,
            source_issues=[],
            input_hash=response_hash,
            limitations=[],
        )
        ctx = ExecutionContext(
            user_id=USER,
            snapshot=planning.snapshot,
            versions=versions,
            positions=planning.positions,
            boundary_products=[],
            products=[product],
            redemption_quote=quote,
            requires_confirmation=True,
        )
        financial = {
            "user_id": str(USER),
            "as_of": NOW.isoformat(),
            "snapshot": ctx.snapshot.model_dump(mode="json"),
            "versions": [row.model_dump(mode="json") for row in versions],
            "positions": [row.model_dump(mode="json") for row in planning.positions],
        }
        financial_hash = configuration_hash(financial)
        original_execution = execution_fixture(delay).model_copy(
            update={
                "candidate": plan.candidates[0],
                "deadline_at": plan.deadline_at,
                "original_effect": execution_fixture(delay).original_effect.model_copy(
                    update={"quote_id": quote.quote_id}
                ),
                "planning_input_hash": plan.input_hash,
                "planning_response_hash": response_hash,
                "candidate_position_ids": [row.position_id for row in plan.candidates],
                "selected_position_ids": [row.position_id for row in plan.lossless_steps],
                "source_refs": [
                    {
                        "user_id": USER,
                        "evidence_id": bank_id,
                        "content_hash": raw["evidence_items"][0]["content_hash"],
                    }
                ],
            }
        )
        # Parse the complete strict input; model_copy never substitutes for type validation.
        original_execution = type(original_execution).model_validate(original_execution.model_dump())
        producer = RecoveryProducerInput(
            full_policy_id=full.policy_id,
            full_policy=full,
            planning_inputs=planning,
            original_planning=response,
        )
        old_effect = original_execution.original_effect
        old_facts = AutonomyFacts(
            user_id=USER,
            as_of=NOW,
            action_type="REDEEM_ASSET",
            initiation="CONFIRMED_POLICY",
>           authority=AuthorityAssessment(
                status="VALID", policy_version_ids=old_effect.policy_version_ids
            ),
            effect=old_effect,
            validation=revalidate_execution(old_effect, ctx),
            source_context_hash=financial_hash,
        )
E       pydantic_core._pydantic_core.ValidationError: 1 validation error for AuthorityAssessment
E       status
E         Input should be 'AUTHORIZED', 'OUTSIDE_AUTHORITY', 'STALE_VERSION' or 'MISSING_EVIDENCE' [type=literal_error, input_value='VALID', input_type=str]
E           For further information visit https://errors.pydantic.dev/2.13/v/literal_error

apps\api\app\tests\test_full_action_set_recovery_producers.py:349: ValidationError
_ test_missing_or_changed_originals_are_unknown_and_do_not_clear_missing_family[source_hash] _

mode = 'source_hash'

    @pytest.mark.parametrize(
        "mode",
        [
            "drop_position",
            "drop_command",
            "owner",
            "epoch",
            "audit",
            "cash",
            "source_hash",
            "quote",
            "expired_quote",
            "catalogue",
            "catalogue_drop",
            "full_version",
            "full_hash",
            "deadline",
            "old_confirmation",
            "ask",
            "full_protection",
            "capacity",
        ],
    )
    def test_missing_or_changed_originals_are_unknown_and_do_not_clear_missing_family(
        mode: str,
    ) -> None:
        def mutation(raw: dict[str, Any]) -> None:
            item = raw["producers"][0]
            inventory = raw["original_actual_input"]["base"]["original_inventory"]
            if mode == "drop_position":
                raw["original_position_ids"] = []
            elif mode == "drop_command":
                inventory["action_plans"].append(
                    {
                        "id": str(UUID(int=888)),
                        "user_id": str(USER),
                        "action_type": "ASSET_REDEEM",
                        "request": {},
                    }
                )
            elif mode == "owner":
                inventory["asset_positions"][0]["user_id"] = str(UUID(int=999))
            elif mode == "epoch":
                item["full_policy"]["epoch_id"] = str(UUID(int=999))
            elif mode == "audit":
                raw["original_actual_input"]["base"]["audit_verified"] = False
            elif mode == "cash":
                item["planning_inputs"]["snapshot"]["cash_accounts"][0]["balance_cents"] += 1
            elif mode == "source_hash":
                inventory["evidence_items"][0]["content_hash"] = "0" * 64
            elif mode == "quote":
                inventory["evidence_items"][1]["content"]["quote"]["net_cents"] -= 1
            elif mode == "expired_quote":
                item["planning_inputs"]["holdings"][0]["original"]["quote"]["expires_at"] = (
                    NOW.isoformat()
                )
            elif mode == "catalogue":
                inventory["asset_products"][0]["risk_level"] = 1
            elif mode == "catalogue_drop":
                inventory["product_catalog_versions"] = []
            elif mode == "full_version":
                item["execution_inputs"]["full_policy_version_id"] = str(UUID(int=999))
            elif mode == "full_hash":
                item["full_policy"]["current_version"]["content_hash"] = "f" * 64
            elif mode == "deadline":
                item["execution_inputs"]["deadline_at"] = (NOW + timedelta(minutes=1)).isoformat()
            elif mode == "old_confirmation":
                item["candidate"]["facts"]["confirmation"] = {
                    "user_id": str(USER),
                    "operation_id": item["candidate"]["facts"]["effect"]["operation_id"],
                    "effect_hash": item["candidate"]["facts"]["validation"]["effect_hash"],
                    "evidence_id": str(UUID(int=991)),
                    "confirmed_at": NOW.isoformat(),
                    "expires_at": (NOW + timedelta(minutes=5)).isoformat(),
                }
            elif mode == "ask":
                item["candidate"]["execution_context"]["requires_confirmation"] = False
            elif mode == "full_protection":
                item["candidate"]["full_protection"] = None
            elif mode == "capacity":
                raw["source_reasons"] = ["RECOVERY_CAPTURE_CAPACITY_EXCEEDED"]
    
>       result = derive_recovery_producers(changed(fixture(), mutation))
                                                   ^^^^^^^^^

apps\api\app\tests\test_full_action_set_recovery_producers.py:530: 
_ _ _ _ _ _ _ _ _ _ _ _ _ _ _ _ _ _ _ _ _ _ _ _ _ _ _ _ _ _ _ _ _ _ _ _ _ _ _ _

delay = 0, cash = 70000

    def fixture(*, delay: int = 0, cash: int = 70000) -> RecoveryActionSetInput:
        planning = planning_fixture([holding(delay=delay)])
        metadata = planning.holdings[0]
        original = metadata.original
        authorization = original.original_authorization
        assert authorization is not None and original.quote is not None
        raw: dict[str, list[dict[str, Any]]] = {name: [] for name in REQUIRED_TABLES}
        raw["users"] = [{"id": str(USER), "is_simulated": True}]
        raw["accounts"] = [
            {
                "id": str(original.destination_account_id),
                "user_id": str(USER),
                "account_type": "CASH",
                "balance_cents": cash,
            },
            {
                "id": str(original.account_id),
                "user_id": str(USER),
                "account_type": "ASSET",
                "balance_cents": 0,
            },
        ]
        bank_id, quote_id, full_evidence_id = UUID(int=610), UUID(int=611), UUID(int=612)
        quote = original.quote.model_copy(update={"evidence_ids": [quote_id]})
        original = original.model_copy(update={"quote": quote, "evidence_ids": [bank_id]})
        metadata = metadata.model_copy(update={"original": original})
        product = original.product
        canonical = product.model_dump(mode="json", exclude={"product_id", "terms_digest"}) | {
            "id": str(product.product_id),
            "early_withdrawal_rule": {},
            "currency": "CNY",
        }
        product_hash = configuration_hash(canonical)
        metadata = metadata.model_copy(update={"product_record_hash": product_hash})
        raw["asset_products"] = [canonical]
        raw["product_catalog_versions"] = [
            {
                "id": str(metadata.catalogue_version_id),
                "product_id": str(product.product_id),
                "product_code": product.product_code,
                "version_number": product.version_number,
                "protocol_version": "product-catalog-v1",
                "canonical_product": canonical,
                "product_hash": product_hash,
                "terms_digest": product.terms_digest,
            }
        ]
        raw["asset_positions"] = [
            {
                "id": str(original.position_id),
                "user_id": str(USER),
                "product_id": str(product.product_id),
                "account_id": str(original.account_id),
                "goal_id": None,
                "status": "HELD",
                "policy_version_id": str(authorization.version_id),
                "principal_cents": quote.principal_cents,
                "purchased_at": original.purchased_at.isoformat(),
                "maturity_at": None,
            }
        ]
        versions = [*planning.boundary_versions, authorization]
        for version in versions:
            raw["policies"].append(
                {"id": str(version.policy_id), "user_id": str(USER), "status": "ACTIVE"}
            )
            raw["policy_versions"].append(
                {
                    "id": str(version.version_id),
                    "user_id": str(USER),
                    "policy_id": str(version.policy_id),
                    "version_number": 1,
                    "configuration": version.configuration,
                    "content_hash": version.content_hash,
                    "confirmed_at": version.confirmed_at.isoformat(),
                    "valid_from": version.valid_from.isoformat(),
                    "valid_until": None,
                }
            )
        bank_content = {
            "position_id": str(original.position_id),
            "return_account_id": str(original.destination_account_id),
            "acquisition": "synthetic_auto_purchase",
            "fixture_tier": "SYNTHETIC_TOOL_ONLY",
        }
        quote_content = {
            "protocol": "recovery-quote-v1",
            "user_id": str(USER),
            "position_id": str(original.position_id),
            "destination_account_id": str(original.destination_account_id),
            "goal_id": None,
            "quote": quote.model_dump(mode="json"),
        }
        for identity, source, content in (
            (bank_id, "SIMULATED_BANK_POSITION", bank_content),
            (quote_id, "SIMULATED_REDEMPTION_QUOTE", quote_content),
            (full_evidence_id, "SYNTHETIC_USER_DECLARATION", {"fixture_tier": "SYNTHETIC_TOOL_ONLY"}),
        ):
            raw["evidence_items"].append(
                {
                    "id": str(identity),
                    "user_id": str(USER),
                    "source_type": source,
                    "source_ref": "synthetic:no-bank",
                    "content": content,
                    "content_hash": configuration_hash(content),
                    "status": "VALID",
                    "evidence_level": "USER_DECLARED"
                    if identity == full_evidence_id
                    else "BANK_CONFIRMED",
                    "observed_at": NOW.isoformat(),
                    "valid_from": (NOW - timedelta(days=30)).isoformat(),
                    "valid_to": None,
                }
            )
        config = planning.configuration.model_dump(mode="json")
        config_hash = configuration_hash(config)
        full_version = FullVersionView(
            version_id=planning.policy_version_id,
            policy_id=planning.policy_id,
            version_number=1,
            configuration=config,
            content_hash=config_hash,
            previous_hash=None,
            summary="synthetic",
            confirmation={"accepted": True, "reviewed_hash": config_hash},
            confirmed_at=planning.confirmed_at,
            valid_from=planning.valid_from,
            valid_until=None,
            change_reason="synthetic",
            evidence_ids=[full_evidence_id],
            impact_analysis={},
            confirmation_evidence_status="CURRENT_EVIDENCE_MATCHED",
        )
        full = FullPolicyView(
            policy_id=planning.policy_id,
            epoch_id=EPOCH,
            template_name="RecoveryPolicy",
            name="synthetic",
            status="ACTIVE",
            effective_status="ACTIVE",
            planning_confirmation_valid=True,
            reference_validation="CURRENT",
            current_version=full_version,
            updated_at=NOW,
        )
        raw["full_policies"] = [
            {
                "id": str(full.policy_id),
                "user_id": str(USER),
                "epoch_id": str(EPOCH),
                "template_name": "RecoveryPolicy",
                "status": "ACTIVE",
            }
        ]
        raw["full_policy_versions"] = [
            {
                "id": str(full_version.version_id),
                "user_id": str(USER),
                "policy_id": str(full.policy_id),
                "version_number": 1,
                "configuration": config,
                "content_hash": config_hash,
                "confirmation": full_version.confirmation,
                "impact_analysis": {},
                "previous_hash": None,
                "evidence_ids": [str(full_evidence_id)],
                "confirmed_at": planning.confirmed_at.isoformat(),
                "valid_from": planning.valid_from.isoformat(),
                "valid_until": None,
            }
        ]
        source_ids = [bank_id, quote_id, full_evidence_id]
        digest = configuration_hash(
            {
                "user_id": str(USER),
                "as_of": NOW.isoformat(),
                "sources": [
                    {"id": row["id"], "hash": row["content_hash"]}
                    for row in sorted(raw["evidence_items"], key=lambda row: row["id"])
                ],
                "issues": [],
            }
        )
        planning = planning.model_copy(
            update={
                "snapshot": planning.snapshot.model_copy(
                    update={
                        "source_digest": digest,
                        "cash_accounts": [
                            planning.snapshot.cash_accounts[0].model_copy(
                                update={"balance_cents": cash}
                            )
                        ],
                    }
                ),
                "boundary_versions": versions,
                "holdings": [metadata],
            }
        )
        plan = plan_full_recovery(planning)
        catalogue = CatalogReadResponse(
            state="REGISTERED",
            versions=[
                CatalogVersionView(
                    id=metadata.catalogue_version_id,
                    product_id=product.product_id,
                    product_code=product.product_code,
                    version_number=product.version_number,
                    original_product=canonical,
                    product_hash=product_hash,
                    terms_digest=product.terms_digest,
                    observed_at=NOW - timedelta(days=30),
                    effective_from=product.effective_from,
                    effective_until=product.effective_until,
                    current_source_matched=True,
                )
            ],
            unregistered_product_ids=[],
            issues=[],
            complete_within_registered_capacity=True,
        )
        response_hash = configuration_hash(
            {
                "financial_source_digest": digest,
                "policy_version_id": str(full_version.version_id),
                "plan_input_hash": plan.input_hash,
                "catalogue": catalogue.model_dump(mode="json"),
                "planning_deadline_at": None,
            }
        )
        response = FullRecoveryPlanningResponse(
            user_id=USER,
            policy_id=full.policy_id,
            as_of=NOW,
            state="COMPUTED",
            plan=plan,
            catalogue=catalogue,
            catalogue_bindings=[
                CatalogProductBinding(
                    product_id=product.product_id,
                    catalogue_version_id=metadata.catalogue_version_id,
                    product_record_hash=product_hash,
                    terms_digest=product.terms_digest,
                )
            ],
            source_evidence_ids=source_ids,
            source_issues=[],
            input_hash=response_hash,
            limitations=[],
        )
        ctx = ExecutionContext(
            user_id=USER,
            snapshot=planning.snapshot,
            versions=versions,
            positions=planning.positions,
            boundary_products=[],
            products=[product],
            redemption_quote=quote,
            requires_confirmation=True,
        )
        financial = {
            "user_id": str(USER),
            "as_of": NOW.isoformat(),
            "snapshot": ctx.snapshot.model_dump(mode="json"),
            "versions": [row.model_dump(mode="json") for row in versions],
            "positions": [row.model_dump(mode="json") for row in planning.positions],
        }
        financial_hash = configuration_hash(financial)
        original_execution = execution_fixture(delay).model_copy(
            update={
                "candidate": plan.candidates[0],
                "deadline_at": plan.deadline_at,
                "original_effect": execution_fixture(delay).original_effect.model_copy(
                    update={"quote_id": quote.quote_id}
                ),
                "planning_input_hash": plan.input_hash,
                "planning_response_hash": response_hash,
                "candidate_position_ids": [row.position_id for row in plan.candidates],
                "selected_position_ids": [row.position_id for row in plan.lossless_steps],
                "source_refs": [
                    {
                        "user_id": USER,
                        "evidence_id": bank_id,
                        "content_hash": raw["evidence_items"][0]["content_hash"],
                    }
                ],
            }
        )
        # Parse the complete strict input; model_copy never substitutes for type validation.
        original_execution = type(original_execution).model_validate(original_execution.model_dump())
        producer = RecoveryProducerInput(
            full_policy_id=full.policy_id,
            full_policy=full,
            planning_inputs=planning,
            original_planning=response,
        )
        old_effect = original_execution.original_effect
        old_facts = AutonomyFacts(
            user_id=USER,
            as_of=NOW,
            action_type="REDEEM_ASSET",
            initiation="CONFIRMED_POLICY",
>           authority=AuthorityAssessment(
                status="VALID", policy_version_ids=old_effect.policy_version_ids
            ),
            effect=old_effect,
            validation=revalidate_execution(old_effect, ctx),
            source_context_hash=financial_hash,
        )
E       pydantic_core._pydantic_core.ValidationError: 1 validation error for AuthorityAssessment
E       status
E         Input should be 'AUTHORIZED', 'OUTSIDE_AUTHORITY', 'STALE_VERSION' or 'MISSING_EVIDENCE' [type=literal_error, input_value='VALID', input_type=str]
E           For further information visit https://errors.pydantic.dev/2.13/v/literal_error

apps\api\app\tests\test_full_action_set_recovery_producers.py:349: ValidationError
_ test_missing_or_changed_originals_are_unknown_and_do_not_clear_missing_family[quote] _

mode = 'quote'

    @pytest.mark.parametrize(
        "mode",
        [
            "drop_position",
            "drop_command",
            "owner",
            "epoch",
            "audit",
            "cash",
            "source_hash",
            "quote",
            "expired_quote",
            "catalogue",
            "catalogue_drop",
            "full_version",
            "full_hash",
            "deadline",
            "old_confirmation",
            "ask",
            "full_protection",
            "capacity",
        ],
    )
    def test_missing_or_changed_originals_are_unknown_and_do_not_clear_missing_family(
        mode: str,
    ) -> None:
        def mutation(raw: dict[str, Any]) -> None:
            item = raw["producers"][0]
            inventory = raw["original_actual_input"]["base"]["original_inventory"]
            if mode == "drop_position":
                raw["original_position_ids"] = []
            elif mode == "drop_command":
                inventory["action_plans"].append(
                    {
                        "id": str(UUID(int=888)),
                        "user_id": str(USER),
                        "action_type": "ASSET_REDEEM",
                        "request": {},
                    }
                )
            elif mode == "owner":
                inventory["asset_positions"][0]["user_id"] = str(UUID(int=999))
            elif mode == "epoch":
                item["full_policy"]["epoch_id"] = str(UUID(int=999))
            elif mode == "audit":
                raw["original_actual_input"]["base"]["audit_verified"] = False
            elif mode == "cash":
                item["planning_inputs"]["snapshot"]["cash_accounts"][0]["balance_cents"] += 1
            elif mode == "source_hash":
                inventory["evidence_items"][0]["content_hash"] = "0" * 64
            elif mode == "quote":
                inventory["evidence_items"][1]["content"]["quote"]["net_cents"] -= 1
            elif mode == "expired_quote":
                item["planning_inputs"]["holdings"][0]["original"]["quote"]["expires_at"] = (
                    NOW.isoformat()
                )
            elif mode == "catalogue":
                inventory["asset_products"][0]["risk_level"] = 1
            elif mode == "catalogue_drop":
                inventory["product_catalog_versions"] = []
            elif mode == "full_version":
                item["execution_inputs"]["full_policy_version_id"] = str(UUID(int=999))
            elif mode == "full_hash":
                item["full_policy"]["current_version"]["content_hash"] = "f" * 64
            elif mode == "deadline":
                item["execution_inputs"]["deadline_at"] = (NOW + timedelta(minutes=1)).isoformat()
            elif mode == "old_confirmation":
                item["candidate"]["facts"]["confirmation"] = {
                    "user_id": str(USER),
                    "operation_id": item["candidate"]["facts"]["effect"]["operation_id"],
                    "effect_hash": item["candidate"]["facts"]["validation"]["effect_hash"],
                    "evidence_id": str(UUID(int=991)),
                    "confirmed_at": NOW.isoformat(),
                    "expires_at": (NOW + timedelta(minutes=5)).isoformat(),
                }
            elif mode == "ask":
                item["candidate"]["execution_context"]["requires_confirmation"] = False
            elif mode == "full_protection":
                item["candidate"]["full_protection"] = None
            elif mode == "capacity":
                raw["source_reasons"] = ["RECOVERY_CAPTURE_CAPACITY_EXCEEDED"]
    
>       result = derive_recovery_producers(changed(fixture(), mutation))
                                                   ^^^^^^^^^

apps\api\app\tests\test_full_action_set_recovery_producers.py:530: 
_ _ _ _ _ _ _ _ _ _ _ _ _ _ _ _ _ _ _ _ _ _ _ _ _ _ _ _ _ _ _ _ _ _ _ _ _ _ _ _

delay = 0, cash = 70000

    def fixture(*, delay: int = 0, cash: int = 70000) -> RecoveryActionSetInput:
        planning = planning_fixture([holding(delay=delay)])
        metadata = planning.holdings[0]
        original = metadata.original
        authorization = original.original_authorization
        assert authorization is not None and original.quote is not None
        raw: dict[str, list[dict[str, Any]]] = {name: [] for name in REQUIRED_TABLES}
        raw["users"] = [{"id": str(USER), "is_simulated": True}]
        raw["accounts"] = [
            {
                "id": str(original.destination_account_id),
                "user_id": str(USER),
                "account_type": "CASH",
                "balance_cents": cash,
            },
            {
                "id": str(original.account_id),
                "user_id": str(USER),
                "account_type": "ASSET",
                "balance_cents": 0,
            },
        ]
        bank_id, quote_id, full_evidence_id = UUID(int=610), UUID(int=611), UUID(int=612)
        quote = original.quote.model_copy(update={"evidence_ids": [quote_id]})
        original = original.model_copy(update={"quote": quote, "evidence_ids": [bank_id]})
        metadata = metadata.model_copy(update={"original": original})
        product = original.product
        canonical = product.model_dump(mode="json", exclude={"product_id", "terms_digest"}) | {
            "id": str(product.product_id),
            "early_withdrawal_rule": {},
            "currency": "CNY",
        }
        product_hash = configuration_hash(canonical)
        metadata = metadata.model_copy(update={"product_record_hash": product_hash})
        raw["asset_products"] = [canonical]
        raw["product_catalog_versions"] = [
            {
                "id": str(metadata.catalogue_version_id),
                "product_id": str(product.product_id),
                "product_code": product.product_code,
                "version_number": product.version_number,
                "protocol_version": "product-catalog-v1",
                "canonical_product": canonical,
                "product_hash": product_hash,
                "terms_digest": product.terms_digest,
            }
        ]
        raw["asset_positions"] = [
            {
                "id": str(original.position_id),
                "user_id": str(USER),
                "product_id": str(product.product_id),
                "account_id": str(original.account_id),
                "goal_id": None,
                "status": "HELD",
                "policy_version_id": str(authorization.version_id),
                "principal_cents": quote.principal_cents,
                "purchased_at": original.purchased_at.isoformat(),
                "maturity_at": None,
            }
        ]
        versions = [*planning.boundary_versions, authorization]
        for version in versions:
            raw["policies"].append(
                {"id": str(version.policy_id), "user_id": str(USER), "status": "ACTIVE"}
            )
            raw["policy_versions"].append(
                {
                    "id": str(version.version_id),
                    "user_id": str(USER),
                    "policy_id": str(version.policy_id),
                    "version_number": 1,
                    "configuration": version.configuration,
                    "content_hash": version.content_hash,
                    "confirmed_at": version.confirmed_at.isoformat(),
                    "valid_from": version.valid_from.isoformat(),
                    "valid_until": None,
                }
            )
        bank_content = {
            "position_id": str(original.position_id),
            "return_account_id": str(original.destination_account_id),
            "acquisition": "synthetic_auto_purchase",
            "fixture_tier": "SYNTHETIC_TOOL_ONLY",
        }
        quote_content = {
            "protocol": "recovery-quote-v1",
            "user_id": str(USER),
            "position_id": str(original.position_id),
            "destination_account_id": str(original.destination_account_id),
            "goal_id": None,
            "quote": quote.model_dump(mode="json"),
        }
        for identity, source, content in (
            (bank_id, "SIMULATED_BANK_POSITION", bank_content),
            (quote_id, "SIMULATED_REDEMPTION_QUOTE", quote_content),
            (full_evidence_id, "SYNTHETIC_USER_DECLARATION", {"fixture_tier": "SYNTHETIC_TOOL_ONLY"}),
        ):
            raw["evidence_items"].append(
                {
                    "id": str(identity),
                    "user_id": str(USER),
                    "source_type": source,
                    "source_ref": "synthetic:no-bank",
                    "content": content,
                    "content_hash": configuration_hash(content),
                    "status": "VALID",
                    "evidence_level": "USER_DECLARED"
                    if identity == full_evidence_id
                    else "BANK_CONFIRMED",
                    "observed_at": NOW.isoformat(),
                    "valid_from": (NOW - timedelta(days=30)).isoformat(),
                    "valid_to": None,
                }
            )
        config = planning.configuration.model_dump(mode="json")
        config_hash = configuration_hash(config)
        full_version = FullVersionView(
            version_id=planning.policy_version_id,
            policy_id=planning.policy_id,
            version_number=1,
            configuration=config,
            content_hash=config_hash,
            previous_hash=None,
            summary="synthetic",
            confirmation={"accepted": True, "reviewed_hash": config_hash},
            confirmed_at=planning.confirmed_at,
            valid_from=planning.valid_from,
            valid_until=None,
            change_reason="synthetic",
            evidence_ids=[full_evidence_id],
            impact_analysis={},
            confirmation_evidence_status="CURRENT_EVIDENCE_MATCHED",
        )
        full = FullPolicyView(
            policy_id=planning.policy_id,
            epoch_id=EPOCH,
            template_name="RecoveryPolicy",
            name="synthetic",
            status="ACTIVE",
            effective_status="ACTIVE",
            planning_confirmation_valid=True,
            reference_validation="CURRENT",
            current_version=full_version,
            updated_at=NOW,
        )
        raw["full_policies"] = [
            {
                "id": str(full.policy_id),
                "user_id": str(USER),
                "epoch_id": str(EPOCH),
                "template_name": "RecoveryPolicy",
                "status": "ACTIVE",
            }
        ]
        raw["full_policy_versions"] = [
            {
                "id": str(full_version.version_id),
                "user_id": str(USER),
                "policy_id": str(full.policy_id),
                "version_number": 1,
                "configuration": config,
                "content_hash": config_hash,
                "confirmation": full_version.confirmation,
                "impact_analysis": {},
                "previous_hash": None,
                "evidence_ids": [str(full_evidence_id)],
                "confirmed_at": planning.confirmed_at.isoformat(),
                "valid_from": planning.valid_from.isoformat(),
                "valid_until": None,
            }
        ]
        source_ids = [bank_id, quote_id, full_evidence_id]
        digest = configuration_hash(
            {
                "user_id": str(USER),
                "as_of": NOW.isoformat(),
                "sources": [
                    {"id": row["id"], "hash": row["content_hash"]}
                    for row in sorted(raw["evidence_items"], key=lambda row: row["id"])
                ],
                "issues": [],
            }
        )
        planning = planning.model_copy(
            update={
                "snapshot": planning.snapshot.model_copy(
                    update={
                        "source_digest": digest,
                        "cash_accounts": [
                            planning.snapshot.cash_accounts[0].model_copy(
                                update={"balance_cents": cash}
                            )
                        ],
                    }
                ),
                "boundary_versions": versions,
                "holdings": [metadata],
            }
        )
        plan = plan_full_recovery(planning)
        catalogue = CatalogReadResponse(
            state="REGISTERED",
            versions=[
                CatalogVersionView(
                    id=metadata.catalogue_version_id,
                    product_id=product.product_id,
                    product_code=product.product_code,
                    version_number=product.version_number,
                    original_product=canonical,
                    product_hash=product_hash,
                    terms_digest=product.terms_digest,
                    observed_at=NOW - timedelta(days=30),
                    effective_from=product.effective_from,
                    effective_until=product.effective_until,
                    current_source_matched=True,
                )
            ],
            unregistered_product_ids=[],
            issues=[],
            complete_within_registered_capacity=True,
        )
        response_hash = configuration_hash(
            {
                "financial_source_digest": digest,
                "policy_version_id": str(full_version.version_id),
                "plan_input_hash": plan.input_hash,
                "catalogue": catalogue.model_dump(mode="json"),
                "planning_deadline_at": None,
            }
        )
        response = FullRecoveryPlanningResponse(
            user_id=USER,
            policy_id=full.policy_id,
            as_of=NOW,
            state="COMPUTED",
            plan=plan,
            catalogue=catalogue,
            catalogue_bindings=[
                CatalogProductBinding(
                    product_id=product.product_id,
                    catalogue_version_id=metadata.catalogue_version_id,
                    product_record_hash=product_hash,
                    terms_digest=product.terms_digest,
                )
            ],
            source_evidence_ids=source_ids,
            source_issues=[],
            input_hash=response_hash,
            limitations=[],
        )
        ctx = ExecutionContext(
            user_id=USER,
            snapshot=planning.snapshot,
            versions=versions,
            positions=planning.positions,
            boundary_products=[],
            products=[product],
            redemption_quote=quote,
            requires_confirmation=True,
        )
        financial = {
            "user_id": str(USER),
            "as_of": NOW.isoformat(),
            "snapshot": ctx.snapshot.model_dump(mode="json"),
            "versions": [row.model_dump(mode="json") for row in versions],
            "positions": [row.model_dump(mode="json") for row in planning.positions],
        }
        financial_hash = configuration_hash(financial)
        original_execution = execution_fixture(delay).model_copy(
            update={
                "candidate": plan.candidates[0],
                "deadline_at": plan.deadline_at,
                "original_effect": execution_fixture(delay).original_effect.model_copy(
                    update={"quote_id": quote.quote_id}
                ),
                "planning_input_hash": plan.input_hash,
                "planning_response_hash": response_hash,
                "candidate_position_ids": [row.position_id for row in plan.candidates],
                "selected_position_ids": [row.position_id for row in plan.lossless_steps],
                "source_refs": [
                    {
                        "user_id": USER,
                        "evidence_id": bank_id,
                        "content_hash": raw["evidence_items"][0]["content_hash"],
                    }
                ],
            }
        )
        # Parse the complete strict input; model_copy never substitutes for type validation.
        original_execution = type(original_execution).model_validate(original_execution.model_dump())
        producer = RecoveryProducerInput(
            full_policy_id=full.policy_id,
            full_policy=full,
            planning_inputs=planning,
            original_planning=response,
        )
        old_effect = original_execution.original_effect
        old_facts = AutonomyFacts(
            user_id=USER,
            as_of=NOW,
            action_type="REDEEM_ASSET",
            initiation="CONFIRMED_POLICY",
>           authority=AuthorityAssessment(
                status="VALID", policy_version_ids=old_effect.policy_version_ids
            ),
            effect=old_effect,
            validation=revalidate_execution(old_effect, ctx),
            source_context_hash=financial_hash,
        )
E       pydantic_core._pydantic_core.ValidationError: 1 validation error for AuthorityAssessment
E       status
E         Input should be 'AUTHORIZED', 'OUTSIDE_AUTHORITY', 'STALE_VERSION' or 'MISSING_EVIDENCE' [type=literal_error, input_value='VALID', input_type=str]
E           For further information visit https://errors.pydantic.dev/2.13/v/literal_error

apps\api\app\tests\test_full_action_set_recovery_producers.py:349: ValidationError
_ test_missing_or_changed_originals_are_unknown_and_do_not_clear_missing_family[expired_quote] _

mode = 'expired_quote'

    @pytest.mark.parametrize(
        "mode",
        [
            "drop_position",
            "drop_command",
            "owner",
            "epoch",
            "audit",
            "cash",
            "source_hash",
            "quote",
            "expired_quote",
            "catalogue",
            "catalogue_drop",
            "full_version",
            "full_hash",
            "deadline",
            "old_confirmation",
            "ask",
            "full_protection",
            "capacity",
        ],
    )
    def test_missing_or_changed_originals_are_unknown_and_do_not_clear_missing_family(
        mode: str,
    ) -> None:
        def mutation(raw: dict[str, Any]) -> None:
            item = raw["producers"][0]
            inventory = raw["original_actual_input"]["base"]["original_inventory"]
            if mode == "drop_position":
                raw["original_position_ids"] = []
            elif mode == "drop_command":
                inventory["action_plans"].append(
                    {
                        "id": str(UUID(int=888)),
                        "user_id": str(USER),
                        "action_type": "ASSET_REDEEM",
                        "request": {},
                    }
                )
            elif mode == "owner":
                inventory["asset_positions"][0]["user_id"] = str(UUID(int=999))
            elif mode == "epoch":
                item["full_policy"]["epoch_id"] = str(UUID(int=999))
            elif mode == "audit":
                raw["original_actual_input"]["base"]["audit_verified"] = False
            elif mode == "cash":
                item["planning_inputs"]["snapshot"]["cash_accounts"][0]["balance_cents"] += 1
            elif mode == "source_hash":
                inventory["evidence_items"][0]["content_hash"] = "0" * 64
            elif mode == "quote":
                inventory["evidence_items"][1]["content"]["quote"]["net_cents"] -= 1
            elif mode == "expired_quote":
                item["planning_inputs"]["holdings"][0]["original"]["quote"]["expires_at"] = (
                    NOW.isoformat()
                )
            elif mode == "catalogue":
                inventory["asset_products"][0]["risk_level"] = 1
            elif mode == "catalogue_drop":
                inventory["product_catalog_versions"] = []
            elif mode == "full_version":
                item["execution_inputs"]["full_policy_version_id"] = str(UUID(int=999))
            elif mode == "full_hash":
                item["full_policy"]["current_version"]["content_hash"] = "f" * 64
            elif mode == "deadline":
                item["execution_inputs"]["deadline_at"] = (NOW + timedelta(minutes=1)).isoformat()
            elif mode == "old_confirmation":
                item["candidate"]["facts"]["confirmation"] = {
                    "user_id": str(USER),
                    "operation_id": item["candidate"]["facts"]["effect"]["operation_id"],
                    "effect_hash": item["candidate"]["facts"]["validation"]["effect_hash"],
                    "evidence_id": str(UUID(int=991)),
                    "confirmed_at": NOW.isoformat(),
                    "expires_at": (NOW + timedelta(minutes=5)).isoformat(),
                }
            elif mode == "ask":
                item["candidate"]["execution_context"]["requires_confirmation"] = False
            elif mode == "full_protection":
                item["candidate"]["full_protection"] = None
            elif mode == "capacity":
                raw["source_reasons"] = ["RECOVERY_CAPTURE_CAPACITY_EXCEEDED"]
    
>       result = derive_recovery_producers(changed(fixture(), mutation))
                                                   ^^^^^^^^^

apps\api\app\tests\test_full_action_set_recovery_producers.py:530: 
_ _ _ _ _ _ _ _ _ _ _ _ _ _ _ _ _ _ _ _ _ _ _ _ _ _ _ _ _ _ _ _ _ _ _ _ _ _ _ _

delay = 0, cash = 70000

    def fixture(*, delay: int = 0, cash: int = 70000) -> RecoveryActionSetInput:
        planning = planning_fixture([holding(delay=delay)])
        metadata = planning.holdings[0]
        original = metadata.original
        authorization = original.original_authorization
        assert authorization is not None and original.quote is not None
        raw: dict[str, list[dict[str, Any]]] = {name: [] for name in REQUIRED_TABLES}
        raw["users"] = [{"id": str(USER), "is_simulated": True}]
        raw["accounts"] = [
            {
                "id": str(original.destination_account_id),
                "user_id": str(USER),
                "account_type": "CASH",
                "balance_cents": cash,
            },
            {
                "id": str(original.account_id),
                "user_id": str(USER),
                "account_type": "ASSET",
                "balance_cents": 0,
            },
        ]
        bank_id, quote_id, full_evidence_id = UUID(int=610), UUID(int=611), UUID(int=612)
        quote = original.quote.model_copy(update={"evidence_ids": [quote_id]})
        original = original.model_copy(update={"quote": quote, "evidence_ids": [bank_id]})
        metadata = metadata.model_copy(update={"original": original})
        product = original.product
        canonical = product.model_dump(mode="json", exclude={"product_id", "terms_digest"}) | {
            "id": str(product.product_id),
            "early_withdrawal_rule": {},
            "currency": "CNY",
        }
        product_hash = configuration_hash(canonical)
        metadata = metadata.model_copy(update={"product_record_hash": product_hash})
        raw["asset_products"] = [canonical]
        raw["product_catalog_versions"] = [
            {
                "id": str(metadata.catalogue_version_id),
                "product_id": str(product.product_id),
                "product_code": product.product_code,
                "version_number": product.version_number,
                "protocol_version": "product-catalog-v1",
                "canonical_product": canonical,
                "product_hash": product_hash,
                "terms_digest": product.terms_digest,
            }
        ]
        raw["asset_positions"] = [
            {
                "id": str(original.position_id),
                "user_id": str(USER),
                "product_id": str(product.product_id),
                "account_id": str(original.account_id),
                "goal_id": None,
                "status": "HELD",
                "policy_version_id": str(authorization.version_id),
                "principal_cents": quote.principal_cents,
                "purchased_at": original.purchased_at.isoformat(),
                "maturity_at": None,
            }
        ]
        versions = [*planning.boundary_versions, authorization]
        for version in versions:
            raw["policies"].append(
                {"id": str(version.policy_id), "user_id": str(USER), "status": "ACTIVE"}
            )
            raw["policy_versions"].append(
                {
                    "id": str(version.version_id),
                    "user_id": str(USER),
                    "policy_id": str(version.policy_id),
                    "version_number": 1,
                    "configuration": version.configuration,
                    "content_hash": version.content_hash,
                    "confirmed_at": version.confirmed_at.isoformat(),
                    "valid_from": version.valid_from.isoformat(),
                    "valid_until": None,
                }
            )
        bank_content = {
            "position_id": str(original.position_id),
            "return_account_id": str(original.destination_account_id),
            "acquisition": "synthetic_auto_purchase",
            "fixture_tier": "SYNTHETIC_TOOL_ONLY",
        }
        quote_content = {
            "protocol": "recovery-quote-v1",
            "user_id": str(USER),
            "position_id": str(original.position_id),
            "destination_account_id": str(original.destination_account_id),
            "goal_id": None,
            "quote": quote.model_dump(mode="json"),
        }
        for identity, source, content in (
            (bank_id, "SIMULATED_BANK_POSITION", bank_content),
            (quote_id, "SIMULATED_REDEMPTION_QUOTE", quote_content),
            (full_evidence_id, "SYNTHETIC_USER_DECLARATION", {"fixture_tier": "SYNTHETIC_TOOL_ONLY"}),
        ):
            raw["evidence_items"].append(
                {
                    "id": str(identity),
                    "user_id": str(USER),
                    "source_type": source,
                    "source_ref": "synthetic:no-bank",
                    "content": content,
                    "content_hash": configuration_hash(content),
                    "status": "VALID",
                    "evidence_level": "USER_DECLARED"
                    if identity == full_evidence_id
                    else "BANK_CONFIRMED",
                    "observed_at": NOW.isoformat(),
                    "valid_from": (NOW - timedelta(days=30)).isoformat(),
                    "valid_to": None,
                }
            )
        config = planning.configuration.model_dump(mode="json")
        config_hash = configuration_hash(config)
        full_version = FullVersionView(
            version_id=planning.policy_version_id,
            policy_id=planning.policy_id,
            version_number=1,
            configuration=config,
            content_hash=config_hash,
            previous_hash=None,
            summary="synthetic",
            confirmation={"accepted": True, "reviewed_hash": config_hash},
            confirmed_at=planning.confirmed_at,
            valid_from=planning.valid_from,
            valid_until=None,
            change_reason="synthetic",
            evidence_ids=[full_evidence_id],
            impact_analysis={},
            confirmation_evidence_status="CURRENT_EVIDENCE_MATCHED",
        )
        full = FullPolicyView(
            policy_id=planning.policy_id,
            epoch_id=EPOCH,
            template_name="RecoveryPolicy",
            name="synthetic",
            status="ACTIVE",
            effective_status="ACTIVE",
            planning_confirmation_valid=True,
            reference_validation="CURRENT",
            current_version=full_version,
            updated_at=NOW,
        )
        raw["full_policies"] = [
            {
                "id": str(full.policy_id),
                "user_id": str(USER),
                "epoch_id": str(EPOCH),
                "template_name": "RecoveryPolicy",
                "status": "ACTIVE",
            }
        ]
        raw["full_policy_versions"] = [
            {
                "id": str(full_version.version_id),
                "user_id": str(USER),
                "policy_id": str(full.policy_id),
                "version_number": 1,
                "configuration": config,
                "content_hash": config_hash,
                "confirmation": full_version.confirmation,
                "impact_analysis": {},
                "previous_hash": None,
                "evidence_ids": [str(full_evidence_id)],
                "confirmed_at": planning.confirmed_at.isoformat(),
                "valid_from": planning.valid_from.isoformat(),
                "valid_until": None,
            }
        ]
        source_ids = [bank_id, quote_id, full_evidence_id]
        digest = configuration_hash(
            {
                "user_id": str(USER),
                "as_of": NOW.isoformat(),
                "sources": [
                    {"id": row["id"], "hash": row["content_hash"]}
                    for row in sorted(raw["evidence_items"], key=lambda row: row["id"])
                ],
                "issues": [],
            }
        )
        planning = planning.model_copy(
            update={
                "snapshot": planning.snapshot.model_copy(
                    update={
                        "source_digest": digest,
                        "cash_accounts": [
                            planning.snapshot.cash_accounts[0].model_copy(
                                update={"balance_cents": cash}
                            )
                        ],
                    }
                ),
                "boundary_versions": versions,
                "holdings": [metadata],
            }
        )
        plan = plan_full_recovery(planning)
        catalogue = CatalogReadResponse(
            state="REGISTERED",
            versions=[
                CatalogVersionView(
                    id=metadata.catalogue_version_id,
                    product_id=product.product_id,
                    product_code=product.product_code,
                    version_number=product.version_number,
                    original_product=canonical,
                    product_hash=product_hash,
                    terms_digest=product.terms_digest,
                    observed_at=NOW - timedelta(days=30),
                    effective_from=product.effective_from,
                    effective_until=product.effective_until,
                    current_source_matched=True,
                )
            ],
            unregistered_product_ids=[],
            issues=[],
            complete_within_registered_capacity=True,
        )
        response_hash = configuration_hash(
            {
                "financial_source_digest": digest,
                "policy_version_id": str(full_version.version_id),
                "plan_input_hash": plan.input_hash,
                "catalogue": catalogue.model_dump(mode="json"),
                "planning_deadline_at": None,
            }
        )
        response = FullRecoveryPlanningResponse(
            user_id=USER,
            policy_id=full.policy_id,
            as_of=NOW,
            state="COMPUTED",
            plan=plan,
            catalogue=catalogue,
            catalogue_bindings=[
                CatalogProductBinding(
                    product_id=product.product_id,
                    catalogue_version_id=metadata.catalogue_version_id,
                    product_record_hash=product_hash,
                    terms_digest=product.terms_digest,
                )
            ],
            source_evidence_ids=source_ids,
            source_issues=[],
            input_hash=response_hash,
            limitations=[],
        )
        ctx = ExecutionContext(
            user_id=USER,
            snapshot=planning.snapshot,
            versions=versions,
            positions=planning.positions,
            boundary_products=[],
            products=[product],
            redemption_quote=quote,
            requires_confirmation=True,
        )
        financial = {
            "user_id": str(USER),
            "as_of": NOW.isoformat(),
            "snapshot": ctx.snapshot.model_dump(mode="json"),
            "versions": [row.model_dump(mode="json") for row in versions],
            "positions": [row.model_dump(mode="json") for row in planning.positions],
        }
        financial_hash = configuration_hash(financial)
        original_execution = execution_fixture(delay).model_copy(
            update={
                "candidate": plan.candidates[0],
                "deadline_at": plan.deadline_at,
                "original_effect": execution_fixture(delay).original_effect.model_copy(
                    update={"quote_id": quote.quote_id}
                ),
                "planning_input_hash": plan.input_hash,
                "planning_response_hash": response_hash,
                "candidate_position_ids": [row.position_id for row in plan.candidates],
                "selected_position_ids": [row.position_id for row in plan.lossless_steps],
                "source_refs": [
                    {
                        "user_id": USER,
                        "evidence_id": bank_id,
                        "content_hash": raw["evidence_items"][0]["content_hash"],
                    }
                ],
            }
        )
        # Parse the complete strict input; model_copy never substitutes for type validation.
        original_execution = type(original_execution).model_validate(original_execution.model_dump())
        producer = RecoveryProducerInput(
            full_policy_id=full.policy_id,
            full_policy=full,
            planning_inputs=planning,
            original_planning=response,
        )
        old_effect = original_execution.original_effect
        old_facts = AutonomyFacts(
            user_id=USER,
            as_of=NOW,
            action_type="REDEEM_ASSET",
            initiation="CONFIRMED_POLICY",
>           authority=AuthorityAssessment(
                status="VALID", policy_version_ids=old_effect.policy_version_ids
            ),
            effect=old_effect,
            validation=revalidate_execution(old_effect, ctx),
            source_context_hash=financial_hash,
        )
E       pydantic_core._pydantic_core.ValidationError: 1 validation error for AuthorityAssessment
E       status
E         Input should be 'AUTHORIZED', 'OUTSIDE_AUTHORITY', 'STALE_VERSION' or 'MISSING_EVIDENCE' [type=literal_error, input_value='VALID', input_type=str]
E           For further information visit https://errors.pydantic.dev/2.13/v/literal_error

apps\api\app\tests\test_full_action_set_recovery_producers.py:349: ValidationError
_ test_missing_or_changed_originals_are_unknown_and_do_not_clear_missing_family[catalogue] _

mode = 'catalogue'

    @pytest.mark.parametrize(
        "mode",
        [
            "drop_position",
            "drop_command",
            "owner",
            "epoch",
            "audit",
            "cash",
            "source_hash",
            "quote",
            "expired_quote",
            "catalogue",
            "catalogue_drop",
            "full_version",
            "full_hash",
            "deadline",
            "old_confirmation",
            "ask",
            "full_protection",
            "capacity",
        ],
    )
    def test_missing_or_changed_originals_are_unknown_and_do_not_clear_missing_family(
        mode: str,
    ) -> None:
        def mutation(raw: dict[str, Any]) -> None:
            item = raw["producers"][0]
            inventory = raw["original_actual_input"]["base"]["original_inventory"]
            if mode == "drop_position":
                raw["original_position_ids"] = []
            elif mode == "drop_command":
                inventory["action_plans"].append(
                    {
                        "id": str(UUID(int=888)),
                        "user_id": str(USER),
                        "action_type": "ASSET_REDEEM",
                        "request": {},
                    }
                )
            elif mode == "owner":
                inventory["asset_positions"][0]["user_id"] = str(UUID(int=999))
            elif mode == "epoch":
                item["full_policy"]["epoch_id"] = str(UUID(int=999))
            elif mode == "audit":
                raw["original_actual_input"]["base"]["audit_verified"] = False
            elif mode == "cash":
                item["planning_inputs"]["snapshot"]["cash_accounts"][0]["balance_cents"] += 1
            elif mode == "source_hash":
                inventory["evidence_items"][0]["content_hash"] = "0" * 64
            elif mode == "quote":
                inventory["evidence_items"][1]["content"]["quote"]["net_cents"] -= 1
            elif mode == "expired_quote":
                item["planning_inputs"]["holdings"][0]["original"]["quote"]["expires_at"] = (
                    NOW.isoformat()
                )
            elif mode == "catalogue":
                inventory["asset_products"][0]["risk_level"] = 1
            elif mode == "catalogue_drop":
                inventory["product_catalog_versions"] = []
            elif mode == "full_version":
                item["execution_inputs"]["full_policy_version_id"] = str(UUID(int=999))
            elif mode == "full_hash":
                item["full_policy"]["current_version"]["content_hash"] = "f" * 64
            elif mode == "deadline":
                item["execution_inputs"]["deadline_at"] = (NOW + timedelta(minutes=1)).isoformat()
            elif mode == "old_confirmation":
                item["candidate"]["facts"]["confirmation"] = {
                    "user_id": str(USER),
                    "operation_id": item["candidate"]["facts"]["effect"]["operation_id"],
                    "effect_hash": item["candidate"]["facts"]["validation"]["effect_hash"],
                    "evidence_id": str(UUID(int=991)),
                    "confirmed_at": NOW.isoformat(),
                    "expires_at": (NOW + timedelta(minutes=5)).isoformat(),
                }
            elif mode == "ask":
                item["candidate"]["execution_context"]["requires_confirmation"] = False
            elif mode == "full_protection":
                item["candidate"]["full_protection"] = None
            elif mode == "capacity":
                raw["source_reasons"] = ["RECOVERY_CAPTURE_CAPACITY_EXCEEDED"]
    
>       result = derive_recovery_producers(changed(fixture(), mutation))
                                                   ^^^^^^^^^

apps\api\app\tests\test_full_action_set_recovery_producers.py:530: 
_ _ _ _ _ _ _ _ _ _ _ _ _ _ _ _ _ _ _ _ _ _ _ _ _ _ _ _ _ _ _ _ _ _ _ _ _ _ _ _

delay = 0, cash = 70000

    def fixture(*, delay: int = 0, cash: int = 70000) -> RecoveryActionSetInput:
        planning = planning_fixture([holding(delay=delay)])
        metadata = planning.holdings[0]
        original = metadata.original
        authorization = original.original_authorization
        assert authorization is not None and original.quote is not None
        raw: dict[str, list[dict[str, Any]]] = {name: [] for name in REQUIRED_TABLES}
        raw["users"] = [{"id": str(USER), "is_simulated": True}]
        raw["accounts"] = [
            {
                "id": str(original.destination_account_id),
                "user_id": str(USER),
                "account_type": "CASH",
                "balance_cents": cash,
            },
            {
                "id": str(original.account_id),
                "user_id": str(USER),
                "account_type": "ASSET",
                "balance_cents": 0,
            },
        ]
        bank_id, quote_id, full_evidence_id = UUID(int=610), UUID(int=611), UUID(int=612)
        quote = original.quote.model_copy(update={"evidence_ids": [quote_id]})
        original = original.model_copy(update={"quote": quote, "evidence_ids": [bank_id]})
        metadata = metadata.model_copy(update={"original": original})
        product = original.product
        canonical = product.model_dump(mode="json", exclude={"product_id", "terms_digest"}) | {
            "id": str(product.product_id),
            "early_withdrawal_rule": {},
            "currency": "CNY",
        }
        product_hash = configuration_hash(canonical)
        metadata = metadata.model_copy(update={"product_record_hash": product_hash})
        raw["asset_products"] = [canonical]
        raw["product_catalog_versions"] = [
            {
                "id": str(metadata.catalogue_version_id),
                "product_id": str(product.product_id),
                "product_code": product.product_code,
                "version_number": product.version_number,
                "protocol_version": "product-catalog-v1",
                "canonical_product": canonical,
                "product_hash": product_hash,
                "terms_digest": product.terms_digest,
            }
        ]
        raw["asset_positions"] = [
            {
                "id": str(original.position_id),
                "user_id": str(USER),
                "product_id": str(product.product_id),
                "account_id": str(original.account_id),
                "goal_id": None,
                "status": "HELD",
                "policy_version_id": str(authorization.version_id),
                "principal_cents": quote.principal_cents,
                "purchased_at": original.purchased_at.isoformat(),
                "maturity_at": None,
            }
        ]
        versions = [*planning.boundary_versions, authorization]
        for version in versions:
            raw["policies"].append(
                {"id": str(version.policy_id), "user_id": str(USER), "status": "ACTIVE"}
            )
            raw["policy_versions"].append(
                {
                    "id": str(version.version_id),
                    "user_id": str(USER),
                    "policy_id": str(version.policy_id),
                    "version_number": 1,
                    "configuration": version.configuration,
                    "content_hash": version.content_hash,
                    "confirmed_at": version.confirmed_at.isoformat(),
                    "valid_from": version.valid_from.isoformat(),
                    "valid_until": None,
                }
            )
        bank_content = {
            "position_id": str(original.position_id),
            "return_account_id": str(original.destination_account_id),
            "acquisition": "synthetic_auto_purchase",
            "fixture_tier": "SYNTHETIC_TOOL_ONLY",
        }
        quote_content = {
            "protocol": "recovery-quote-v1",
            "user_id": str(USER),
            "position_id": str(original.position_id),
            "destination_account_id": str(original.destination_account_id),
            "goal_id": None,
            "quote": quote.model_dump(mode="json"),
        }
        for identity, source, content in (
            (bank_id, "SIMULATED_BANK_POSITION", bank_content),
            (quote_id, "SIMULATED_REDEMPTION_QUOTE", quote_content),
            (full_evidence_id, "SYNTHETIC_USER_DECLARATION", {"fixture_tier": "SYNTHETIC_TOOL_ONLY"}),
        ):
            raw["evidence_items"].append(
                {
                    "id": str(identity),
                    "user_id": str(USER),
                    "source_type": source,
                    "source_ref": "synthetic:no-bank",
                    "content": content,
                    "content_hash": configuration_hash(content),
                    "status": "VALID",
                    "evidence_level": "USER_DECLARED"
                    if identity == full_evidence_id
                    else "BANK_CONFIRMED",
                    "observed_at": NOW.isoformat(),
                    "valid_from": (NOW - timedelta(days=30)).isoformat(),
                    "valid_to": None,
                }
            )
        config = planning.configuration.model_dump(mode="json")
        config_hash = configuration_hash(config)
        full_version = FullVersionView(
            version_id=planning.policy_version_id,
            policy_id=planning.policy_id,
            version_number=1,
            configuration=config,
            content_hash=config_hash,
            previous_hash=None,
            summary="synthetic",
            confirmation={"accepted": True, "reviewed_hash": config_hash},
            confirmed_at=planning.confirmed_at,
            valid_from=planning.valid_from,
            valid_until=None,
            change_reason="synthetic",
            evidence_ids=[full_evidence_id],
            impact_analysis={},
            confirmation_evidence_status="CURRENT_EVIDENCE_MATCHED",
        )
        full = FullPolicyView(
            policy_id=planning.policy_id,
            epoch_id=EPOCH,
            template_name="RecoveryPolicy",
            name="synthetic",
            status="ACTIVE",
            effective_status="ACTIVE",
            planning_confirmation_valid=True,
            reference_validation="CURRENT",
            current_version=full_version,
            updated_at=NOW,
        )
        raw["full_policies"] = [
            {
                "id": str(full.policy_id),
                "user_id": str(USER),
                "epoch_id": str(EPOCH),
                "template_name": "RecoveryPolicy",
                "status": "ACTIVE",
            }
        ]
        raw["full_policy_versions"] = [
            {
                "id": str(full_version.version_id),
                "user_id": str(USER),
                "policy_id": str(full.policy_id),
                "version_number": 1,
                "configuration": config,
                "content_hash": config_hash,
                "confirmation": full_version.confirmation,
                "impact_analysis": {},
                "previous_hash": None,
                "evidence_ids": [str(full_evidence_id)],
                "confirmed_at": planning.confirmed_at.isoformat(),
                "valid_from": planning.valid_from.isoformat(),
                "valid_until": None,
            }
        ]
        source_ids = [bank_id, quote_id, full_evidence_id]
        digest = configuration_hash(
            {
                "user_id": str(USER),
                "as_of": NOW.isoformat(),
                "sources": [
                    {"id": row["id"], "hash": row["content_hash"]}
                    for row in sorted(raw["evidence_items"], key=lambda row: row["id"])
                ],
                "issues": [],
            }
        )
        planning = planning.model_copy(
            update={
                "snapshot": planning.snapshot.model_copy(
                    update={
                        "source_digest": digest,
                        "cash_accounts": [
                            planning.snapshot.cash_accounts[0].model_copy(
                                update={"balance_cents": cash}
                            )
                        ],
                    }
                ),
                "boundary_versions": versions,
                "holdings": [metadata],
            }
        )
        plan = plan_full_recovery(planning)
        catalogue = CatalogReadResponse(
            state="REGISTERED",
            versions=[
                CatalogVersionView(
                    id=metadata.catalogue_version_id,
                    product_id=product.product_id,
                    product_code=product.product_code,
                    version_number=product.version_number,
                    original_product=canonical,
                    product_hash=product_hash,
                    terms_digest=product.terms_digest,
                    observed_at=NOW - timedelta(days=30),
                    effective_from=product.effective_from,
                    effective_until=product.effective_until,
                    current_source_matched=True,
                )
            ],
            unregistered_product_ids=[],
            issues=[],
            complete_within_registered_capacity=True,
        )
        response_hash = configuration_hash(
            {
                "financial_source_digest": digest,
                "policy_version_id": str(full_version.version_id),
                "plan_input_hash": plan.input_hash,
                "catalogue": catalogue.model_dump(mode="json"),
                "planning_deadline_at": None,
            }
        )
        response = FullRecoveryPlanningResponse(
            user_id=USER,
            policy_id=full.policy_id,
            as_of=NOW,
            state="COMPUTED",
            plan=plan,
            catalogue=catalogue,
            catalogue_bindings=[
                CatalogProductBinding(
                    product_id=product.product_id,
                    catalogue_version_id=metadata.catalogue_version_id,
                    product_record_hash=product_hash,
                    terms_digest=product.terms_digest,
                )
            ],
            source_evidence_ids=source_ids,
            source_issues=[],
            input_hash=response_hash,
            limitations=[],
        )
        ctx = ExecutionContext(
            user_id=USER,
            snapshot=planning.snapshot,
            versions=versions,
            positions=planning.positions,
            boundary_products=[],
            products=[product],
            redemption_quote=quote,
            requires_confirmation=True,
        )
        financial = {
            "user_id": str(USER),
            "as_of": NOW.isoformat(),
            "snapshot": ctx.snapshot.model_dump(mode="json"),
            "versions": [row.model_dump(mode="json") for row in versions],
            "positions": [row.model_dump(mode="json") for row in planning.positions],
        }
        financial_hash = configuration_hash(financial)
        original_execution = execution_fixture(delay).model_copy(
            update={
                "candidate": plan.candidates[0],
                "deadline_at": plan.deadline_at,
                "original_effect": execution_fixture(delay).original_effect.model_copy(
                    update={"quote_id": quote.quote_id}
                ),
                "planning_input_hash": plan.input_hash,
                "planning_response_hash": response_hash,
                "candidate_position_ids": [row.position_id for row in plan.candidates],
                "selected_position_ids": [row.position_id for row in plan.lossless_steps],
                "source_refs": [
                    {
                        "user_id": USER,
                        "evidence_id": bank_id,
                        "content_hash": raw["evidence_items"][0]["content_hash"],
                    }
                ],
            }
        )
        # Parse the complete strict input; model_copy never substitutes for type validation.
        original_execution = type(original_execution).model_validate(original_execution.model_dump())
        producer = RecoveryProducerInput(
            full_policy_id=full.policy_id,
            full_policy=full,
            planning_inputs=planning,
            original_planning=response,
        )
        old_effect = original_execution.original_effect
        old_facts = AutonomyFacts(
            user_id=USER,
            as_of=NOW,
            action_type="REDEEM_ASSET",
            initiation="CONFIRMED_POLICY",
>           authority=AuthorityAssessment(
                status="VALID", policy_version_ids=old_effect.policy_version_ids
            ),
            effect=old_effect,
            validation=revalidate_execution(old_effect, ctx),
            source_context_hash=financial_hash,
        )
E       pydantic_core._pydantic_core.ValidationError: 1 validation error for AuthorityAssessment
E       status
E         Input should be 'AUTHORIZED', 'OUTSIDE_AUTHORITY', 'STALE_VERSION' or 'MISSING_EVIDENCE' [type=literal_error, input_value='VALID', input_type=str]
E           For further information visit https://errors.pydantic.dev/2.13/v/literal_error

apps\api\app\tests\test_full_action_set_recovery_producers.py:349: ValidationError
_ test_missing_or_changed_originals_are_unknown_and_do_not_clear_missing_family[catalogue_drop] _

mode = 'catalogue_drop'

    @pytest.mark.parametrize(
        "mode",
        [
            "drop_position",
            "drop_command",
            "owner",
            "epoch",
            "audit",
            "cash",
            "source_hash",
            "quote",
            "expired_quote",
            "catalogue",
            "catalogue_drop",
            "full_version",
            "full_hash",
            "deadline",
            "old_confirmation",
            "ask",
            "full_protection",
            "capacity",
        ],
    )
    def test_missing_or_changed_originals_are_unknown_and_do_not_clear_missing_family(
        mode: str,
    ) -> None:
        def mutation(raw: dict[str, Any]) -> None:
            item = raw["producers"][0]
            inventory = raw["original_actual_input"]["base"]["original_inventory"]
            if mode == "drop_position":
                raw["original_position_ids"] = []
            elif mode == "drop_command":
                inventory["action_plans"].append(
                    {
                        "id": str(UUID(int=888)),
                        "user_id": str(USER),
                        "action_type": "ASSET_REDEEM",
                        "request": {},
                    }
                )
            elif mode == "owner":
                inventory["asset_positions"][0]["user_id"] = str(UUID(int=999))
            elif mode == "epoch":
                item["full_policy"]["epoch_id"] = str(UUID(int=999))
            elif mode == "audit":
                raw["original_actual_input"]["base"]["audit_verified"] = False
            elif mode == "cash":
                item["planning_inputs"]["snapshot"]["cash_accounts"][0]["balance_cents"] += 1
            elif mode == "source_hash":
                inventory["evidence_items"][0]["content_hash"] = "0" * 64
            elif mode == "quote":
                inventory["evidence_items"][1]["content"]["quote"]["net_cents"] -= 1
            elif mode == "expired_quote":
                item["planning_inputs"]["holdings"][0]["original"]["quote"]["expires_at"] = (
                    NOW.isoformat()
                )
            elif mode == "catalogue":
                inventory["asset_products"][0]["risk_level"] = 1
            elif mode == "catalogue_drop":
                inventory["product_catalog_versions"] = []
            elif mode == "full_version":
                item["execution_inputs"]["full_policy_version_id"] = str(UUID(int=999))
            elif mode == "full_hash":
                item["full_policy"]["current_version"]["content_hash"] = "f" * 64
            elif mode == "deadline":
                item["execution_inputs"]["deadline_at"] = (NOW + timedelta(minutes=1)).isoformat()
            elif mode == "old_confirmation":
                item["candidate"]["facts"]["confirmation"] = {
                    "user_id": str(USER),
                    "operation_id": item["candidate"]["facts"]["effect"]["operation_id"],
                    "effect_hash": item["candidate"]["facts"]["validation"]["effect_hash"],
                    "evidence_id": str(UUID(int=991)),
                    "confirmed_at": NOW.isoformat(),
                    "expires_at": (NOW + timedelta(minutes=5)).isoformat(),
                }
            elif mode == "ask":
                item["candidate"]["execution_context"]["requires_confirmation"] = False
            elif mode == "full_protection":
                item["candidate"]["full_protection"] = None
            elif mode == "capacity":
                raw["source_reasons"] = ["RECOVERY_CAPTURE_CAPACITY_EXCEEDED"]
    
>       result = derive_recovery_producers(changed(fixture(), mutation))
                                                   ^^^^^^^^^

apps\api\app\tests\test_full_action_set_recovery_producers.py:530: 
_ _ _ _ _ _ _ _ _ _ _ _ _ _ _ _ _ _ _ _ _ _ _ _ _ _ _ _ _ _ _ _ _ _ _ _ _ _ _ _

delay = 0, cash = 70000

    def fixture(*, delay: int = 0, cash: int = 70000) -> RecoveryActionSetInput:
        planning = planning_fixture([holding(delay=delay)])
        metadata = planning.holdings[0]
        original = metadata.original
        authorization = original.original_authorization
        assert authorization is not None and original.quote is not None
        raw: dict[str, list[dict[str, Any]]] = {name: [] for name in REQUIRED_TABLES}
        raw["users"] = [{"id": str(USER), "is_simulated": True}]
        raw["accounts"] = [
            {
                "id": str(original.destination_account_id),
                "user_id": str(USER),
                "account_type": "CASH",
                "balance_cents": cash,
            },
            {
                "id": str(original.account_id),
                "user_id": str(USER),
                "account_type": "ASSET",
                "balance_cents": 0,
            },
        ]
        bank_id, quote_id, full_evidence_id = UUID(int=610), UUID(int=611), UUID(int=612)
        quote = original.quote.model_copy(update={"evidence_ids": [quote_id]})
        original = original.model_copy(update={"quote": quote, "evidence_ids": [bank_id]})
        metadata = metadata.model_copy(update={"original": original})
        product = original.product
        canonical = product.model_dump(mode="json", exclude={"product_id", "terms_digest"}) | {
            "id": str(product.product_id),
            "early_withdrawal_rule": {},
            "currency": "CNY",
        }
        product_hash = configuration_hash(canonical)
        metadata = metadata.model_copy(update={"product_record_hash": product_hash})
        raw["asset_products"] = [canonical]
        raw["product_catalog_versions"] = [
            {
                "id": str(metadata.catalogue_version_id),
                "product_id": str(product.product_id),
                "product_code": product.product_code,
                "version_number": product.version_number,
                "protocol_version": "product-catalog-v1",
                "canonical_product": canonical,
                "product_hash": product_hash,
                "terms_digest": product.terms_digest,
            }
        ]
        raw["asset_positions"] = [
            {
                "id": str(original.position_id),
                "user_id": str(USER),
                "product_id": str(product.product_id),
                "account_id": str(original.account_id),
                "goal_id": None,
                "status": "HELD",
                "policy_version_id": str(authorization.version_id),
                "principal_cents": quote.principal_cents,
                "purchased_at": original.purchased_at.isoformat(),
                "maturity_at": None,
            }
        ]
        versions = [*planning.boundary_versions, authorization]
        for version in versions:
            raw["policies"].append(
                {"id": str(version.policy_id), "user_id": str(USER), "status": "ACTIVE"}
            )
            raw["policy_versions"].append(
                {
                    "id": str(version.version_id),
                    "user_id": str(USER),
                    "policy_id": str(version.policy_id),
                    "version_number": 1,
                    "configuration": version.configuration,
                    "content_hash": version.content_hash,
                    "confirmed_at": version.confirmed_at.isoformat(),
                    "valid_from": version.valid_from.isoformat(),
                    "valid_until": None,
                }
            )
        bank_content = {
            "position_id": str(original.position_id),
            "return_account_id": str(original.destination_account_id),
            "acquisition": "synthetic_auto_purchase",
            "fixture_tier": "SYNTHETIC_TOOL_ONLY",
        }
        quote_content = {
            "protocol": "recovery-quote-v1",
            "user_id": str(USER),
            "position_id": str(original.position_id),
            "destination_account_id": str(original.destination_account_id),
            "goal_id": None,
            "quote": quote.model_dump(mode="json"),
        }
        for identity, source, content in (
            (bank_id, "SIMULATED_BANK_POSITION", bank_content),
            (quote_id, "SIMULATED_REDEMPTION_QUOTE", quote_content),
            (full_evidence_id, "SYNTHETIC_USER_DECLARATION", {"fixture_tier": "SYNTHETIC_TOOL_ONLY"}),
        ):
            raw["evidence_items"].append(
                {
                    "id": str(identity),
                    "user_id": str(USER),
                    "source_type": source,
                    "source_ref": "synthetic:no-bank",
                    "content": content,
                    "content_hash": configuration_hash(content),
                    "status": "VALID",
                    "evidence_level": "USER_DECLARED"
                    if identity == full_evidence_id
                    else "BANK_CONFIRMED",
                    "observed_at": NOW.isoformat(),
                    "valid_from": (NOW - timedelta(days=30)).isoformat(),
                    "valid_to": None,
                }
            )
        config = planning.configuration.model_dump(mode="json")
        config_hash = configuration_hash(config)
        full_version = FullVersionView(
            version_id=planning.policy_version_id,
            policy_id=planning.policy_id,
            version_number=1,
            configuration=config,
            content_hash=config_hash,
            previous_hash=None,
            summary="synthetic",
            confirmation={"accepted": True, "reviewed_hash": config_hash},
            confirmed_at=planning.confirmed_at,
            valid_from=planning.valid_from,
            valid_until=None,
            change_reason="synthetic",
            evidence_ids=[full_evidence_id],
            impact_analysis={},
            confirmation_evidence_status="CURRENT_EVIDENCE_MATCHED",
        )
        full = FullPolicyView(
            policy_id=planning.policy_id,
            epoch_id=EPOCH,
            template_name="RecoveryPolicy",
            name="synthetic",
            status="ACTIVE",
            effective_status="ACTIVE",
            planning_confirmation_valid=True,
            reference_validation="CURRENT",
            current_version=full_version,
            updated_at=NOW,
        )
        raw["full_policies"] = [
            {
                "id": str(full.policy_id),
                "user_id": str(USER),
                "epoch_id": str(EPOCH),
                "template_name": "RecoveryPolicy",
                "status": "ACTIVE",
            }
        ]
        raw["full_policy_versions"] = [
            {
                "id": str(full_version.version_id),
                "user_id": str(USER),
                "policy_id": str(full.policy_id),
                "version_number": 1,
                "configuration": config,
                "content_hash": config_hash,
                "confirmation": full_version.confirmation,
                "impact_analysis": {},
                "previous_hash": None,
                "evidence_ids": [str(full_evidence_id)],
                "confirmed_at": planning.confirmed_at.isoformat(),
                "valid_from": planning.valid_from.isoformat(),
                "valid_until": None,
            }
        ]
        source_ids = [bank_id, quote_id, full_evidence_id]
        digest = configuration_hash(
            {
                "user_id": str(USER),
                "as_of": NOW.isoformat(),
                "sources": [
                    {"id": row["id"], "hash": row["content_hash"]}
                    for row in sorted(raw["evidence_items"], key=lambda row: row["id"])
                ],
                "issues": [],
            }
        )
        planning = planning.model_copy(
            update={
                "snapshot": planning.snapshot.model_copy(
                    update={
                        "source_digest": digest,
                        "cash_accounts": [
                            planning.snapshot.cash_accounts[0].model_copy(
                                update={"balance_cents": cash}
                            )
                        ],
                    }
                ),
                "boundary_versions": versions,
                "holdings": [metadata],
            }
        )
        plan = plan_full_recovery(planning)
        catalogue = CatalogReadResponse(
            state="REGISTERED",
            versions=[
                CatalogVersionView(
                    id=metadata.catalogue_version_id,
                    product_id=product.product_id,
                    product_code=product.product_code,
                    version_number=product.version_number,
                    original_product=canonical,
                    product_hash=product_hash,
                    terms_digest=product.terms_digest,
                    observed_at=NOW - timedelta(days=30),
                    effective_from=product.effective_from,
                    effective_until=product.effective_until,
                    current_source_matched=True,
                )
            ],
            unregistered_product_ids=[],
            issues=[],
            complete_within_registered_capacity=True,
        )
        response_hash = configuration_hash(
            {
                "financial_source_digest": digest,
                "policy_version_id": str(full_version.version_id),
                "plan_input_hash": plan.input_hash,
                "catalogue": catalogue.model_dump(mode="json"),
                "planning_deadline_at": None,
            }
        )
        response = FullRecoveryPlanningResponse(
            user_id=USER,
            policy_id=full.policy_id,
            as_of=NOW,
            state="COMPUTED",
            plan=plan,
            catalogue=catalogue,
            catalogue_bindings=[
                CatalogProductBinding(
                    product_id=product.product_id,
                    catalogue_version_id=metadata.catalogue_version_id,
                    product_record_hash=product_hash,
                    terms_digest=product.terms_digest,
                )
            ],
            source_evidence_ids=source_ids,
            source_issues=[],
            input_hash=response_hash,
            limitations=[],
        )
        ctx = ExecutionContext(
            user_id=USER,
            snapshot=planning.snapshot,
            versions=versions,
            positions=planning.positions,
            boundary_products=[],
            products=[product],
            redemption_quote=quote,
            requires_confirmation=True,
        )
        financial = {
            "user_id": str(USER),
            "as_of": NOW.isoformat(),
            "snapshot": ctx.snapshot.model_dump(mode="json"),
            "versions": [row.model_dump(mode="json") for row in versions],
            "positions": [row.model_dump(mode="json") for row in planning.positions],
        }
        financial_hash = configuration_hash(financial)
        original_execution = execution_fixture(delay).model_copy(
            update={
                "candidate": plan.candidates[0],
                "deadline_at": plan.deadline_at,
                "original_effect": execution_fixture(delay).original_effect.model_copy(
                    update={"quote_id": quote.quote_id}
                ),
                "planning_input_hash": plan.input_hash,
                "planning_response_hash": response_hash,
                "candidate_position_ids": [row.position_id for row in plan.candidates],
                "selected_position_ids": [row.position_id for row in plan.lossless_steps],
                "source_refs": [
                    {
                        "user_id": USER,
                        "evidence_id": bank_id,
                        "content_hash": raw["evidence_items"][0]["content_hash"],
                    }
                ],
            }
        )
        # Parse the complete strict input; model_copy never substitutes for type validation.
        original_execution = type(original_execution).model_validate(original_execution.model_dump())
        producer = RecoveryProducerInput(
            full_policy_id=full.policy_id,
            full_policy=full,
            planning_inputs=planning,
            original_planning=response,
        )
        old_effect = original_execution.original_effect
        old_facts = AutonomyFacts(
            user_id=USER,
            as_of=NOW,
            action_type="REDEEM_ASSET",
            initiation="CONFIRMED_POLICY",
>           authority=AuthorityAssessment(
                status="VALID", policy_version_ids=old_effect.policy_version_ids
            ),
            effect=old_effect,
            validation=revalidate_execution(old_effect, ctx),
            source_context_hash=financial_hash,
        )
E       pydantic_core._pydantic_core.ValidationError: 1 validation error for AuthorityAssessment
E       status
E         Input should be 'AUTHORIZED', 'OUTSIDE_AUTHORITY', 'STALE_VERSION' or 'MISSING_EVIDENCE' [type=literal_error, input_value='VALID', input_type=str]
E           For further information visit https://errors.pydantic.dev/2.13/v/literal_error

apps\api\app\tests\test_full_action_set_recovery_producers.py:349: ValidationError
_ test_missing_or_changed_originals_are_unknown_and_do_not_clear_missing_family[full_version] _

mode = 'full_version'

    @pytest.mark.parametrize(
        "mode",
        [
            "drop_position",
            "drop_command",
            "owner",
            "epoch",
            "audit",
            "cash",
            "source_hash",
            "quote",
            "expired_quote",
            "catalogue",
            "catalogue_drop",
            "full_version",
            "full_hash",
            "deadline",
            "old_confirmation",
            "ask",
            "full_protection",
            "capacity",
        ],
    )
    def test_missing_or_changed_originals_are_unknown_and_do_not_clear_missing_family(
        mode: str,
    ) -> None:
        def mutation(raw: dict[str, Any]) -> None:
            item = raw["producers"][0]
            inventory = raw["original_actual_input"]["base"]["original_inventory"]
            if mode == "drop_position":
                raw["original_position_ids"] = []
            elif mode == "drop_command":
                inventory["action_plans"].append(
                    {
                        "id": str(UUID(int=888)),
                        "user_id": str(USER),
                        "action_type": "ASSET_REDEEM",
                        "request": {},
                    }
                )
            elif mode == "owner":
                inventory["asset_positions"][0]["user_id"] = str(UUID(int=999))
            elif mode == "epoch":
                item["full_policy"]["epoch_id"] = str(UUID(int=999))
            elif mode == "audit":
                raw["original_actual_input"]["base"]["audit_verified"] = False
            elif mode == "cash":
                item["planning_inputs"]["snapshot"]["cash_accounts"][0]["balance_cents"] += 1
            elif mode == "source_hash":
                inventory["evidence_items"][0]["content_hash"] = "0" * 64
            elif mode == "quote":
                inventory["evidence_items"][1]["content"]["quote"]["net_cents"] -= 1
            elif mode == "expired_quote":
                item["planning_inputs"]["holdings"][0]["original"]["quote"]["expires_at"] = (
                    NOW.isoformat()
                )
            elif mode == "catalogue":
                inventory["asset_products"][0]["risk_level"] = 1
            elif mode == "catalogue_drop":
                inventory["product_catalog_versions"] = []
            elif mode == "full_version":
                item["execution_inputs"]["full_policy_version_id"] = str(UUID(int=999))
            elif mode == "full_hash":
                item["full_policy"]["current_version"]["content_hash"] = "f" * 64
            elif mode == "deadline":
                item["execution_inputs"]["deadline_at"] = (NOW + timedelta(minutes=1)).isoformat()
            elif mode == "old_confirmation":
                item["candidate"]["facts"]["confirmation"] = {
                    "user_id": str(USER),
                    "operation_id": item["candidate"]["facts"]["effect"]["operation_id"],
                    "effect_hash": item["candidate"]["facts"]["validation"]["effect_hash"],
                    "evidence_id": str(UUID(int=991)),
                    "confirmed_at": NOW.isoformat(),
                    "expires_at": (NOW + timedelta(minutes=5)).isoformat(),
                }
            elif mode == "ask":
                item["candidate"]["execution_context"]["requires_confirmation"] = False
            elif mode == "full_protection":
                item["candidate"]["full_protection"] = None
            elif mode == "capacity":
                raw["source_reasons"] = ["RECOVERY_CAPTURE_CAPACITY_EXCEEDED"]
    
>       result = derive_recovery_producers(changed(fixture(), mutation))
                                                   ^^^^^^^^^

apps\api\app\tests\test_full_action_set_recovery_producers.py:530: 
_ _ _ _ _ _ _ _ _ _ _ _ _ _ _ _ _ _ _ _ _ _ _ _ _ _ _ _ _ _ _ _ _ _ _ _ _ _ _ _

delay = 0, cash = 70000

    def fixture(*, delay: int = 0, cash: int = 70000) -> RecoveryActionSetInput:
        planning = planning_fixture([holding(delay=delay)])
        metadata = planning.holdings[0]
        original = metadata.original
        authorization = original.original_authorization
        assert authorization is not None and original.quote is not None
        raw: dict[str, list[dict[str, Any]]] = {name: [] for name in REQUIRED_TABLES}
        raw["users"] = [{"id": str(USER), "is_simulated": True}]
        raw["accounts"] = [
            {
                "id": str(original.destination_account_id),
                "user_id": str(USER),
                "account_type": "CASH",
                "balance_cents": cash,
            },
            {
                "id": str(original.account_id),
                "user_id": str(USER),
                "account_type": "ASSET",
                "balance_cents": 0,
            },
        ]
        bank_id, quote_id, full_evidence_id = UUID(int=610), UUID(int=611), UUID(int=612)
        quote = original.quote.model_copy(update={"evidence_ids": [quote_id]})
        original = original.model_copy(update={"quote": quote, "evidence_ids": [bank_id]})
        metadata = metadata.model_copy(update={"original": original})
        product = original.product
        canonical = product.model_dump(mode="json", exclude={"product_id", "terms_digest"}) | {
            "id": str(product.product_id),
            "early_withdrawal_rule": {},
            "currency": "CNY",
        }
        product_hash = configuration_hash(canonical)
        metadata = metadata.model_copy(update={"product_record_hash": product_hash})
        raw["asset_products"] = [canonical]
        raw["product_catalog_versions"] = [
            {
                "id": str(metadata.catalogue_version_id),
                "product_id": str(product.product_id),
                "product_code": product.product_code,
                "version_number": product.version_number,
                "protocol_version": "product-catalog-v1",
                "canonical_product": canonical,
                "product_hash": product_hash,
                "terms_digest": product.terms_digest,
            }
        ]
        raw["asset_positions"] = [
            {
                "id": str(original.position_id),
                "user_id": str(USER),
                "product_id": str(product.product_id),
                "account_id": str(original.account_id),
                "goal_id": None,
                "status": "HELD",
                "policy_version_id": str(authorization.version_id),
                "principal_cents": quote.principal_cents,
                "purchased_at": original.purchased_at.isoformat(),
                "maturity_at": None,
            }
        ]
        versions = [*planning.boundary_versions, authorization]
        for version in versions:
            raw["policies"].append(
                {"id": str(version.policy_id), "user_id": str(USER), "status": "ACTIVE"}
            )
            raw["policy_versions"].append(
                {
                    "id": str(version.version_id),
                    "user_id": str(USER),
                    "policy_id": str(version.policy_id),
                    "version_number": 1,
                    "configuration": version.configuration,
                    "content_hash": version.content_hash,
                    "confirmed_at": version.confirmed_at.isoformat(),
                    "valid_from": version.valid_from.isoformat(),
                    "valid_until": None,
                }
            )
        bank_content = {
            "position_id": str(original.position_id),
            "return_account_id": str(original.destination_account_id),
            "acquisition": "synthetic_auto_purchase",
            "fixture_tier": "SYNTHETIC_TOOL_ONLY",
        }
        quote_content = {
            "protocol": "recovery-quote-v1",
            "user_id": str(USER),
            "position_id": str(original.position_id),
            "destination_account_id": str(original.destination_account_id),
            "goal_id": None,
            "quote": quote.model_dump(mode="json"),
        }
        for identity, source, content in (
            (bank_id, "SIMULATED_BANK_POSITION", bank_content),
            (quote_id, "SIMULATED_REDEMPTION_QUOTE", quote_content),
            (full_evidence_id, "SYNTHETIC_USER_DECLARATION", {"fixture_tier": "SYNTHETIC_TOOL_ONLY"}),
        ):
            raw["evidence_items"].append(
                {
                    "id": str(identity),
                    "user_id": str(USER),
                    "source_type": source,
                    "source_ref": "synthetic:no-bank",
                    "content": content,
                    "content_hash": configuration_hash(content),
                    "status": "VALID",
                    "evidence_level": "USER_DECLARED"
                    if identity == full_evidence_id
                    else "BANK_CONFIRMED",
                    "observed_at": NOW.isoformat(),
                    "valid_from": (NOW - timedelta(days=30)).isoformat(),
                    "valid_to": None,
                }
            )
        config = planning.configuration.model_dump(mode="json")
        config_hash = configuration_hash(config)
        full_version = FullVersionView(
            version_id=planning.policy_version_id,
            policy_id=planning.policy_id,
            version_number=1,
            configuration=config,
            content_hash=config_hash,
            previous_hash=None,
            summary="synthetic",
            confirmation={"accepted": True, "reviewed_hash": config_hash},
            confirmed_at=planning.confirmed_at,
            valid_from=planning.valid_from,
            valid_until=None,
            change_reason="synthetic",
            evidence_ids=[full_evidence_id],
            impact_analysis={},
            confirmation_evidence_status="CURRENT_EVIDENCE_MATCHED",
        )
        full = FullPolicyView(
            policy_id=planning.policy_id,
            epoch_id=EPOCH,
            template_name="RecoveryPolicy",
            name="synthetic",
            status="ACTIVE",
            effective_status="ACTIVE",
            planning_confirmation_valid=True,
            reference_validation="CURRENT",
            current_version=full_version,
            updated_at=NOW,
        )
        raw["full_policies"] = [
            {
                "id": str(full.policy_id),
                "user_id": str(USER),
                "epoch_id": str(EPOCH),
                "template_name": "RecoveryPolicy",
                "status": "ACTIVE",
            }
        ]
        raw["full_policy_versions"] = [
            {
                "id": str(full_version.version_id),
                "user_id": str(USER),
                "policy_id": str(full.policy_id),
                "version_number": 1,
                "configuration": config,
                "content_hash": config_hash,
                "confirmation": full_version.confirmation,
                "impact_analysis": {},
                "previous_hash": None,
                "evidence_ids": [str(full_evidence_id)],
                "confirmed_at": planning.confirmed_at.isoformat(),
                "valid_from": planning.valid_from.isoformat(),
                "valid_until": None,
            }
        ]
        source_ids = [bank_id, quote_id, full_evidence_id]
        digest = configuration_hash(
            {
                "user_id": str(USER),
                "as_of": NOW.isoformat(),
                "sources": [
                    {"id": row["id"], "hash": row["content_hash"]}
                    for row in sorted(raw["evidence_items"], key=lambda row: row["id"])
                ],
                "issues": [],
            }
        )
        planning = planning.model_copy(
            update={
                "snapshot": planning.snapshot.model_copy(
                    update={
                        "source_digest": digest,
                        "cash_accounts": [
                            planning.snapshot.cash_accounts[0].model_copy(
                                update={"balance_cents": cash}
                            )
                        ],
                    }
                ),
                "boundary_versions": versions,
                "holdings": [metadata],
            }
        )
        plan = plan_full_recovery(planning)
        catalogue = CatalogReadResponse(
            state="REGISTERED",
            versions=[
                CatalogVersionView(
                    id=metadata.catalogue_version_id,
                    product_id=product.product_id,
                    product_code=product.product_code,
                    version_number=product.version_number,
                    original_product=canonical,
                    product_hash=product_hash,
                    terms_digest=product.terms_digest,
                    observed_at=NOW - timedelta(days=30),
                    effective_from=product.effective_from,
                    effective_until=product.effective_until,
                    current_source_matched=True,
                )
            ],
            unregistered_product_ids=[],
            issues=[],
            complete_within_registered_capacity=True,
        )
        response_hash = configuration_hash(
            {
                "financial_source_digest": digest,
                "policy_version_id": str(full_version.version_id),
                "plan_input_hash": plan.input_hash,
                "catalogue": catalogue.model_dump(mode="json"),
                "planning_deadline_at": None,
            }
        )
        response = FullRecoveryPlanningResponse(
            user_id=USER,
            policy_id=full.policy_id,
            as_of=NOW,
            state="COMPUTED",
            plan=plan,
            catalogue=catalogue,
            catalogue_bindings=[
                CatalogProductBinding(
                    product_id=product.product_id,
                    catalogue_version_id=metadata.catalogue_version_id,
                    product_record_hash=product_hash,
                    terms_digest=product.terms_digest,
                )
            ],
            source_evidence_ids=source_ids,
            source_issues=[],
            input_hash=response_hash,
            limitations=[],
        )
        ctx = ExecutionContext(
            user_id=USER,
            snapshot=planning.snapshot,
            versions=versions,
            positions=planning.positions,
            boundary_products=[],
            products=[product],
            redemption_quote=quote,
            requires_confirmation=True,
        )
        financial = {
            "user_id": str(USER),
            "as_of": NOW.isoformat(),
            "snapshot": ctx.snapshot.model_dump(mode="json"),
            "versions": [row.model_dump(mode="json") for row in versions],
            "positions": [row.model_dump(mode="json") for row in planning.positions],
        }
        financial_hash = configuration_hash(financial)
        original_execution = execution_fixture(delay).model_copy(
            update={
                "candidate": plan.candidates[0],
                "deadline_at": plan.deadline_at,
                "original_effect": execution_fixture(delay).original_effect.model_copy(
                    update={"quote_id": quote.quote_id}
                ),
                "planning_input_hash": plan.input_hash,
                "planning_response_hash": response_hash,
                "candidate_position_ids": [row.position_id for row in plan.candidates],
                "selected_position_ids": [row.position_id for row in plan.lossless_steps],
                "source_refs": [
                    {
                        "user_id": USER,
                        "evidence_id": bank_id,
                        "content_hash": raw["evidence_items"][0]["content_hash"],
                    }
                ],
            }
        )
        # Parse the complete strict input; model_copy never substitutes for type validation.
        original_execution = type(original_execution).model_validate(original_execution.model_dump())
        producer = RecoveryProducerInput(
            full_policy_id=full.policy_id,
            full_policy=full,
            planning_inputs=planning,
            original_planning=response,
        )
        old_effect = original_execution.original_effect
        old_facts = AutonomyFacts(
            user_id=USER,
            as_of=NOW,
            action_type="REDEEM_ASSET",
            initiation="CONFIRMED_POLICY",
>           authority=AuthorityAssessment(
                status="VALID", policy_version_ids=old_effect.policy_version_ids
            ),
            effect=old_effect,
            validation=revalidate_execution(old_effect, ctx),
            source_context_hash=financial_hash,
        )
E       pydantic_core._pydantic_core.ValidationError: 1 validation error for AuthorityAssessment
E       status
E         Input should be 'AUTHORIZED', 'OUTSIDE_AUTHORITY', 'STALE_VERSION' or 'MISSING_EVIDENCE' [type=literal_error, input_value='VALID', input_type=str]
E           For further information visit https://errors.pydantic.dev/2.13/v/literal_error

apps\api\app\tests\test_full_action_set_recovery_producers.py:349: ValidationError
_ test_missing_or_changed_originals_are_unknown_and_do_not_clear_missing_family[full_hash] _

mode = 'full_hash'

    @pytest.mark.parametrize(
        "mode",
        [
            "drop_position",
            "drop_command",
            "owner",
            "epoch",
            "audit",
            "cash",
            "source_hash",
            "quote",
            "expired_quote",
            "catalogue",
            "catalogue_drop",
            "full_version",
            "full_hash",
            "deadline",
            "old_confirmation",
            "ask",
            "full_protection",
            "capacity",
        ],
    )
    def test_missing_or_changed_originals_are_unknown_and_do_not_clear_missing_family(
        mode: str,
    ) -> None:
        def mutation(raw: dict[str, Any]) -> None:
            item = raw["producers"][0]
            inventory = raw["original_actual_input"]["base"]["original_inventory"]
            if mode == "drop_position":
                raw["original_position_ids"] = []
            elif mode == "drop_command":
                inventory["action_plans"].append(
                    {
                        "id": str(UUID(int=888)),
                        "user_id": str(USER),
                        "action_type": "ASSET_REDEEM",
                        "request": {},
                    }
                )
            elif mode == "owner":
                inventory["asset_positions"][0]["user_id"] = str(UUID(int=999))
            elif mode == "epoch":
                item["full_policy"]["epoch_id"] = str(UUID(int=999))
            elif mode == "audit":
                raw["original_actual_input"]["base"]["audit_verified"] = False
            elif mode == "cash":
                item["planning_inputs"]["snapshot"]["cash_accounts"][0]["balance_cents"] += 1
            elif mode == "source_hash":
                inventory["evidence_items"][0]["content_hash"] = "0" * 64
            elif mode == "quote":
                inventory["evidence_items"][1]["content"]["quote"]["net_cents"] -= 1
            elif mode == "expired_quote":
                item["planning_inputs"]["holdings"][0]["original"]["quote"]["expires_at"] = (
                    NOW.isoformat()
                )
            elif mode == "catalogue":
                inventory["asset_products"][0]["risk_level"] = 1
            elif mode == "catalogue_drop":
                inventory["product_catalog_versions"] = []
            elif mode == "full_version":
                item["execution_inputs"]["full_policy_version_id"] = str(UUID(int=999))
            elif mode == "full_hash":
                item["full_policy"]["current_version"]["content_hash"] = "f" * 64
            elif mode == "deadline":
                item["execution_inputs"]["deadline_at"] = (NOW + timedelta(minutes=1)).isoformat()
            elif mode == "old_confirmation":
                item["candidate"]["facts"]["confirmation"] = {
                    "user_id": str(USER),
                    "operation_id": item["candidate"]["facts"]["effect"]["operation_id"],
                    "effect_hash": item["candidate"]["facts"]["validation"]["effect_hash"],
                    "evidence_id": str(UUID(int=991)),
                    "confirmed_at": NOW.isoformat(),
                    "expires_at": (NOW + timedelta(minutes=5)).isoformat(),
                }
            elif mode == "ask":
                item["candidate"]["execution_context"]["requires_confirmation"] = False
            elif mode == "full_protection":
                item["candidate"]["full_protection"] = None
            elif mode == "capacity":
                raw["source_reasons"] = ["RECOVERY_CAPTURE_CAPACITY_EXCEEDED"]
    
>       result = derive_recovery_producers(changed(fixture(), mutation))
                                                   ^^^^^^^^^

apps\api\app\tests\test_full_action_set_recovery_producers.py:530: 
_ _ _ _ _ _ _ _ _ _ _ _ _ _ _ _ _ _ _ _ _ _ _ _ _ _ _ _ _ _ _ _ _ _ _ _ _ _ _ _

delay = 0, cash = 70000

    def fixture(*, delay: int = 0, cash: int = 70000) -> RecoveryActionSetInput:
        planning = planning_fixture([holding(delay=delay)])
        metadata = planning.holdings[0]
        original = metadata.original
        authorization = original.original_authorization
        assert authorization is not None and original.quote is not None
        raw: dict[str, list[dict[str, Any]]] = {name: [] for name in REQUIRED_TABLES}
        raw["users"] = [{"id": str(USER), "is_simulated": True}]
        raw["accounts"] = [
            {
                "id": str(original.destination_account_id),
                "user_id": str(USER),
                "account_type": "CASH",
                "balance_cents": cash,
            },
            {
                "id": str(original.account_id),
                "user_id": str(USER),
                "account_type": "ASSET",
                "balance_cents": 0,
            },
        ]
        bank_id, quote_id, full_evidence_id = UUID(int=610), UUID(int=611), UUID(int=612)
        quote = original.quote.model_copy(update={"evidence_ids": [quote_id]})
        original = original.model_copy(update={"quote": quote, "evidence_ids": [bank_id]})
        metadata = metadata.model_copy(update={"original": original})
        product = original.product
        canonical = product.model_dump(mode="json", exclude={"product_id", "terms_digest"}) | {
            "id": str(product.product_id),
            "early_withdrawal_rule": {},
            "currency": "CNY",
        }
        product_hash = configuration_hash(canonical)
        metadata = metadata.model_copy(update={"product_record_hash": product_hash})
        raw["asset_products"] = [canonical]
        raw["product_catalog_versions"] = [
            {
                "id": str(metadata.catalogue_version_id),
                "product_id": str(product.product_id),
                "product_code": product.product_code,
                "version_number": product.version_number,
                "protocol_version": "product-catalog-v1",
                "canonical_product": canonical,
                "product_hash": product_hash,
                "terms_digest": product.terms_digest,
            }
        ]
        raw["asset_positions"] = [
            {
                "id": str(original.position_id),
                "user_id": str(USER),
                "product_id": str(product.product_id),
                "account_id": str(original.account_id),
                "goal_id": None,
                "status": "HELD",
                "policy_version_id": str(authorization.version_id),
                "principal_cents": quote.principal_cents,
                "purchased_at": original.purchased_at.isoformat(),
                "maturity_at": None,
            }
        ]
        versions = [*planning.boundary_versions, authorization]
        for version in versions:
            raw["policies"].append(
                {"id": str(version.policy_id), "user_id": str(USER), "status": "ACTIVE"}
            )
            raw["policy_versions"].append(
                {
                    "id": str(version.version_id),
                    "user_id": str(USER),
                    "policy_id": str(version.policy_id),
                    "version_number": 1,
                    "configuration": version.configuration,
                    "content_hash": version.content_hash,
                    "confirmed_at": version.confirmed_at.isoformat(),
                    "valid_from": version.valid_from.isoformat(),
                    "valid_until": None,
                }
            )
        bank_content = {
            "position_id": str(original.position_id),
            "return_account_id": str(original.destination_account_id),
            "acquisition": "synthetic_auto_purchase",
            "fixture_tier": "SYNTHETIC_TOOL_ONLY",
        }
        quote_content = {
            "protocol": "recovery-quote-v1",
            "user_id": str(USER),
            "position_id": str(original.position_id),
            "destination_account_id": str(original.destination_account_id),
            "goal_id": None,
            "quote": quote.model_dump(mode="json"),
        }
        for identity, source, content in (
            (bank_id, "SIMULATED_BANK_POSITION", bank_content),
            (quote_id, "SIMULATED_REDEMPTION_QUOTE", quote_content),
            (full_evidence_id, "SYNTHETIC_USER_DECLARATION", {"fixture_tier": "SYNTHETIC_TOOL_ONLY"}),
        ):
            raw["evidence_items"].append(
                {
                    "id": str(identity),
                    "user_id": str(USER),
                    "source_type": source,
                    "source_ref": "synthetic:no-bank",
                    "content": content,
                    "content_hash": configuration_hash(content),
                    "status": "VALID",
                    "evidence_level": "USER_DECLARED"
                    if identity == full_evidence_id
                    else "BANK_CONFIRMED",
                    "observed_at": NOW.isoformat(),
                    "valid_from": (NOW - timedelta(days=30)).isoformat(),
                    "valid_to": None,
                }
            )
        config = planning.configuration.model_dump(mode="json")
        config_hash = configuration_hash(config)
        full_version = FullVersionView(
            version_id=planning.policy_version_id,
            policy_id=planning.policy_id,
            version_number=1,
            configuration=config,
            content_hash=config_hash,
            previous_hash=None,
            summary="synthetic",
            confirmation={"accepted": True, "reviewed_hash": config_hash},
            confirmed_at=planning.confirmed_at,
            valid_from=planning.valid_from,
            valid_until=None,
            change_reason="synthetic",
            evidence_ids=[full_evidence_id],
            impact_analysis={},
            confirmation_evidence_status="CURRENT_EVIDENCE_MATCHED",
        )
        full = FullPolicyView(
            policy_id=planning.policy_id,
            epoch_id=EPOCH,
            template_name="RecoveryPolicy",
            name="synthetic",
            status="ACTIVE",
            effective_status="ACTIVE",
            planning_confirmation_valid=True,
            reference_validation="CURRENT",
            current_version=full_version,
            updated_at=NOW,
        )
        raw["full_policies"] = [
            {
                "id": str(full.policy_id),
                "user_id": str(USER),
                "epoch_id": str(EPOCH),
                "template_name": "RecoveryPolicy",
                "status": "ACTIVE",
            }
        ]
        raw["full_policy_versions"] = [
            {
                "id": str(full_version.version_id),
                "user_id": str(USER),
                "policy_id": str(full.policy_id),
                "version_number": 1,
                "configuration": config,
                "content_hash": config_hash,
                "confirmation": full_version.confirmation,
                "impact_analysis": {},
                "previous_hash": None,
                "evidence_ids": [str(full_evidence_id)],
                "confirmed_at": planning.confirmed_at.isoformat(),
                "valid_from": planning.valid_from.isoformat(),
                "valid_until": None,
            }
        ]
        source_ids = [bank_id, quote_id, full_evidence_id]
        digest = configuration_hash(
            {
                "user_id": str(USER),
                "as_of": NOW.isoformat(),
                "sources": [
                    {"id": row["id"], "hash": row["content_hash"]}
                    for row in sorted(raw["evidence_items"], key=lambda row: row["id"])
                ],
                "issues": [],
            }
        )
        planning = planning.model_copy(
            update={
                "snapshot": planning.snapshot.model_copy(
                    update={
                        "source_digest": digest,
                        "cash_accounts": [
                            planning.snapshot.cash_accounts[0].model_copy(
                                update={"balance_cents": cash}
                            )
                        ],
                    }
                ),
                "boundary_versions": versions,
                "holdings": [metadata],
            }
        )
        plan = plan_full_recovery(planning)
        catalogue = CatalogReadResponse(
            state="REGISTERED",
            versions=[
                CatalogVersionView(
                    id=metadata.catalogue_version_id,
                    product_id=product.product_id,
                    product_code=product.product_code,
                    version_number=product.version_number,
                    original_product=canonical,
                    product_hash=product_hash,
                    terms_digest=product.terms_digest,
                    observed_at=NOW - timedelta(days=30),
                    effective_from=product.effective_from,
                    effective_until=product.effective_until,
                    current_source_matched=True,
                )
            ],
            unregistered_product_ids=[],
            issues=[],
            complete_within_registered_capacity=True,
        )
        response_hash = configuration_hash(
            {
                "financial_source_digest": digest,
                "policy_version_id": str(full_version.version_id),
                "plan_input_hash": plan.input_hash,
                "catalogue": catalogue.model_dump(mode="json"),
                "planning_deadline_at": None,
            }
        )
        response = FullRecoveryPlanningResponse(
            user_id=USER,
            policy_id=full.policy_id,
            as_of=NOW,
            state="COMPUTED",
            plan=plan,
            catalogue=catalogue,
            catalogue_bindings=[
                CatalogProductBinding(
                    product_id=product.product_id,
                    catalogue_version_id=metadata.catalogue_version_id,
                    product_record_hash=product_hash,
                    terms_digest=product.terms_digest,
                )
            ],
            source_evidence_ids=source_ids,
            source_issues=[],
            input_hash=response_hash,
            limitations=[],
        )
        ctx = ExecutionContext(
            user_id=USER,
            snapshot=planning.snapshot,
            versions=versions,
            positions=planning.positions,
            boundary_products=[],
            products=[product],
            redemption_quote=quote,
            requires_confirmation=True,
        )
        financial = {
            "user_id": str(USER),
            "as_of": NOW.isoformat(),
            "snapshot": ctx.snapshot.model_dump(mode="json"),
            "versions": [row.model_dump(mode="json") for row in versions],
            "positions": [row.model_dump(mode="json") for row in planning.positions],
        }
        financial_hash = configuration_hash(financial)
        original_execution = execution_fixture(delay).model_copy(
            update={
                "candidate": plan.candidates[0],
                "deadline_at": plan.deadline_at,
                "original_effect": execution_fixture(delay).original_effect.model_copy(
                    update={"quote_id": quote.quote_id}
                ),
                "planning_input_hash": plan.input_hash,
                "planning_response_hash": response_hash,
                "candidate_position_ids": [row.position_id for row in plan.candidates],
                "selected_position_ids": [row.position_id for row in plan.lossless_steps],
                "source_refs": [
                    {
                        "user_id": USER,
                        "evidence_id": bank_id,
                        "content_hash": raw["evidence_items"][0]["content_hash"],
                    }
                ],
            }
        )
        # Parse the complete strict input; model_copy never substitutes for type validation.
        original_execution = type(original_execution).model_validate(original_execution.model_dump())
        producer = RecoveryProducerInput(
            full_policy_id=full.policy_id,
            full_policy=full,
            planning_inputs=planning,
            original_planning=response,
        )
        old_effect = original_execution.original_effect
        old_facts = AutonomyFacts(
            user_id=USER,
            as_of=NOW,
            action_type="REDEEM_ASSET",
            initiation="CONFIRMED_POLICY",
>           authority=AuthorityAssessment(
                status="VALID", policy_version_ids=old_effect.policy_version_ids
            ),
            effect=old_effect,
            validation=revalidate_execution(old_effect, ctx),
            source_context_hash=financial_hash,
        )
E       pydantic_core._pydantic_core.ValidationError: 1 validation error for AuthorityAssessment
E       status
E         Input should be 'AUTHORIZED', 'OUTSIDE_AUTHORITY', 'STALE_VERSION' or 'MISSING_EVIDENCE' [type=literal_error, input_value='VALID', input_type=str]
E           For further information visit https://errors.pydantic.dev/2.13/v/literal_error

apps\api\app\tests\test_full_action_set_recovery_producers.py:349: ValidationError
_ test_missing_or_changed_originals_are_unknown_and_do_not_clear_missing_family[deadline] _

mode = 'deadline'

    @pytest.mark.parametrize(
        "mode",
        [
            "drop_position",
            "drop_command",
            "owner",
            "epoch",
            "audit",
            "cash",
            "source_hash",
            "quote",
            "expired_quote",
            "catalogue",
            "catalogue_drop",
            "full_version",
            "full_hash",
            "deadline",
            "old_confirmation",
            "ask",
            "full_protection",
            "capacity",
        ],
    )
    def test_missing_or_changed_originals_are_unknown_and_do_not_clear_missing_family(
        mode: str,
    ) -> None:
        def mutation(raw: dict[str, Any]) -> None:
            item = raw["producers"][0]
            inventory = raw["original_actual_input"]["base"]["original_inventory"]
            if mode == "drop_position":
                raw["original_position_ids"] = []
            elif mode == "drop_command":
                inventory["action_plans"].append(
                    {
                        "id": str(UUID(int=888)),
                        "user_id": str(USER),
                        "action_type": "ASSET_REDEEM",
                        "request": {},
                    }
                )
            elif mode == "owner":
                inventory["asset_positions"][0]["user_id"] = str(UUID(int=999))
            elif mode == "epoch":
                item["full_policy"]["epoch_id"] = str(UUID(int=999))
            elif mode == "audit":
                raw["original_actual_input"]["base"]["audit_verified"] = False
            elif mode == "cash":
                item["planning_inputs"]["snapshot"]["cash_accounts"][0]["balance_cents"] += 1
            elif mode == "source_hash":
                inventory["evidence_items"][0]["content_hash"] = "0" * 64
            elif mode == "quote":
                inventory["evidence_items"][1]["content"]["quote"]["net_cents"] -= 1
            elif mode == "expired_quote":
                item["planning_inputs"]["holdings"][0]["original"]["quote"]["expires_at"] = (
                    NOW.isoformat()
                )
            elif mode == "catalogue":
                inventory["asset_products"][0]["risk_level"] = 1
            elif mode == "catalogue_drop":
                inventory["product_catalog_versions"] = []
            elif mode == "full_version":
                item["execution_inputs"]["full_policy_version_id"] = str(UUID(int=999))
            elif mode == "full_hash":
                item["full_policy"]["current_version"]["content_hash"] = "f" * 64
            elif mode == "deadline":
                item["execution_inputs"]["deadline_at"] = (NOW + timedelta(minutes=1)).isoformat()
            elif mode == "old_confirmation":
                item["candidate"]["facts"]["confirmation"] = {
                    "user_id": str(USER),
                    "operation_id": item["candidate"]["facts"]["effect"]["operation_id"],
                    "effect_hash": item["candidate"]["facts"]["validation"]["effect_hash"],
                    "evidence_id": str(UUID(int=991)),
                    "confirmed_at": NOW.isoformat(),
                    "expires_at": (NOW + timedelta(minutes=5)).isoformat(),
                }
            elif mode == "ask":
                item["candidate"]["execution_context"]["requires_confirmation"] = False
            elif mode == "full_protection":
                item["candidate"]["full_protection"] = None
            elif mode == "capacity":
                raw["source_reasons"] = ["RECOVERY_CAPTURE_CAPACITY_EXCEEDED"]
    
>       result = derive_recovery_producers(changed(fixture(), mutation))
                                                   ^^^^^^^^^

apps\api\app\tests\test_full_action_set_recovery_producers.py:530: 
_ _ _ _ _ _ _ _ _ _ _ _ _ _ _ _ _ _ _ _ _ _ _ _ _ _ _ _ _ _ _ _ _ _ _ _ _ _ _ _

delay = 0, cash = 70000

    def fixture(*, delay: int = 0, cash: int = 70000) -> RecoveryActionSetInput:
        planning = planning_fixture([holding(delay=delay)])
        metadata = planning.holdings[0]
        original = metadata.original
        authorization = original.original_authorization
        assert authorization is not None and original.quote is not None
        raw: dict[str, list[dict[str, Any]]] = {name: [] for name in REQUIRED_TABLES}
        raw["users"] = [{"id": str(USER), "is_simulated": True}]
        raw["accounts"] = [
            {
                "id": str(original.destination_account_id),
                "user_id": str(USER),
                "account_type": "CASH",
                "balance_cents": cash,
            },
            {
                "id": str(original.account_id),
                "user_id": str(USER),
                "account_type": "ASSET",
                "balance_cents": 0,
            },
        ]
        bank_id, quote_id, full_evidence_id = UUID(int=610), UUID(int=611), UUID(int=612)
        quote = original.quote.model_copy(update={"evidence_ids": [quote_id]})
        original = original.model_copy(update={"quote": quote, "evidence_ids": [bank_id]})
        metadata = metadata.model_copy(update={"original": original})
        product = original.product
        canonical = product.model_dump(mode="json", exclude={"product_id", "terms_digest"}) | {
            "id": str(product.product_id),
            "early_withdrawal_rule": {},
            "currency": "CNY",
        }
        product_hash = configuration_hash(canonical)
        metadata = metadata.model_copy(update={"product_record_hash": product_hash})
        raw["asset_products"] = [canonical]
        raw["product_catalog_versions"] = [
            {
                "id": str(metadata.catalogue_version_id),
                "product_id": str(product.product_id),
                "product_code": product.product_code,
                "version_number": product.version_number,
                "protocol_version": "product-catalog-v1",
                "canonical_product": canonical,
                "product_hash": product_hash,
                "terms_digest": product.terms_digest,
            }
        ]
        raw["asset_positions"] = [
            {
                "id": str(original.position_id),
                "user_id": str(USER),
                "product_id": str(product.product_id),
                "account_id": str(original.account_id),
                "goal_id": None,
                "status": "HELD",
                "policy_version_id": str(authorization.version_id),
                "principal_cents": quote.principal_cents,
                "purchased_at": original.purchased_at.isoformat(),
                "maturity_at": None,
            }
        ]
        versions = [*planning.boundary_versions, authorization]
        for version in versions:
            raw["policies"].append(
                {"id": str(version.policy_id), "user_id": str(USER), "status": "ACTIVE"}
            )
            raw["policy_versions"].append(
                {
                    "id": str(version.version_id),
                    "user_id": str(USER),
                    "policy_id": str(version.policy_id),
                    "version_number": 1,
                    "configuration": version.configuration,
                    "content_hash": version.content_hash,
                    "confirmed_at": version.confirmed_at.isoformat(),
                    "valid_from": version.valid_from.isoformat(),
                    "valid_until": None,
                }
            )
        bank_content = {
            "position_id": str(original.position_id),
            "return_account_id": str(original.destination_account_id),
            "acquisition": "synthetic_auto_purchase",
            "fixture_tier": "SYNTHETIC_TOOL_ONLY",
        }
        quote_content = {
            "protocol": "recovery-quote-v1",
            "user_id": str(USER),
            "position_id": str(original.position_id),
            "destination_account_id": str(original.destination_account_id),
            "goal_id": None,
            "quote": quote.model_dump(mode="json"),
        }
        for identity, source, content in (
            (bank_id, "SIMULATED_BANK_POSITION", bank_content),
            (quote_id, "SIMULATED_REDEMPTION_QUOTE", quote_content),
            (full_evidence_id, "SYNTHETIC_USER_DECLARATION", {"fixture_tier": "SYNTHETIC_TOOL_ONLY"}),
        ):
            raw["evidence_items"].append(
                {
                    "id": str(identity),
                    "user_id": str(USER),
                    "source_type": source,
                    "source_ref": "synthetic:no-bank",
                    "content": content,
                    "content_hash": configuration_hash(content),
                    "status": "VALID",
                    "evidence_level": "USER_DECLARED"
                    if identity == full_evidence_id
                    else "BANK_CONFIRMED",
                    "observed_at": NOW.isoformat(),
                    "valid_from": (NOW - timedelta(days=30)).isoformat(),
                    "valid_to": None,
                }
            )
        config = planning.configuration.model_dump(mode="json")
        config_hash = configuration_hash(config)
        full_version = FullVersionView(
            version_id=planning.policy_version_id,
            policy_id=planning.policy_id,
            version_number=1,
            configuration=config,
            content_hash=config_hash,
            previous_hash=None,
            summary="synthetic",
            confirmation={"accepted": True, "reviewed_hash": config_hash},
            confirmed_at=planning.confirmed_at,
            valid_from=planning.valid_from,
            valid_until=None,
            change_reason="synthetic",
            evidence_ids=[full_evidence_id],
            impact_analysis={},
            confirmation_evidence_status="CURRENT_EVIDENCE_MATCHED",
        )
        full = FullPolicyView(
            policy_id=planning.policy_id,
            epoch_id=EPOCH,
            template_name="RecoveryPolicy",
            name="synthetic",
            status="ACTIVE",
            effective_status="ACTIVE",
            planning_confirmation_valid=True,
            reference_validation="CURRENT",
            current_version=full_version,
            updated_at=NOW,
        )
        raw["full_policies"] = [
            {
                "id": str(full.policy_id),
                "user_id": str(USER),
                "epoch_id": str(EPOCH),
                "template_name": "RecoveryPolicy",
                "status": "ACTIVE",
            }
        ]
        raw["full_policy_versions"] = [
            {
                "id": str(full_version.version_id),
                "user_id": str(USER),
                "policy_id": str(full.policy_id),
                "version_number": 1,
                "configuration": config,
                "content_hash": config_hash,
                "confirmation": full_version.confirmation,
                "impact_analysis": {},
                "previous_hash": None,
                "evidence_ids": [str(full_evidence_id)],
                "confirmed_at": planning.confirmed_at.isoformat(),
                "valid_from": planning.valid_from.isoformat(),
                "valid_until": None,
            }
        ]
        source_ids = [bank_id, quote_id, full_evidence_id]
        digest = configuration_hash(
            {
                "user_id": str(USER),
                "as_of": NOW.isoformat(),
                "sources": [
                    {"id": row["id"], "hash": row["content_hash"]}
                    for row in sorted(raw["evidence_items"], key=lambda row: row["id"])
                ],
                "issues": [],
            }
        )
        planning = planning.model_copy(
            update={
                "snapshot": planning.snapshot.model_copy(
                    update={
                        "source_digest": digest,
                        "cash_accounts": [
                            planning.snapshot.cash_accounts[0].model_copy(
                                update={"balance_cents": cash}
                            )
                        ],
                    }
                ),
                "boundary_versions": versions,
                "holdings": [metadata],
            }
        )
        plan = plan_full_recovery(planning)
        catalogue = CatalogReadResponse(
            state="REGISTERED",
            versions=[
                CatalogVersionView(
                    id=metadata.catalogue_version_id,
                    product_id=product.product_id,
                    product_code=product.product_code,
                    version_number=product.version_number,
                    original_product=canonical,
                    product_hash=product_hash,
                    terms_digest=product.terms_digest,
                    observed_at=NOW - timedelta(days=30),
                    effective_from=product.effective_from,
                    effective_until=product.effective_until,
                    current_source_matched=True,
                )
            ],
            unregistered_product_ids=[],
            issues=[],
            complete_within_registered_capacity=True,
        )
        response_hash = configuration_hash(
            {
                "financial_source_digest": digest,
                "policy_version_id": str(full_version.version_id),
                "plan_input_hash": plan.input_hash,
                "catalogue": catalogue.model_dump(mode="json"),
                "planning_deadline_at": None,
            }
        )
        response = FullRecoveryPlanningResponse(
            user_id=USER,
            policy_id=full.policy_id,
            as_of=NOW,
            state="COMPUTED",
            plan=plan,
            catalogue=catalogue,
            catalogue_bindings=[
                CatalogProductBinding(
                    product_id=product.product_id,
                    catalogue_version_id=metadata.catalogue_version_id,
                    product_record_hash=product_hash,
                    terms_digest=product.terms_digest,
                )
            ],
            source_evidence_ids=source_ids,
            source_issues=[],
            input_hash=response_hash,
            limitations=[],
        )
        ctx = ExecutionContext(
            user_id=USER,
            snapshot=planning.snapshot,
            versions=versions,
            positions=planning.positions,
            boundary_products=[],
            products=[product],
            redemption_quote=quote,
            requires_confirmation=True,
        )
        financial = {
            "user_id": str(USER),
            "as_of": NOW.isoformat(),
            "snapshot": ctx.snapshot.model_dump(mode="json"),
            "versions": [row.model_dump(mode="json") for row in versions],
            "positions": [row.model_dump(mode="json") for row in planning.positions],
        }
        financial_hash = configuration_hash(financial)
        original_execution = execution_fixture(delay).model_copy(
            update={
                "candidate": plan.candidates[0],
                "deadline_at": plan.deadline_at,
                "original_effect": execution_fixture(delay).original_effect.model_copy(
                    update={"quote_id": quote.quote_id}
                ),
                "planning_input_hash": plan.input_hash,
                "planning_response_hash": response_hash,
                "candidate_position_ids": [row.position_id for row in plan.candidates],
                "selected_position_ids": [row.position_id for row in plan.lossless_steps],
                "source_refs": [
                    {
                        "user_id": USER,
                        "evidence_id": bank_id,
                        "content_hash": raw["evidence_items"][0]["content_hash"],
                    }
                ],
            }
        )
        # Parse the complete strict input; model_copy never substitutes for type validation.
        original_execution = type(original_execution).model_validate(original_execution.model_dump())
        producer = RecoveryProducerInput(
            full_policy_id=full.policy_id,
            full_policy=full,
            planning_inputs=planning,
            original_planning=response,
        )
        old_effect = original_execution.original_effect
        old_facts = AutonomyFacts(
            user_id=USER,
            as_of=NOW,
            action_type="REDEEM_ASSET",
            initiation="CONFIRMED_POLICY",
>           authority=AuthorityAssessment(
                status="VALID", policy_version_ids=old_effect.policy_version_ids
            ),
            effect=old_effect,
            validation=revalidate_execution(old_effect, ctx),
            source_context_hash=financial_hash,
        )
E       pydantic_core._pydantic_core.ValidationError: 1 validation error for AuthorityAssessment
E       status
E         Input should be 'AUTHORIZED', 'OUTSIDE_AUTHORITY', 'STALE_VERSION' or 'MISSING_EVIDENCE' [type=literal_error, input_value='VALID', input_type=str]
E           For further information visit https://errors.pydantic.dev/2.13/v/literal_error

apps\api\app\tests\test_full_action_set_recovery_producers.py:349: ValidationError
_ test_missing_or_changed_originals_are_unknown_and_do_not_clear_missing_family[old_confirmation] _

mode = 'old_confirmation'

    @pytest.mark.parametrize(
        "mode",
        [
            "drop_position",
            "drop_command",
            "owner",
            "epoch",
            "audit",
            "cash",
            "source_hash",
            "quote",
            "expired_quote",
            "catalogue",
            "catalogue_drop",
            "full_version",
            "full_hash",
            "deadline",
            "old_confirmation",
            "ask",
            "full_protection",
            "capacity",
        ],
    )
    def test_missing_or_changed_originals_are_unknown_and_do_not_clear_missing_family(
        mode: str,
    ) -> None:
        def mutation(raw: dict[str, Any]) -> None:
            item = raw["producers"][0]
            inventory = raw["original_actual_input"]["base"]["original_inventory"]
            if mode == "drop_position":
                raw["original_position_ids"] = []
            elif mode == "drop_command":
                inventory["action_plans"].append(
                    {
                        "id": str(UUID(int=888)),
                        "user_id": str(USER),
                        "action_type": "ASSET_REDEEM",
                        "request": {},
                    }
                )
            elif mode == "owner":
                inventory["asset_positions"][0]["user_id"] = str(UUID(int=999))
            elif mode == "epoch":
                item["full_policy"]["epoch_id"] = str(UUID(int=999))
            elif mode == "audit":
                raw["original_actual_input"]["base"]["audit_verified"] = False
            elif mode == "cash":
                item["planning_inputs"]["snapshot"]["cash_accounts"][0]["balance_cents"] += 1
            elif mode == "source_hash":
                inventory["evidence_items"][0]["content_hash"] = "0" * 64
            elif mode == "quote":
                inventory["evidence_items"][1]["content"]["quote"]["net_cents"] -= 1
            elif mode == "expired_quote":
                item["planning_inputs"]["holdings"][0]["original"]["quote"]["expires_at"] = (
                    NOW.isoformat()
                )
            elif mode == "catalogue":
                inventory["asset_products"][0]["risk_level"] = 1
            elif mode == "catalogue_drop":
                inventory["product_catalog_versions"] = []
            elif mode == "full_version":
                item["execution_inputs"]["full_policy_version_id"] = str(UUID(int=999))
            elif mode == "full_hash":
                item["full_policy"]["current_version"]["content_hash"] = "f" * 64
            elif mode == "deadline":
                item["execution_inputs"]["deadline_at"] = (NOW + timedelta(minutes=1)).isoformat()
            elif mode == "old_confirmation":
                item["candidate"]["facts"]["confirmation"] = {
                    "user_id": str(USER),
                    "operation_id": item["candidate"]["facts"]["effect"]["operation_id"],
                    "effect_hash": item["candidate"]["facts"]["validation"]["effect_hash"],
                    "evidence_id": str(UUID(int=991)),
                    "confirmed_at": NOW.isoformat(),
                    "expires_at": (NOW + timedelta(minutes=5)).isoformat(),
                }
            elif mode == "ask":
                item["candidate"]["execution_context"]["requires_confirmation"] = False
            elif mode == "full_protection":
                item["candidate"]["full_protection"] = None
            elif mode == "capacity":
                raw["source_reasons"] = ["RECOVERY_CAPTURE_CAPACITY_EXCEEDED"]
    
>       result = derive_recovery_producers(changed(fixture(), mutation))
                                                   ^^^^^^^^^

apps\api\app\tests\test_full_action_set_recovery_producers.py:530: 
_ _ _ _ _ _ _ _ _ _ _ _ _ _ _ _ _ _ _ _ _ _ _ _ _ _ _ _ _ _ _ _ _ _ _ _ _ _ _ _

delay = 0, cash = 70000

    def fixture(*, delay: int = 0, cash: int = 70000) -> RecoveryActionSetInput:
        planning = planning_fixture([holding(delay=delay)])
        metadata = planning.holdings[0]
        original = metadata.original
        authorization = original.original_authorization
        assert authorization is not None and original.quote is not None
        raw: dict[str, list[dict[str, Any]]] = {name: [] for name in REQUIRED_TABLES}
        raw["users"] = [{"id": str(USER), "is_simulated": True}]
        raw["accounts"] = [
            {
                "id": str(original.destination_account_id),
                "user_id": str(USER),
                "account_type": "CASH",
                "balance_cents": cash,
            },
            {
                "id": str(original.account_id),
                "user_id": str(USER),
                "account_type": "ASSET",
                "balance_cents": 0,
            },
        ]
        bank_id, quote_id, full_evidence_id = UUID(int=610), UUID(int=611), UUID(int=612)
        quote = original.quote.model_copy(update={"evidence_ids": [quote_id]})
        original = original.model_copy(update={"quote": quote, "evidence_ids": [bank_id]})
        metadata = metadata.model_copy(update={"original": original})
        product = original.product
        canonical = product.model_dump(mode="json", exclude={"product_id", "terms_digest"}) | {
            "id": str(product.product_id),
            "early_withdrawal_rule": {},
            "currency": "CNY",
        }
        product_hash = configuration_hash(canonical)
        metadata = metadata.model_copy(update={"product_record_hash": product_hash})
        raw["asset_products"] = [canonical]
        raw["product_catalog_versions"] = [
            {
                "id": str(metadata.catalogue_version_id),
                "product_id": str(product.product_id),
                "product_code": product.product_code,
                "version_number": product.version_number,
                "protocol_version": "product-catalog-v1",
                "canonical_product": canonical,
                "product_hash": product_hash,
                "terms_digest": product.terms_digest,
            }
        ]
        raw["asset_positions"] = [
            {
                "id": str(original.position_id),
                "user_id": str(USER),
                "product_id": str(product.product_id),
                "account_id": str(original.account_id),
                "goal_id": None,
                "status": "HELD",
                "policy_version_id": str(authorization.version_id),
                "principal_cents": quote.principal_cents,
                "purchased_at": original.purchased_at.isoformat(),
                "maturity_at": None,
            }
        ]
        versions = [*planning.boundary_versions, authorization]
        for version in versions:
            raw["policies"].append(
                {"id": str(version.policy_id), "user_id": str(USER), "status": "ACTIVE"}
            )
            raw["policy_versions"].append(
                {
                    "id": str(version.version_id),
                    "user_id": str(USER),
                    "policy_id": str(version.policy_id),
                    "version_number": 1,
                    "configuration": version.configuration,
                    "content_hash": version.content_hash,
                    "confirmed_at": version.confirmed_at.isoformat(),
                    "valid_from": version.valid_from.isoformat(),
                    "valid_until": None,
                }
            )
        bank_content = {
            "position_id": str(original.position_id),
            "return_account_id": str(original.destination_account_id),
            "acquisition": "synthetic_auto_purchase",
            "fixture_tier": "SYNTHETIC_TOOL_ONLY",
        }
        quote_content = {
            "protocol": "recovery-quote-v1",
            "user_id": str(USER),
            "position_id": str(original.position_id),
            "destination_account_id": str(original.destination_account_id),
            "goal_id": None,
            "quote": quote.model_dump(mode="json"),
        }
        for identity, source, content in (
            (bank_id, "SIMULATED_BANK_POSITION", bank_content),
            (quote_id, "SIMULATED_REDEMPTION_QUOTE", quote_content),
            (full_evidence_id, "SYNTHETIC_USER_DECLARATION", {"fixture_tier": "SYNTHETIC_TOOL_ONLY"}),
        ):
            raw["evidence_items"].append(
                {
                    "id": str(identity),
                    "user_id": str(USER),
                    "source_type": source,
                    "source_ref": "synthetic:no-bank",
                    "content": content,
                    "content_hash": configuration_hash(content),
                    "status": "VALID",
                    "evidence_level": "USER_DECLARED"
                    if identity == full_evidence_id
                    else "BANK_CONFIRMED",
                    "observed_at": NOW.isoformat(),
                    "valid_from": (NOW - timedelta(days=30)).isoformat(),
                    "valid_to": None,
                }
            )
        config = planning.configuration.model_dump(mode="json")
        config_hash = configuration_hash(config)
        full_version = FullVersionView(
            version_id=planning.policy_version_id,
            policy_id=planning.policy_id,
            version_number=1,
            configuration=config,
            content_hash=config_hash,
            previous_hash=None,
            summary="synthetic",
            confirmation={"accepted": True, "reviewed_hash": config_hash},
            confirmed_at=planning.confirmed_at,
            valid_from=planning.valid_from,
            valid_until=None,
            change_reason="synthetic",
            evidence_ids=[full_evidence_id],
            impact_analysis={},
            confirmation_evidence_status="CURRENT_EVIDENCE_MATCHED",
        )
        full = FullPolicyView(
            policy_id=planning.policy_id,
            epoch_id=EPOCH,
            template_name="RecoveryPolicy",
            name="synthetic",
            status="ACTIVE",
            effective_status="ACTIVE",
            planning_confirmation_valid=True,
            reference_validation="CURRENT",
            current_version=full_version,
            updated_at=NOW,
        )
        raw["full_policies"] = [
            {
                "id": str(full.policy_id),
                "user_id": str(USER),
                "epoch_id": str(EPOCH),
                "template_name": "RecoveryPolicy",
                "status": "ACTIVE",
            }
        ]
        raw["full_policy_versions"] = [
            {
                "id": str(full_version.version_id),
                "user_id": str(USER),
                "policy_id": str(full.policy_id),
                "version_number": 1,
                "configuration": config,
                "content_hash": config_hash,
                "confirmation": full_version.confirmation,
                "impact_analysis": {},
                "previous_hash": None,
                "evidence_ids": [str(full_evidence_id)],
                "confirmed_at": planning.confirmed_at.isoformat(),
                "valid_from": planning.valid_from.isoformat(),
                "valid_until": None,
            }
        ]
        source_ids = [bank_id, quote_id, full_evidence_id]
        digest = configuration_hash(
            {
                "user_id": str(USER),
                "as_of": NOW.isoformat(),
                "sources": [
                    {"id": row["id"], "hash": row["content_hash"]}
                    for row in sorted(raw["evidence_items"], key=lambda row: row["id"])
                ],
                "issues": [],
            }
        )
        planning = planning.model_copy(
            update={
                "snapshot": planning.snapshot.model_copy(
                    update={
                        "source_digest": digest,
                        "cash_accounts": [
                            planning.snapshot.cash_accounts[0].model_copy(
                                update={"balance_cents": cash}
                            )
                        ],
                    }
                ),
                "boundary_versions": versions,
                "holdings": [metadata],
            }
        )
        plan = plan_full_recovery(planning)
        catalogue = CatalogReadResponse(
            state="REGISTERED",
            versions=[
                CatalogVersionView(
                    id=metadata.catalogue_version_id,
                    product_id=product.product_id,
                    product_code=product.product_code,
                    version_number=product.version_number,
                    original_product=canonical,
                    product_hash=product_hash,
                    terms_digest=product.terms_digest,
                    observed_at=NOW - timedelta(days=30),
                    effective_from=product.effective_from,
                    effective_until=product.effective_until,
                    current_source_matched=True,
                )
            ],
            unregistered_product_ids=[],
            issues=[],
            complete_within_registered_capacity=True,
        )
        response_hash = configuration_hash(
            {
                "financial_source_digest": digest,
                "policy_version_id": str(full_version.version_id),
                "plan_input_hash": plan.input_hash,
                "catalogue": catalogue.model_dump(mode="json"),
                "planning_deadline_at": None,
            }
        )
        response = FullRecoveryPlanningResponse(
            user_id=USER,
            policy_id=full.policy_id,
            as_of=NOW,
            state="COMPUTED",
            plan=plan,
            catalogue=catalogue,
            catalogue_bindings=[
                CatalogProductBinding(
                    product_id=product.product_id,
                    catalogue_version_id=metadata.catalogue_version_id,
                    product_record_hash=product_hash,
                    terms_digest=product.terms_digest,
                )
            ],
            source_evidence_ids=source_ids,
            source_issues=[],
            input_hash=response_hash,
            limitations=[],
        )
        ctx = ExecutionContext(
            user_id=USER,
            snapshot=planning.snapshot,
            versions=versions,
            positions=planning.positions,
            boundary_products=[],
            products=[product],
            redemption_quote=quote,
            requires_confirmation=True,
        )
        financial = {
            "user_id": str(USER),
            "as_of": NOW.isoformat(),
            "snapshot": ctx.snapshot.model_dump(mode="json"),
            "versions": [row.model_dump(mode="json") for row in versions],
            "positions": [row.model_dump(mode="json") for row in planning.positions],
        }
        financial_hash = configuration_hash(financial)
        original_execution = execution_fixture(delay).model_copy(
            update={
                "candidate": plan.candidates[0],
                "deadline_at": plan.deadline_at,
                "original_effect": execution_fixture(delay).original_effect.model_copy(
                    update={"quote_id": quote.quote_id}
                ),
                "planning_input_hash": plan.input_hash,
                "planning_response_hash": response_hash,
                "candidate_position_ids": [row.position_id for row in plan.candidates],
                "selected_position_ids": [row.position_id for row in plan.lossless_steps],
                "source_refs": [
                    {
                        "user_id": USER,
                        "evidence_id": bank_id,
                        "content_hash": raw["evidence_items"][0]["content_hash"],
                    }
                ],
            }
        )
        # Parse the complete strict input; model_copy never substitutes for type validation.
        original_execution = type(original_execution).model_validate(original_execution.model_dump())
        producer = RecoveryProducerInput(
            full_policy_id=full.policy_id,
            full_policy=full,
            planning_inputs=planning,
            original_planning=response,
        )
        old_effect = original_execution.original_effect
        old_facts = AutonomyFacts(
            user_id=USER,
            as_of=NOW,
            action_type="REDEEM_ASSET",
            initiation="CONFIRMED_POLICY",
>           authority=AuthorityAssessment(
                status="VALID", policy_version_ids=old_effect.policy_version_ids
            ),
            effect=old_effect,
            validation=revalidate_execution(old_effect, ctx),
            source_context_hash=financial_hash,
        )
E       pydantic_core._pydantic_core.ValidationError: 1 validation error for AuthorityAssessment
E       status
E         Input should be 'AUTHORIZED', 'OUTSIDE_AUTHORITY', 'STALE_VERSION' or 'MISSING_EVIDENCE' [type=literal_error, input_value='VALID', input_type=str]
E           For further information visit https://errors.pydantic.dev/2.13/v/literal_error

apps\api\app\tests\test_full_action_set_recovery_producers.py:349: ValidationError
_ test_missing_or_changed_originals_are_unknown_and_do_not_clear_missing_family[ask] _

mode = 'ask'

    @pytest.mark.parametrize(
        "mode",
        [
            "drop_position",
            "drop_command",
            "owner",
            "epoch",
            "audit",
            "cash",
            "source_hash",
            "quote",
            "expired_quote",
            "catalogue",
            "catalogue_drop",
            "full_version",
            "full_hash",
            "deadline",
            "old_confirmation",
            "ask",
            "full_protection",
            "capacity",
        ],
    )
    def test_missing_or_changed_originals_are_unknown_and_do_not_clear_missing_family(
        mode: str,
    ) -> None:
        def mutation(raw: dict[str, Any]) -> None:
            item = raw["producers"][0]
            inventory = raw["original_actual_input"]["base"]["original_inventory"]
            if mode == "drop_position":
                raw["original_position_ids"] = []
            elif mode == "drop_command":
                inventory["action_plans"].append(
                    {
                        "id": str(UUID(int=888)),
                        "user_id": str(USER),
                        "action_type": "ASSET_REDEEM",
                        "request": {},
                    }
                )
            elif mode == "owner":
                inventory["asset_positions"][0]["user_id"] = str(UUID(int=999))
            elif mode == "epoch":
                item["full_policy"]["epoch_id"] = str(UUID(int=999))
            elif mode == "audit":
                raw["original_actual_input"]["base"]["audit_verified"] = False
            elif mode == "cash":
                item["planning_inputs"]["snapshot"]["cash_accounts"][0]["balance_cents"] += 1
            elif mode == "source_hash":
                inventory["evidence_items"][0]["content_hash"] = "0" * 64
            elif mode == "quote":
                inventory["evidence_items"][1]["content"]["quote"]["net_cents"] -= 1
            elif mode == "expired_quote":
                item["planning_inputs"]["holdings"][0]["original"]["quote"]["expires_at"] = (
                    NOW.isoformat()
                )
            elif mode == "catalogue":
                inventory["asset_products"][0]["risk_level"] = 1
            elif mode == "catalogue_drop":
                inventory["product_catalog_versions"] = []
            elif mode == "full_version":
                item["execution_inputs"]["full_policy_version_id"] = str(UUID(int=999))
            elif mode == "full_hash":
                item["full_policy"]["current_version"]["content_hash"] = "f" * 64
            elif mode == "deadline":
                item["execution_inputs"]["deadline_at"] = (NOW + timedelta(minutes=1)).isoformat()
            elif mode == "old_confirmation":
                item["candidate"]["facts"]["confirmation"] = {
                    "user_id": str(USER),
                    "operation_id": item["candidate"]["facts"]["effect"]["operation_id"],
                    "effect_hash": item["candidate"]["facts"]["validation"]["effect_hash"],
                    "evidence_id": str(UUID(int=991)),
                    "confirmed_at": NOW.isoformat(),
                    "expires_at": (NOW + timedelta(minutes=5)).isoformat(),
                }
            elif mode == "ask":
                item["candidate"]["execution_context"]["requires_confirmation"] = False
            elif mode == "full_protection":
                item["candidate"]["full_protection"] = None
            elif mode == "capacity":
                raw["source_reasons"] = ["RECOVERY_CAPTURE_CAPACITY_EXCEEDED"]
    
>       result = derive_recovery_producers(changed(fixture(), mutation))
                                                   ^^^^^^^^^

apps\api\app\tests\test_full_action_set_recovery_producers.py:530: 
_ _ _ _ _ _ _ _ _ _ _ _ _ _ _ _ _ _ _ _ _ _ _ _ _ _ _ _ _ _ _ _ _ _ _ _ _ _ _ _

delay = 0, cash = 70000

    def fixture(*, delay: int = 0, cash: int = 70000) -> RecoveryActionSetInput:
        planning = planning_fixture([holding(delay=delay)])
        metadata = planning.holdings[0]
        original = metadata.original
        authorization = original.original_authorization
        assert authorization is not None and original.quote is not None
        raw: dict[str, list[dict[str, Any]]] = {name: [] for name in REQUIRED_TABLES}
        raw["users"] = [{"id": str(USER), "is_simulated": True}]
        raw["accounts"] = [
            {
                "id": str(original.destination_account_id),
                "user_id": str(USER),
                "account_type": "CASH",
                "balance_cents": cash,
            },
            {
                "id": str(original.account_id),
                "user_id": str(USER),
                "account_type": "ASSET",
                "balance_cents": 0,
            },
        ]
        bank_id, quote_id, full_evidence_id = UUID(int=610), UUID(int=611), UUID(int=612)
        quote = original.quote.model_copy(update={"evidence_ids": [quote_id]})
        original = original.model_copy(update={"quote": quote, "evidence_ids": [bank_id]})
        metadata = metadata.model_copy(update={"original": original})
        product = original.product
        canonical = product.model_dump(mode="json", exclude={"product_id", "terms_digest"}) | {
            "id": str(product.product_id),
            "early_withdrawal_rule": {},
            "currency": "CNY",
        }
        product_hash = configuration_hash(canonical)
        metadata = metadata.model_copy(update={"product_record_hash": product_hash})
        raw["asset_products"] = [canonical]
        raw["product_catalog_versions"] = [
            {
                "id": str(metadata.catalogue_version_id),
                "product_id": str(product.product_id),
                "product_code": product.product_code,
                "version_number": product.version_number,
                "protocol_version": "product-catalog-v1",
                "canonical_product": canonical,
                "product_hash": product_hash,
                "terms_digest": product.terms_digest,
            }
        ]
        raw["asset_positions"] = [
            {
                "id": str(original.position_id),
                "user_id": str(USER),
                "product_id": str(product.product_id),
                "account_id": str(original.account_id),
                "goal_id": None,
                "status": "HELD",
                "policy_version_id": str(authorization.version_id),
                "principal_cents": quote.principal_cents,
                "purchased_at": original.purchased_at.isoformat(),
                "maturity_at": None,
            }
        ]
        versions = [*planning.boundary_versions, authorization]
        for version in versions:
            raw["policies"].append(
                {"id": str(version.policy_id), "user_id": str(USER), "status": "ACTIVE"}
            )
            raw["policy_versions"].append(
                {
                    "id": str(version.version_id),
                    "user_id": str(USER),
                    "policy_id": str(version.policy_id),
                    "version_number": 1,
                    "configuration": version.configuration,
                    "content_hash": version.content_hash,
                    "confirmed_at": version.confirmed_at.isoformat(),
                    "valid_from": version.valid_from.isoformat(),
                    "valid_until": None,
                }
            )
        bank_content = {
            "position_id": str(original.position_id),
            "return_account_id": str(original.destination_account_id),
            "acquisition": "synthetic_auto_purchase",
            "fixture_tier": "SYNTHETIC_TOOL_ONLY",
        }
        quote_content = {
            "protocol": "recovery-quote-v1",
            "user_id": str(USER),
            "position_id": str(original.position_id),
            "destination_account_id": str(original.destination_account_id),
            "goal_id": None,
            "quote": quote.model_dump(mode="json"),
        }
        for identity, source, content in (
            (bank_id, "SIMULATED_BANK_POSITION", bank_content),
            (quote_id, "SIMULATED_REDEMPTION_QUOTE", quote_content),
            (full_evidence_id, "SYNTHETIC_USER_DECLARATION", {"fixture_tier": "SYNTHETIC_TOOL_ONLY"}),
        ):
            raw["evidence_items"].append(
                {
                    "id": str(identity),
                    "user_id": str(USER),
                    "source_type": source,
                    "source_ref": "synthetic:no-bank",
                    "content": content,
                    "content_hash": configuration_hash(content),
                    "status": "VALID",
                    "evidence_level": "USER_DECLARED"
                    if identity == full_evidence_id
                    else "BANK_CONFIRMED",
                    "observed_at": NOW.isoformat(),
                    "valid_from": (NOW - timedelta(days=30)).isoformat(),
                    "valid_to": None,
                }
            )
        config = planning.configuration.model_dump(mode="json")
        config_hash = configuration_hash(config)
        full_version = FullVersionView(
            version_id=planning.policy_version_id,
            policy_id=planning.policy_id,
            version_number=1,
            configuration=config,
            content_hash=config_hash,
            previous_hash=None,
            summary="synthetic",
            confirmation={"accepted": True, "reviewed_hash": config_hash},
            confirmed_at=planning.confirmed_at,
            valid_from=planning.valid_from,
            valid_until=None,
            change_reason="synthetic",
            evidence_ids=[full_evidence_id],
            impact_analysis={},
            confirmation_evidence_status="CURRENT_EVIDENCE_MATCHED",
        )
        full = FullPolicyView(
            policy_id=planning.policy_id,
            epoch_id=EPOCH,
            template_name="RecoveryPolicy",
            name="synthetic",
            status="ACTIVE",
            effective_status="ACTIVE",
            planning_confirmation_valid=True,
            reference_validation="CURRENT",
            current_version=full_version,
            updated_at=NOW,
        )
        raw["full_policies"] = [
            {
                "id": str(full.policy_id),
                "user_id": str(USER),
                "epoch_id": str(EPOCH),
                "template_name": "RecoveryPolicy",
                "status": "ACTIVE",
            }
        ]
        raw["full_policy_versions"] = [
            {
                "id": str(full_version.version_id),
                "user_id": str(USER),
                "policy_id": str(full.policy_id),
                "version_number": 1,
                "configuration": config,
                "content_hash": config_hash,
                "confirmation": full_version.confirmation,
                "impact_analysis": {},
                "previous_hash": None,
                "evidence_ids": [str(full_evidence_id)],
                "confirmed_at": planning.confirmed_at.isoformat(),
                "valid_from": planning.valid_from.isoformat(),
                "valid_until": None,
            }
        ]
        source_ids = [bank_id, quote_id, full_evidence_id]
        digest = configuration_hash(
            {
                "user_id": str(USER),
                "as_of": NOW.isoformat(),
                "sources": [
                    {"id": row["id"], "hash": row["content_hash"]}
                    for row in sorted(raw["evidence_items"], key=lambda row: row["id"])
                ],
                "issues": [],
            }
        )
        planning = planning.model_copy(
            update={
                "snapshot": planning.snapshot.model_copy(
                    update={
                        "source_digest": digest,
                        "cash_accounts": [
                            planning.snapshot.cash_accounts[0].model_copy(
                                update={"balance_cents": cash}
                            )
                        ],
                    }
                ),
                "boundary_versions": versions,
                "holdings": [metadata],
            }
        )
        plan = plan_full_recovery(planning)
        catalogue = CatalogReadResponse(
            state="REGISTERED",
            versions=[
                CatalogVersionView(
                    id=metadata.catalogue_version_id,
                    product_id=product.product_id,
                    product_code=product.product_code,
                    version_number=product.version_number,
                    original_product=canonical,
                    product_hash=product_hash,
                    terms_digest=product.terms_digest,
                    observed_at=NOW - timedelta(days=30),
                    effective_from=product.effective_from,
                    effective_until=product.effective_until,
                    current_source_matched=True,
                )
            ],
            unregistered_product_ids=[],
            issues=[],
            complete_within_registered_capacity=True,
        )
        response_hash = configuration_hash(
            {
                "financial_source_digest": digest,
                "policy_version_id": str(full_version.version_id),
                "plan_input_hash": plan.input_hash,
                "catalogue": catalogue.model_dump(mode="json"),
                "planning_deadline_at": None,
            }
        )
        response = FullRecoveryPlanningResponse(
            user_id=USER,
            policy_id=full.policy_id,
            as_of=NOW,
            state="COMPUTED",
            plan=plan,
            catalogue=catalogue,
            catalogue_bindings=[
                CatalogProductBinding(
                    product_id=product.product_id,
                    catalogue_version_id=metadata.catalogue_version_id,
                    product_record_hash=product_hash,
                    terms_digest=product.terms_digest,
                )
            ],
            source_evidence_ids=source_ids,
            source_issues=[],
            input_hash=response_hash,
            limitations=[],
        )
        ctx = ExecutionContext(
            user_id=USER,
            snapshot=planning.snapshot,
            versions=versions,
            positions=planning.positions,
            boundary_products=[],
            products=[product],
            redemption_quote=quote,
            requires_confirmation=True,
        )
        financial = {
            "user_id": str(USER),
            "as_of": NOW.isoformat(),
            "snapshot": ctx.snapshot.model_dump(mode="json"),
            "versions": [row.model_dump(mode="json") for row in versions],
            "positions": [row.model_dump(mode="json") for row in planning.positions],
        }
        financial_hash = configuration_hash(financial)
        original_execution = execution_fixture(delay).model_copy(
            update={
                "candidate": plan.candidates[0],
                "deadline_at": plan.deadline_at,
                "original_effect": execution_fixture(delay).original_effect.model_copy(
                    update={"quote_id": quote.quote_id}
                ),
                "planning_input_hash": plan.input_hash,
                "planning_response_hash": response_hash,
                "candidate_position_ids": [row.position_id for row in plan.candidates],
                "selected_position_ids": [row.position_id for row in plan.lossless_steps],
                "source_refs": [
                    {
                        "user_id": USER,
                        "evidence_id": bank_id,
                        "content_hash": raw["evidence_items"][0]["content_hash"],
                    }
                ],
            }
        )
        # Parse the complete strict input; model_copy never substitutes for type validation.
        original_execution = type(original_execution).model_validate(original_execution.model_dump())
        producer = RecoveryProducerInput(
            full_policy_id=full.policy_id,
            full_policy=full,
            planning_inputs=planning,
            original_planning=response,
        )
        old_effect = original_execution.original_effect
        old_facts = AutonomyFacts(
            user_id=USER,
            as_of=NOW,
            action_type="REDEEM_ASSET",
            initiation="CONFIRMED_POLICY",
>           authority=AuthorityAssessment(
                status="VALID", policy_version_ids=old_effect.policy_version_ids
            ),
            effect=old_effect,
            validation=revalidate_execution(old_effect, ctx),
            source_context_hash=financial_hash,
        )
E       pydantic_core._pydantic_core.ValidationError: 1 validation error for AuthorityAssessment
E       status
E         Input should be 'AUTHORIZED', 'OUTSIDE_AUTHORITY', 'STALE_VERSION' or 'MISSING_EVIDENCE' [type=literal_error, input_value='VALID', input_type=str]
E           For further information visit https://errors.pydantic.dev/2.13/v/literal_error

apps\api\app\tests\test_full_action_set_recovery_producers.py:349: ValidationError
_ test_missing_or_changed_originals_are_unknown_and_do_not_clear_missing_family[full_protection] _

mode = 'full_protection'

    @pytest.mark.parametrize(
        "mode",
        [
            "drop_position",
            "drop_command",
            "owner",
            "epoch",
            "audit",
            "cash",
            "source_hash",
            "quote",
            "expired_quote",
            "catalogue",
            "catalogue_drop",
            "full_version",
            "full_hash",
            "deadline",
            "old_confirmation",
            "ask",
            "full_protection",
            "capacity",
        ],
    )
    def test_missing_or_changed_originals_are_unknown_and_do_not_clear_missing_family(
        mode: str,
    ) -> None:
        def mutation(raw: dict[str, Any]) -> None:
            item = raw["producers"][0]
            inventory = raw["original_actual_input"]["base"]["original_inventory"]
            if mode == "drop_position":
                raw["original_position_ids"] = []
            elif mode == "drop_command":
                inventory["action_plans"].append(
                    {
                        "id": str(UUID(int=888)),
                        "user_id": str(USER),
                        "action_type": "ASSET_REDEEM",
                        "request": {},
                    }
                )
            elif mode == "owner":
                inventory["asset_positions"][0]["user_id"] = str(UUID(int=999))
            elif mode == "epoch":
                item["full_policy"]["epoch_id"] = str(UUID(int=999))
            elif mode == "audit":
                raw["original_actual_input"]["base"]["audit_verified"] = False
            elif mode == "cash":
                item["planning_inputs"]["snapshot"]["cash_accounts"][0]["balance_cents"] += 1
            elif mode == "source_hash":
                inventory["evidence_items"][0]["content_hash"] = "0" * 64
            elif mode == "quote":
                inventory["evidence_items"][1]["content"]["quote"]["net_cents"] -= 1
            elif mode == "expired_quote":
                item["planning_inputs"]["holdings"][0]["original"]["quote"]["expires_at"] = (
                    NOW.isoformat()
                )
            elif mode == "catalogue":
                inventory["asset_products"][0]["risk_level"] = 1
            elif mode == "catalogue_drop":
                inventory["product_catalog_versions"] = []
            elif mode == "full_version":
                item["execution_inputs"]["full_policy_version_id"] = str(UUID(int=999))
            elif mode == "full_hash":
                item["full_policy"]["current_version"]["content_hash"] = "f" * 64
            elif mode == "deadline":
                item["execution_inputs"]["deadline_at"] = (NOW + timedelta(minutes=1)).isoformat()
            elif mode == "old_confirmation":
                item["candidate"]["facts"]["confirmation"] = {
                    "user_id": str(USER),
                    "operation_id": item["candidate"]["facts"]["effect"]["operation_id"],
                    "effect_hash": item["candidate"]["facts"]["validation"]["effect_hash"],
                    "evidence_id": str(UUID(int=991)),
                    "confirmed_at": NOW.isoformat(),
                    "expires_at": (NOW + timedelta(minutes=5)).isoformat(),
                }
            elif mode == "ask":
                item["candidate"]["execution_context"]["requires_confirmation"] = False
            elif mode == "full_protection":
                item["candidate"]["full_protection"] = None
            elif mode == "capacity":
                raw["source_reasons"] = ["RECOVERY_CAPTURE_CAPACITY_EXCEEDED"]
    
>       result = derive_recovery_producers(changed(fixture(), mutation))
                                                   ^^^^^^^^^

apps\api\app\tests\test_full_action_set_recovery_producers.py:530: 
_ _ _ _ _ _ _ _ _ _ _ _ _ _ _ _ _ _ _ _ _ _ _ _ _ _ _ _ _ _ _ _ _ _ _ _ _ _ _ _

delay = 0, cash = 70000

    def fixture(*, delay: int = 0, cash: int = 70000) -> RecoveryActionSetInput:
        planning = planning_fixture([holding(delay=delay)])
        metadata = planning.holdings[0]
        original = metadata.original
        authorization = original.original_authorization
        assert authorization is not None and original.quote is not None
        raw: dict[str, list[dict[str, Any]]] = {name: [] for name in REQUIRED_TABLES}
        raw["users"] = [{"id": str(USER), "is_simulated": True}]
        raw["accounts"] = [
            {
                "id": str(original.destination_account_id),
                "user_id": str(USER),
                "account_type": "CASH",
                "balance_cents": cash,
            },
            {
                "id": str(original.account_id),
                "user_id": str(USER),
                "account_type": "ASSET",
                "balance_cents": 0,
            },
        ]
        bank_id, quote_id, full_evidence_id = UUID(int=610), UUID(int=611), UUID(int=612)
        quote = original.quote.model_copy(update={"evidence_ids": [quote_id]})
        original = original.model_copy(update={"quote": quote, "evidence_ids": [bank_id]})
        metadata = metadata.model_copy(update={"original": original})
        product = original.product
        canonical = product.model_dump(mode="json", exclude={"product_id", "terms_digest"}) | {
            "id": str(product.product_id),
            "early_withdrawal_rule": {},
            "currency": "CNY",
        }
        product_hash = configuration_hash(canonical)
        metadata = metadata.model_copy(update={"product_record_hash": product_hash})
        raw["asset_products"] = [canonical]
        raw["product_catalog_versions"] = [
            {
                "id": str(metadata.catalogue_version_id),
                "product_id": str(product.product_id),
                "product_code": product.product_code,
                "version_number": product.version_number,
                "protocol_version": "product-catalog-v1",
                "canonical_product": canonical,
                "product_hash": product_hash,
                "terms_digest": product.terms_digest,
            }
        ]
        raw["asset_positions"] = [
            {
                "id": str(original.position_id),
                "user_id": str(USER),
                "product_id": str(product.product_id),
                "account_id": str(original.account_id),
                "goal_id": None,
                "status": "HELD",
                "policy_version_id": str(authorization.version_id),
                "principal_cents": quote.principal_cents,
                "purchased_at": original.purchased_at.isoformat(),
                "maturity_at": None,
            }
        ]
        versions = [*planning.boundary_versions, authorization]
        for version in versions:
            raw["policies"].append(
                {"id": str(version.policy_id), "user_id": str(USER), "status": "ACTIVE"}
            )
            raw["policy_versions"].append(
                {
                    "id": str(version.version_id),
                    "user_id": str(USER),
                    "policy_id": str(version.policy_id),
                    "version_number": 1,
                    "configuration": version.configuration,
                    "content_hash": version.content_hash,
                    "confirmed_at": version.confirmed_at.isoformat(),
                    "valid_from": version.valid_from.isoformat(),
                    "valid_until": None,
                }
            )
        bank_content = {
            "position_id": str(original.position_id),
            "return_account_id": str(original.destination_account_id),
            "acquisition": "synthetic_auto_purchase",
            "fixture_tier": "SYNTHETIC_TOOL_ONLY",
        }
        quote_content = {
            "protocol": "recovery-quote-v1",
            "user_id": str(USER),
            "position_id": str(original.position_id),
            "destination_account_id": str(original.destination_account_id),
            "goal_id": None,
            "quote": quote.model_dump(mode="json"),
        }
        for identity, source, content in (
            (bank_id, "SIMULATED_BANK_POSITION", bank_content),
            (quote_id, "SIMULATED_REDEMPTION_QUOTE", quote_content),
            (full_evidence_id, "SYNTHETIC_USER_DECLARATION", {"fixture_tier": "SYNTHETIC_TOOL_ONLY"}),
        ):
            raw["evidence_items"].append(
                {
                    "id": str(identity),
                    "user_id": str(USER),
                    "source_type": source,
                    "source_ref": "synthetic:no-bank",
                    "content": content,
                    "content_hash": configuration_hash(content),
                    "status": "VALID",
                    "evidence_level": "USER_DECLARED"
                    if identity == full_evidence_id
                    else "BANK_CONFIRMED",
                    "observed_at": NOW.isoformat(),
                    "valid_from": (NOW - timedelta(days=30)).isoformat(),
                    "valid_to": None,
                }
            )
        config = planning.configuration.model_dump(mode="json")
        config_hash = configuration_hash(config)
        full_version = FullVersionView(
            version_id=planning.policy_version_id,
            policy_id=planning.policy_id,
            version_number=1,
            configuration=config,
            content_hash=config_hash,
            previous_hash=None,
            summary="synthetic",
            confirmation={"accepted": True, "reviewed_hash": config_hash},
            confirmed_at=planning.confirmed_at,
            valid_from=planning.valid_from,
            valid_until=None,
            change_reason="synthetic",
            evidence_ids=[full_evidence_id],
            impact_analysis={},
            confirmation_evidence_status="CURRENT_EVIDENCE_MATCHED",
        )
        full = FullPolicyView(
            policy_id=planning.policy_id,
            epoch_id=EPOCH,
            template_name="RecoveryPolicy",
            name="synthetic",
            status="ACTIVE",
            effective_status="ACTIVE",
            planning_confirmation_valid=True,
            reference_validation="CURRENT",
            current_version=full_version,
            updated_at=NOW,
        )
        raw["full_policies"] = [
            {
                "id": str(full.policy_id),
                "user_id": str(USER),
                "epoch_id": str(EPOCH),
                "template_name": "RecoveryPolicy",
                "status": "ACTIVE",
            }
        ]
        raw["full_policy_versions"] = [
            {
                "id": str(full_version.version_id),
                "user_id": str(USER),
                "policy_id": str(full.policy_id),
                "version_number": 1,
                "configuration": config,
                "content_hash": config_hash,
                "confirmation": full_version.confirmation,
                "impact_analysis": {},
                "previous_hash": None,
                "evidence_ids": [str(full_evidence_id)],
                "confirmed_at": planning.confirmed_at.isoformat(),
                "valid_from": planning.valid_from.isoformat(),
                "valid_until": None,
            }
        ]
        source_ids = [bank_id, quote_id, full_evidence_id]
        digest = configuration_hash(
            {
                "user_id": str(USER),
                "as_of": NOW.isoformat(),
                "sources": [
                    {"id": row["id"], "hash": row["content_hash"]}
                    for row in sorted(raw["evidence_items"], key=lambda row: row["id"])
                ],
                "issues": [],
            }
        )
        planning = planning.model_copy(
            update={
                "snapshot": planning.snapshot.model_copy(
                    update={
                        "source_digest": digest,
                        "cash_accounts": [
                            planning.snapshot.cash_accounts[0].model_copy(
                                update={"balance_cents": cash}
                            )
                        ],
                    }
                ),
                "boundary_versions": versions,
                "holdings": [metadata],
            }
        )
        plan = plan_full_recovery(planning)
        catalogue = CatalogReadResponse(
            state="REGISTERED",
            versions=[
                CatalogVersionView(
                    id=metadata.catalogue_version_id,
                    product_id=product.product_id,
                    product_code=product.product_code,
                    version_number=product.version_number,
                    original_product=canonical,
                    product_hash=product_hash,
                    terms_digest=product.terms_digest,
                    observed_at=NOW - timedelta(days=30),
                    effective_from=product.effective_from,
                    effective_until=product.effective_until,
                    current_source_matched=True,
                )
            ],
            unregistered_product_ids=[],
            issues=[],
            complete_within_registered_capacity=True,
        )
        response_hash = configuration_hash(
            {
                "financial_source_digest": digest,
                "policy_version_id": str(full_version.version_id),
                "plan_input_hash": plan.input_hash,
                "catalogue": catalogue.model_dump(mode="json"),
                "planning_deadline_at": None,
            }
        )
        response = FullRecoveryPlanningResponse(
            user_id=USER,
            policy_id=full.policy_id,
            as_of=NOW,
            state="COMPUTED",
            plan=plan,
            catalogue=catalogue,
            catalogue_bindings=[
                CatalogProductBinding(
                    product_id=product.product_id,
                    catalogue_version_id=metadata.catalogue_version_id,
                    product_record_hash=product_hash,
                    terms_digest=product.terms_digest,
                )
            ],
            source_evidence_ids=source_ids,
            source_issues=[],
            input_hash=response_hash,
            limitations=[],
        )
        ctx = ExecutionContext(
            user_id=USER,
            snapshot=planning.snapshot,
            versions=versions,
            positions=planning.positions,
            boundary_products=[],
            products=[product],
            redemption_quote=quote,
            requires_confirmation=True,
        )
        financial = {
            "user_id": str(USER),
            "as_of": NOW.isoformat(),
            "snapshot": ctx.snapshot.model_dump(mode="json"),
            "versions": [row.model_dump(mode="json") for row in versions],
            "positions": [row.model_dump(mode="json") for row in planning.positions],
        }
        financial_hash = configuration_hash(financial)
        original_execution = execution_fixture(delay).model_copy(
            update={
                "candidate": plan.candidates[0],
                "deadline_at": plan.deadline_at,
                "original_effect": execution_fixture(delay).original_effect.model_copy(
                    update={"quote_id": quote.quote_id}
                ),
                "planning_input_hash": plan.input_hash,
                "planning_response_hash": response_hash,
                "candidate_position_ids": [row.position_id for row in plan.candidates],
                "selected_position_ids": [row.position_id for row in plan.lossless_steps],
                "source_refs": [
                    {
                        "user_id": USER,
                        "evidence_id": bank_id,
                        "content_hash": raw["evidence_items"][0]["content_hash"],
                    }
                ],
            }
        )
        # Parse the complete strict input; model_copy never substitutes for type validation.
        original_execution = type(original_execution).model_validate(original_execution.model_dump())
        producer = RecoveryProducerInput(
            full_policy_id=full.policy_id,
            full_policy=full,
            planning_inputs=planning,
            original_planning=response,
        )
        old_effect = original_execution.original_effect
        old_facts = AutonomyFacts(
            user_id=USER,
            as_of=NOW,
            action_type="REDEEM_ASSET",
            initiation="CONFIRMED_POLICY",
>           authority=AuthorityAssessment(
                status="VALID", policy_version_ids=old_effect.policy_version_ids
            ),
            effect=old_effect,
            validation=revalidate_execution(old_effect, ctx),
            source_context_hash=financial_hash,
        )
E       pydantic_core._pydantic_core.ValidationError: 1 validation error for AuthorityAssessment
E       status
E         Input should be 'AUTHORIZED', 'OUTSIDE_AUTHORITY', 'STALE_VERSION' or 'MISSING_EVIDENCE' [type=literal_error, input_value='VALID', input_type=str]
E           For further information visit https://errors.pydantic.dev/2.13/v/literal_error

apps\api\app\tests\test_full_action_set_recovery_producers.py:349: ValidationError
_ test_missing_or_changed_originals_are_unknown_and_do_not_clear_missing_family[capacity] _

mode = 'capacity'

    @pytest.mark.parametrize(
        "mode",
        [
            "drop_position",
            "drop_command",
            "owner",
            "epoch",
            "audit",
            "cash",
            "source_hash",
            "quote",
            "expired_quote",
            "catalogue",
            "catalogue_drop",
            "full_version",
            "full_hash",
            "deadline",
            "old_confirmation",
            "ask",
            "full_protection",
            "capacity",
        ],
    )
    def test_missing_or_changed_originals_are_unknown_and_do_not_clear_missing_family(
        mode: str,
    ) -> None:
        def mutation(raw: dict[str, Any]) -> None:
            item = raw["producers"][0]
            inventory = raw["original_actual_input"]["base"]["original_inventory"]
            if mode == "drop_position":
                raw["original_position_ids"] = []
            elif mode == "drop_command":
                inventory["action_plans"].append(
                    {
                        "id": str(UUID(int=888)),
                        "user_id": str(USER),
                        "action_type": "ASSET_REDEEM",
                        "request": {},
                    }
                )
            elif mode == "owner":
                inventory["asset_positions"][0]["user_id"] = str(UUID(int=999))
            elif mode == "epoch":
                item["full_policy"]["epoch_id"] = str(UUID(int=999))
            elif mode == "audit":
                raw["original_actual_input"]["base"]["audit_verified"] = False
            elif mode == "cash":
                item["planning_inputs"]["snapshot"]["cash_accounts"][0]["balance_cents"] += 1
            elif mode == "source_hash":
                inventory["evidence_items"][0]["content_hash"] = "0" * 64
            elif mode == "quote":
                inventory["evidence_items"][1]["content"]["quote"]["net_cents"] -= 1
            elif mode == "expired_quote":
                item["planning_inputs"]["holdings"][0]["original"]["quote"]["expires_at"] = (
                    NOW.isoformat()
                )
            elif mode == "catalogue":
                inventory["asset_products"][0]["risk_level"] = 1
            elif mode == "catalogue_drop":
                inventory["product_catalog_versions"] = []
            elif mode == "full_version":
                item["execution_inputs"]["full_policy_version_id"] = str(UUID(int=999))
            elif mode == "full_hash":
                item["full_policy"]["current_version"]["content_hash"] = "f" * 64
            elif mode == "deadline":
                item["execution_inputs"]["deadline_at"] = (NOW + timedelta(minutes=1)).isoformat()
            elif mode == "old_confirmation":
                item["candidate"]["facts"]["confirmation"] = {
                    "user_id": str(USER),
                    "operation_id": item["candidate"]["facts"]["effect"]["operation_id"],
                    "effect_hash": item["candidate"]["facts"]["validation"]["effect_hash"],
                    "evidence_id": str(UUID(int=991)),
                    "confirmed_at": NOW.isoformat(),
                    "expires_at": (NOW + timedelta(minutes=5)).isoformat(),
                }
            elif mode == "ask":
                item["candidate"]["execution_context"]["requires_confirmation"] = False
            elif mode == "full_protection":
                item["candidate"]["full_protection"] = None
            elif mode == "capacity":
                raw["source_reasons"] = ["RECOVERY_CAPTURE_CAPACITY_EXCEEDED"]
    
>       result = derive_recovery_producers(changed(fixture(), mutation))
                                                   ^^^^^^^^^

apps\api\app\tests\test_full_action_set_recovery_producers.py:530: 
_ _ _ _ _ _ _ _ _ _ _ _ _ _ _ _ _ _ _ _ _ _ _ _ _ _ _ _ _ _ _ _ _ _ _ _ _ _ _ _

delay = 0, cash = 70000

    def fixture(*, delay: int = 0, cash: int = 70000) -> RecoveryActionSetInput:
        planning = planning_fixture([holding(delay=delay)])
        metadata = planning.holdings[0]
        original = metadata.original
        authorization = original.original_authorization
        assert authorization is not None and original.quote is not None
        raw: dict[str, list[dict[str, Any]]] = {name: [] for name in REQUIRED_TABLES}
        raw["users"] = [{"id": str(USER), "is_simulated": True}]
        raw["accounts"] = [
            {
                "id": str(original.destination_account_id),
                "user_id": str(USER),
                "account_type": "CASH",
                "balance_cents": cash,
            },
            {
                "id": str(original.account_id),
                "user_id": str(USER),
                "account_type": "ASSET",
                "balance_cents": 0,
            },
        ]
        bank_id, quote_id, full_evidence_id = UUID(int=610), UUID(int=611), UUID(int=612)
        quote = original.quote.model_copy(update={"evidence_ids": [quote_id]})
        original = original.model_copy(update={"quote": quote, "evidence_ids": [bank_id]})
        metadata = metadata.model_copy(update={"original": original})
        product = original.product
        canonical = product.model_dump(mode="json", exclude={"product_id", "terms_digest"}) | {
            "id": str(product.product_id),
            "early_withdrawal_rule": {},
            "currency": "CNY",
        }
        product_hash = configuration_hash(canonical)
        metadata = metadata.model_copy(update={"product_record_hash": product_hash})
        raw["asset_products"] = [canonical]
        raw["product_catalog_versions"] = [
            {
                "id": str(metadata.catalogue_version_id),
                "product_id": str(product.product_id),
                "product_code": product.product_code,
                "version_number": product.version_number,
                "protocol_version": "product-catalog-v1",
                "canonical_product": canonical,
                "product_hash": product_hash,
                "terms_digest": product.terms_digest,
            }
        ]
        raw["asset_positions"] = [
            {
                "id": str(original.position_id),
                "user_id": str(USER),
                "product_id": str(product.product_id),
                "account_id": str(original.account_id),
                "goal_id": None,
                "status": "HELD",
                "policy_version_id": str(authorization.version_id),
                "principal_cents": quote.principal_cents,
                "purchased_at": original.purchased_at.isoformat(),
                "maturity_at": None,
            }
        ]
        versions = [*planning.boundary_versions, authorization]
        for version in versions:
            raw["policies"].append(
                {"id": str(version.policy_id), "user_id": str(USER), "status": "ACTIVE"}
            )
            raw["policy_versions"].append(
                {
                    "id": str(version.version_id),
                    "user_id": str(USER),
                    "policy_id": str(version.policy_id),
                    "version_number": 1,
                    "configuration": version.configuration,
                    "content_hash": version.content_hash,
                    "confirmed_at": version.confirmed_at.isoformat(),
                    "valid_from": version.valid_from.isoformat(),
                    "valid_until": None,
                }
            )
        bank_content = {
            "position_id": str(original.position_id),
            "return_account_id": str(original.destination_account_id),
            "acquisition": "synthetic_auto_purchase",
            "fixture_tier": "SYNTHETIC_TOOL_ONLY",
        }
        quote_content = {
            "protocol": "recovery-quote-v1",
            "user_id": str(USER),
            "position_id": str(original.position_id),
            "destination_account_id": str(original.destination_account_id),
            "goal_id": None,
            "quote": quote.model_dump(mode="json"),
        }
        for identity, source, content in (
            (bank_id, "SIMULATED_BANK_POSITION", bank_content),
            (quote_id, "SIMULATED_REDEMPTION_QUOTE", quote_content),
            (full_evidence_id, "SYNTHETIC_USER_DECLARATION", {"fixture_tier": "SYNTHETIC_TOOL_ONLY"}),
        ):
            raw["evidence_items"].append(
                {
                    "id": str(identity),
                    "user_id": str(USER),
                    "source_type": source,
                    "source_ref": "synthetic:no-bank",
                    "content": content,
                    "content_hash": configuration_hash(content),
                    "status": "VALID",
                    "evidence_level": "USER_DECLARED"
                    if identity == full_evidence_id
                    else "BANK_CONFIRMED",
                    "observed_at": NOW.isoformat(),
                    "valid_from": (NOW - timedelta(days=30)).isoformat(),
                    "valid_to": None,
                }
            )
        config = planning.configuration.model_dump(mode="json")
        config_hash = configuration_hash(config)
        full_version = FullVersionView(
            version_id=planning.policy_version_id,
            policy_id=planning.policy_id,
            version_number=1,
            configuration=config,
            content_hash=config_hash,
            previous_hash=None,
            summary="synthetic",
            confirmation={"accepted": True, "reviewed_hash": config_hash},
            confirmed_at=planning.confirmed_at,
            valid_from=planning.valid_from,
            valid_until=None,
            change_reason="synthetic",
            evidence_ids=[full_evidence_id],
            impact_analysis={},
            confirmation_evidence_status="CURRENT_EVIDENCE_MATCHED",
        )
        full = FullPolicyView(
            policy_id=planning.policy_id,
            epoch_id=EPOCH,
            template_name="RecoveryPolicy",
            name="synthetic",
            status="ACTIVE",
            effective_status="ACTIVE",
            planning_confirmation_valid=True,
            reference_validation="CURRENT",
            current_version=full_version,
            updated_at=NOW,
        )
        raw["full_policies"] = [
            {
                "id": str(full.policy_id),
                "user_id": str(USER),
                "epoch_id": str(EPOCH),
                "template_name": "RecoveryPolicy",
                "status": "ACTIVE",
            }
        ]
        raw["full_policy_versions"] = [
            {
                "id": str(full_version.version_id),
                "user_id": str(USER),
                "policy_id": str(full.policy_id),
                "version_number": 1,
                "configuration": config,
                "content_hash": config_hash,
                "confirmation": full_version.confirmation,
                "impact_analysis": {},
                "previous_hash": None,
                "evidence_ids": [str(full_evidence_id)],
                "confirmed_at": planning.confirmed_at.isoformat(),
                "valid_from": planning.valid_from.isoformat(),
                "valid_until": None,
            }
        ]
        source_ids = [bank_id, quote_id, full_evidence_id]
        digest = configuration_hash(
            {
                "user_id": str(USER),
                "as_of": NOW.isoformat(),
                "sources": [
                    {"id": row["id"], "hash": row["content_hash"]}
                    for row in sorted(raw["evidence_items"], key=lambda row: row["id"])
                ],
                "issues": [],
            }
        )
        planning = planning.model_copy(
            update={
                "snapshot": planning.snapshot.model_copy(
                    update={
                        "source_digest": digest,
                        "cash_accounts": [
                            planning.snapshot.cash_accounts[0].model_copy(
                                update={"balance_cents": cash}
                            )
                        ],
                    }
                ),
                "boundary_versions": versions,
                "holdings": [metadata],
            }
        )
        plan = plan_full_recovery(planning)
        catalogue = CatalogReadResponse(
            state="REGISTERED",
            versions=[
                CatalogVersionView(
                    id=metadata.catalogue_version_id,
                    product_id=product.product_id,
                    product_code=product.product_code,
                    version_number=product.version_number,
                    original_product=canonical,
                    product_hash=product_hash,
                    terms_digest=product.terms_digest,
                    observed_at=NOW - timedelta(days=30),
                    effective_from=product.effective_from,
                    effective_until=product.effective_until,
                    current_source_matched=True,
                )
            ],
            unregistered_product_ids=[],
            issues=[],
            complete_within_registered_capacity=True,
        )
        response_hash = configuration_hash(
            {
                "financial_source_digest": digest,
                "policy_version_id": str(full_version.version_id),
                "plan_input_hash": plan.input_hash,
                "catalogue": catalogue.model_dump(mode="json"),
                "planning_deadline_at": None,
            }
        )
        response = FullRecoveryPlanningResponse(
            user_id=USER,
            policy_id=full.policy_id,
            as_of=NOW,
            state="COMPUTED",
            plan=plan,
            catalogue=catalogue,
            catalogue_bindings=[
                CatalogProductBinding(
                    product_id=product.product_id,
                    catalogue_version_id=metadata.catalogue_version_id,
                    product_record_hash=product_hash,
                    terms_digest=product.terms_digest,
                )
            ],
            source_evidence_ids=source_ids,
            source_issues=[],
            input_hash=response_hash,
            limitations=[],
        )
        ctx = ExecutionContext(
            user_id=USER,
            snapshot=planning.snapshot,
            versions=versions,
            positions=planning.positions,
            boundary_products=[],
            products=[product],
            redemption_quote=quote,
            requires_confirmation=True,
        )
        financial = {
            "user_id": str(USER),
            "as_of": NOW.isoformat(),
            "snapshot": ctx.snapshot.model_dump(mode="json"),
            "versions": [row.model_dump(mode="json") for row in versions],
            "positions": [row.model_dump(mode="json") for row in planning.positions],
        }
        financial_hash = configuration_hash(financial)
        original_execution = execution_fixture(delay).model_copy(
            update={
                "candidate": plan.candidates[0],
                "deadline_at": plan.deadline_at,
                "original_effect": execution_fixture(delay).original_effect.model_copy(
                    update={"quote_id": quote.quote_id}
                ),
                "planning_input_hash": plan.input_hash,
                "planning_response_hash": response_hash,
                "candidate_position_ids": [row.position_id for row in plan.candidates],
                "selected_position_ids": [row.position_id for row in plan.lossless_steps],
                "source_refs": [
                    {
                        "user_id": USER,
                        "evidence_id": bank_id,
                        "content_hash": raw["evidence_items"][0]["content_hash"],
                    }
                ],
            }
        )
        # Parse the complete strict input; model_copy never substitutes for type validation.
        original_execution = type(original_execution).model_validate(original_execution.model_dump())
        producer = RecoveryProducerInput(
            full_policy_id=full.policy_id,
            full_policy=full,
            planning_inputs=planning,
            original_planning=response,
        )
        old_effect = original_execution.original_effect
        old_facts = AutonomyFacts(
            user_id=USER,
            as_of=NOW,
            action_type="REDEEM_ASSET",
            initiation="CONFIRMED_POLICY",
>           authority=AuthorityAssessment(
                status="VALID", policy_version_ids=old_effect.policy_version_ids
            ),
            effect=old_effect,
            validation=revalidate_execution(old_effect, ctx),
            source_context_hash=financial_hash,
        )
E       pydantic_core._pydantic_core.ValidationError: 1 validation error for AuthorityAssessment
E       status
E         Input should be 'AUTHORIZED', 'OUTSIDE_AUTHORITY', 'STALE_VERSION' or 'MISSING_EVIDENCE' [type=literal_error, input_value='VALID', input_type=str]
E           For further information visit https://errors.pydantic.dev/2.13/v/literal_error

apps\api\app\tests\test_full_action_set_recovery_producers.py:349: ValidationError
__ test_suspended_policy_does_not_hide_any_unresolved_original_bank_command ___

    def test_suspended_policy_does_not_hide_any_unresolved_original_bank_command() -> None:
>       data = fixture()
               ^^^^^^^^^

apps\api\app\tests\test_full_action_set_recovery_producers.py:537: 
_ _ _ _ _ _ _ _ _ _ _ _ _ _ _ _ _ _ _ _ _ _ _ _ _ _ _ _ _ _ _ _ _ _ _ _ _ _ _ _

delay = 0, cash = 70000

    def fixture(*, delay: int = 0, cash: int = 70000) -> RecoveryActionSetInput:
        planning = planning_fixture([holding(delay=delay)])
        metadata = planning.holdings[0]
        original = metadata.original
        authorization = original.original_authorization
        assert authorization is not None and original.quote is not None
        raw: dict[str, list[dict[str, Any]]] = {name: [] for name in REQUIRED_TABLES}
        raw["users"] = [{"id": str(USER), "is_simulated": True}]
        raw["accounts"] = [
            {
                "id": str(original.destination_account_id),
                "user_id": str(USER),
                "account_type": "CASH",
                "balance_cents": cash,
            },
            {
                "id": str(original.account_id),
                "user_id": str(USER),
                "account_type": "ASSET",
                "balance_cents": 0,
            },
        ]
        bank_id, quote_id, full_evidence_id = UUID(int=610), UUID(int=611), UUID(int=612)
        quote = original.quote.model_copy(update={"evidence_ids": [quote_id]})
        original = original.model_copy(update={"quote": quote, "evidence_ids": [bank_id]})
        metadata = metadata.model_copy(update={"original": original})
        product = original.product
        canonical = product.model_dump(mode="json", exclude={"product_id", "terms_digest"}) | {
            "id": str(product.product_id),
            "early_withdrawal_rule": {},
            "currency": "CNY",
        }
        product_hash = configuration_hash(canonical)
        metadata = metadata.model_copy(update={"product_record_hash": product_hash})
        raw["asset_products"] = [canonical]
        raw["product_catalog_versions"] = [
            {
                "id": str(metadata.catalogue_version_id),
                "product_id": str(product.product_id),
                "product_code": product.product_code,
                "version_number": product.version_number,
                "protocol_version": "product-catalog-v1",
                "canonical_product": canonical,
                "product_hash": product_hash,
                "terms_digest": product.terms_digest,
            }
        ]
        raw["asset_positions"] = [
            {
                "id": str(original.position_id),
                "user_id": str(USER),
                "product_id": str(product.product_id),
                "account_id": str(original.account_id),
                "goal_id": None,
                "status": "HELD",
                "policy_version_id": str(authorization.version_id),
                "principal_cents": quote.principal_cents,
                "purchased_at": original.purchased_at.isoformat(),
                "maturity_at": None,
            }
        ]
        versions = [*planning.boundary_versions, authorization]
        for version in versions:
            raw["policies"].append(
                {"id": str(version.policy_id), "user_id": str(USER), "status": "ACTIVE"}
            )
            raw["policy_versions"].append(
                {
                    "id": str(version.version_id),
                    "user_id": str(USER),
                    "policy_id": str(version.policy_id),
                    "version_number": 1,
                    "configuration": version.configuration,
                    "content_hash": version.content_hash,
                    "confirmed_at": version.confirmed_at.isoformat(),
                    "valid_from": version.valid_from.isoformat(),
                    "valid_until": None,
                }
            )
        bank_content = {
            "position_id": str(original.position_id),
            "return_account_id": str(original.destination_account_id),
            "acquisition": "synthetic_auto_purchase",
            "fixture_tier": "SYNTHETIC_TOOL_ONLY",
        }
        quote_content = {
            "protocol": "recovery-quote-v1",
            "user_id": str(USER),
            "position_id": str(original.position_id),
            "destination_account_id": str(original.destination_account_id),
            "goal_id": None,
            "quote": quote.model_dump(mode="json"),
        }
        for identity, source, content in (
            (bank_id, "SIMULATED_BANK_POSITION", bank_content),
            (quote_id, "SIMULATED_REDEMPTION_QUOTE", quote_content),
            (full_evidence_id, "SYNTHETIC_USER_DECLARATION", {"fixture_tier": "SYNTHETIC_TOOL_ONLY"}),
        ):
            raw["evidence_items"].append(
                {
                    "id": str(identity),
                    "user_id": str(USER),
                    "source_type": source,
                    "source_ref": "synthetic:no-bank",
                    "content": content,
                    "content_hash": configuration_hash(content),
                    "status": "VALID",
                    "evidence_level": "USER_DECLARED"
                    if identity == full_evidence_id
                    else "BANK_CONFIRMED",
                    "observed_at": NOW.isoformat(),
                    "valid_from": (NOW - timedelta(days=30)).isoformat(),
                    "valid_to": None,
                }
            )
        config = planning.configuration.model_dump(mode="json")
        config_hash = configuration_hash(config)
        full_version = FullVersionView(
            version_id=planning.policy_version_id,
            policy_id=planning.policy_id,
            version_number=1,
            configuration=config,
            content_hash=config_hash,
            previous_hash=None,
            summary="synthetic",
            confirmation={"accepted": True, "reviewed_hash": config_hash},
            confirmed_at=planning.confirmed_at,
            valid_from=planning.valid_from,
            valid_until=None,
            change_reason="synthetic",
            evidence_ids=[full_evidence_id],
            impact_analysis={},
            confirmation_evidence_status="CURRENT_EVIDENCE_MATCHED",
        )
        full = FullPolicyView(
            policy_id=planning.policy_id,
            epoch_id=EPOCH,
            template_name="RecoveryPolicy",
            name="synthetic",
            status="ACTIVE",
            effective_status="ACTIVE",
            planning_confirmation_valid=True,
            reference_validation="CURRENT",
            current_version=full_version,
            updated_at=NOW,
        )
        raw["full_policies"] = [
            {
                "id": str(full.policy_id),
                "user_id": str(USER),
                "epoch_id": str(EPOCH),
                "template_name": "RecoveryPolicy",
                "status": "ACTIVE",
            }
        ]
        raw["full_policy_versions"] = [
            {
                "id": str(full_version.version_id),
                "user_id": str(USER),
                "policy_id": str(full.policy_id),
                "version_number": 1,
                "configuration": config,
                "content_hash": config_hash,
                "confirmation": full_version.confirmation,
                "impact_analysis": {},
                "previous_hash": None,
                "evidence_ids": [str(full_evidence_id)],
                "confirmed_at": planning.confirmed_at.isoformat(),
                "valid_from": planning.valid_from.isoformat(),
                "valid_until": None,
            }
        ]
        source_ids = [bank_id, quote_id, full_evidence_id]
        digest = configuration_hash(
            {
                "user_id": str(USER),
                "as_of": NOW.isoformat(),
                "sources": [
                    {"id": row["id"], "hash": row["content_hash"]}
                    for row in sorted(raw["evidence_items"], key=lambda row: row["id"])
                ],
                "issues": [],
            }
        )
        planning = planning.model_copy(
            update={
                "snapshot": planning.snapshot.model_copy(
                    update={
                        "source_digest": digest,
                        "cash_accounts": [
                            planning.snapshot.cash_accounts[0].model_copy(
                                update={"balance_cents": cash}
                            )
                        ],
                    }
                ),
                "boundary_versions": versions,
                "holdings": [metadata],
            }
        )
        plan = plan_full_recovery(planning)
        catalogue = CatalogReadResponse(
            state="REGISTERED",
            versions=[
                CatalogVersionView(
                    id=metadata.catalogue_version_id,
                    product_id=product.product_id,
                    product_code=product.product_code,
                    version_number=product.version_number,
                    original_product=canonical,
                    product_hash=product_hash,
                    terms_digest=product.terms_digest,
                    observed_at=NOW - timedelta(days=30),
                    effective_from=product.effective_from,
                    effective_until=product.effective_until,
                    current_source_matched=True,
                )
            ],
            unregistered_product_ids=[],
            issues=[],
            complete_within_registered_capacity=True,
        )
        response_hash = configuration_hash(
            {
                "financial_source_digest": digest,
                "policy_version_id": str(full_version.version_id),
                "plan_input_hash": plan.input_hash,
                "catalogue": catalogue.model_dump(mode="json"),
                "planning_deadline_at": None,
            }
        )
        response = FullRecoveryPlanningResponse(
            user_id=USER,
            policy_id=full.policy_id,
            as_of=NOW,
            state="COMPUTED",
            plan=plan,
            catalogue=catalogue,
            catalogue_bindings=[
                CatalogProductBinding(
                    product_id=product.product_id,
                    catalogue_version_id=metadata.catalogue_version_id,
                    product_record_hash=product_hash,
                    terms_digest=product.terms_digest,
                )
            ],
            source_evidence_ids=source_ids,
            source_issues=[],
            input_hash=response_hash,
            limitations=[],
        )
        ctx = ExecutionContext(
            user_id=USER,
            snapshot=planning.snapshot,
            versions=versions,
            positions=planning.positions,
            boundary_products=[],
            products=[product],
            redemption_quote=quote,
            requires_confirmation=True,
        )
        financial = {
            "user_id": str(USER),
            "as_of": NOW.isoformat(),
            "snapshot": ctx.snapshot.model_dump(mode="json"),
            "versions": [row.model_dump(mode="json") for row in versions],
            "positions": [row.model_dump(mode="json") for row in planning.positions],
        }
        financial_hash = configuration_hash(financial)
        original_execution = execution_fixture(delay).model_copy(
            update={
                "candidate": plan.candidates[0],
                "deadline_at": plan.deadline_at,
                "original_effect": execution_fixture(delay).original_effect.model_copy(
                    update={"quote_id": quote.quote_id}
                ),
                "planning_input_hash": plan.input_hash,
                "planning_response_hash": response_hash,
                "candidate_position_ids": [row.position_id for row in plan.candidates],
                "selected_position_ids": [row.position_id for row in plan.lossless_steps],
                "source_refs": [
                    {
                        "user_id": USER,
                        "evidence_id": bank_id,
                        "content_hash": raw["evidence_items"][0]["content_hash"],
                    }
                ],
            }
        )
        # Parse the complete strict input; model_copy never substitutes for type validation.
        original_execution = type(original_execution).model_validate(original_execution.model_dump())
        producer = RecoveryProducerInput(
            full_policy_id=full.policy_id,
            full_policy=full,
            planning_inputs=planning,
            original_planning=response,
        )
        old_effect = original_execution.original_effect
        old_facts = AutonomyFacts(
            user_id=USER,
            as_of=NOW,
            action_type="REDEEM_ASSET",
            initiation="CONFIRMED_POLICY",
>           authority=AuthorityAssessment(
                status="VALID", policy_version_ids=old_effect.policy_version_ids
            ),
            effect=old_effect,
            validation=revalidate_execution(old_effect, ctx),
            source_context_hash=financial_hash,
        )
E       pydantic_core._pydantic_core.ValidationError: 1 validation error for AuthorityAssessment
E       status
E         Input should be 'AUTHORIZED', 'OUTSIDE_AUTHORITY', 'STALE_VERSION' or 'MISSING_EVIDENCE' [type=literal_error, input_value='VALID', input_type=str]
E           For further information visit https://errors.pydantic.dev/2.13/v/literal_error

apps\api\app\tests\test_full_action_set_recovery_producers.py:349: ValidationError
_ test_exact_same_effect_shadow_is_unique_but_different_deadline_is_retained __

    def test_exact_same_effect_shadow_is_unique_but_different_deadline_is_retained() -> None:
>       data = fixture()
               ^^^^^^^^^

apps\api\app\tests\test_full_action_set_recovery_producers.py:580: 
_ _ _ _ _ _ _ _ _ _ _ _ _ _ _ _ _ _ _ _ _ _ _ _ _ _ _ _ _ _ _ _ _ _ _ _ _ _ _ _

delay = 0, cash = 70000

    def fixture(*, delay: int = 0, cash: int = 70000) -> RecoveryActionSetInput:
        planning = planning_fixture([holding(delay=delay)])
        metadata = planning.holdings[0]
        original = metadata.original
        authorization = original.original_authorization
        assert authorization is not None and original.quote is not None
        raw: dict[str, list[dict[str, Any]]] = {name: [] for name in REQUIRED_TABLES}
        raw["users"] = [{"id": str(USER), "is_simulated": True}]
        raw["accounts"] = [
            {
                "id": str(original.destination_account_id),
                "user_id": str(USER),
                "account_type": "CASH",
                "balance_cents": cash,
            },
            {
                "id": str(original.account_id),
                "user_id": str(USER),
                "account_type": "ASSET",
                "balance_cents": 0,
            },
        ]
        bank_id, quote_id, full_evidence_id = UUID(int=610), UUID(int=611), UUID(int=612)
        quote = original.quote.model_copy(update={"evidence_ids": [quote_id]})
        original = original.model_copy(update={"quote": quote, "evidence_ids": [bank_id]})
        metadata = metadata.model_copy(update={"original": original})
        product = original.product
        canonical = product.model_dump(mode="json", exclude={"product_id", "terms_digest"}) | {
            "id": str(product.product_id),
            "early_withdrawal_rule": {},
            "currency": "CNY",
        }
        product_hash = configuration_hash(canonical)
        metadata = metadata.model_copy(update={"product_record_hash": product_hash})
        raw["asset_products"] = [canonical]
        raw["product_catalog_versions"] = [
            {
                "id": str(metadata.catalogue_version_id),
                "product_id": str(product.product_id),
                "product_code": product.product_code,
                "version_number": product.version_number,
                "protocol_version": "product-catalog-v1",
                "canonical_product": canonical,
                "product_hash": product_hash,
                "terms_digest": product.terms_digest,
            }
        ]
        raw["asset_positions"] = [
            {
                "id": str(original.position_id),
                "user_id": str(USER),
                "product_id": str(product.product_id),
                "account_id": str(original.account_id),
                "goal_id": None,
                "status": "HELD",
                "policy_version_id": str(authorization.version_id),
                "principal_cents": quote.principal_cents,
                "purchased_at": original.purchased_at.isoformat(),
                "maturity_at": None,
            }
        ]
        versions = [*planning.boundary_versions, authorization]
        for version in versions:
            raw["policies"].append(
                {"id": str(version.policy_id), "user_id": str(USER), "status": "ACTIVE"}
            )
            raw["policy_versions"].append(
                {
                    "id": str(version.version_id),
                    "user_id": str(USER),
                    "policy_id": str(version.policy_id),
                    "version_number": 1,
                    "configuration": version.configuration,
                    "content_hash": version.content_hash,
                    "confirmed_at": version.confirmed_at.isoformat(),
                    "valid_from": version.valid_from.isoformat(),
                    "valid_until": None,
                }
            )
        bank_content = {
            "position_id": str(original.position_id),
            "return_account_id": str(original.destination_account_id),
            "acquisition": "synthetic_auto_purchase",
            "fixture_tier": "SYNTHETIC_TOOL_ONLY",
        }
        quote_content = {
            "protocol": "recovery-quote-v1",
            "user_id": str(USER),
            "position_id": str(original.position_id),
            "destination_account_id": str(original.destination_account_id),
            "goal_id": None,
            "quote": quote.model_dump(mode="json"),
        }
        for identity, source, content in (
            (bank_id, "SIMULATED_BANK_POSITION", bank_content),
            (quote_id, "SIMULATED_REDEMPTION_QUOTE", quote_content),
            (full_evidence_id, "SYNTHETIC_USER_DECLARATION", {"fixture_tier": "SYNTHETIC_TOOL_ONLY"}),
        ):
            raw["evidence_items"].append(
                {
                    "id": str(identity),
                    "user_id": str(USER),
                    "source_type": source,
                    "source_ref": "synthetic:no-bank",
                    "content": content,
                    "content_hash": configuration_hash(content),
                    "status": "VALID",
                    "evidence_level": "USER_DECLARED"
                    if identity == full_evidence_id
                    else "BANK_CONFIRMED",
                    "observed_at": NOW.isoformat(),
                    "valid_from": (NOW - timedelta(days=30)).isoformat(),
                    "valid_to": None,
                }
            )
        config = planning.configuration.model_dump(mode="json")
        config_hash = configuration_hash(config)
        full_version = FullVersionView(
            version_id=planning.policy_version_id,
            policy_id=planning.policy_id,
            version_number=1,
            configuration=config,
            content_hash=config_hash,
            previous_hash=None,
            summary="synthetic",
            confirmation={"accepted": True, "reviewed_hash": config_hash},
            confirmed_at=planning.confirmed_at,
            valid_from=planning.valid_from,
            valid_until=None,
            change_reason="synthetic",
            evidence_ids=[full_evidence_id],
            impact_analysis={},
            confirmation_evidence_status="CURRENT_EVIDENCE_MATCHED",
        )
        full = FullPolicyView(
            policy_id=planning.policy_id,
            epoch_id=EPOCH,
            template_name="RecoveryPolicy",
            name="synthetic",
            status="ACTIVE",
            effective_status="ACTIVE",
            planning_confirmation_valid=True,
            reference_validation="CURRENT",
            current_version=full_version,
            updated_at=NOW,
        )
        raw["full_policies"] = [
            {
                "id": str(full.policy_id),
                "user_id": str(USER),
                "epoch_id": str(EPOCH),
                "template_name": "RecoveryPolicy",
                "status": "ACTIVE",
            }
        ]
        raw["full_policy_versions"] = [
            {
                "id": str(full_version.version_id),
                "user_id": str(USER),
                "policy_id": str(full.policy_id),
                "version_number": 1,
                "configuration": config,
                "content_hash": config_hash,
                "confirmation": full_version.confirmation,
                "impact_analysis": {},
                "previous_hash": None,
                "evidence_ids": [str(full_evidence_id)],
                "confirmed_at": planning.confirmed_at.isoformat(),
                "valid_from": planning.valid_from.isoformat(),
                "valid_until": None,
            }
        ]
        source_ids = [bank_id, quote_id, full_evidence_id]
        digest = configuration_hash(
            {
                "user_id": str(USER),
                "as_of": NOW.isoformat(),
                "sources": [
                    {"id": row["id"], "hash": row["content_hash"]}
                    for row in sorted(raw["evidence_items"], key=lambda row: row["id"])
                ],
                "issues": [],
            }
        )
        planning = planning.model_copy(
            update={
                "snapshot": planning.snapshot.model_copy(
                    update={
                        "source_digest": digest,
                        "cash_accounts": [
                            planning.snapshot.cash_accounts[0].model_copy(
                                update={"balance_cents": cash}
                            )
                        ],
                    }
                ),
                "boundary_versions": versions,
                "holdings": [metadata],
            }
        )
        plan = plan_full_recovery(planning)
        catalogue = CatalogReadResponse(
            state="REGISTERED",
            versions=[
                CatalogVersionView(
                    id=metadata.catalogue_version_id,
                    product_id=product.product_id,
                    product_code=product.product_code,
                    version_number=product.version_number,
                    original_product=canonical,
                    product_hash=product_hash,
                    terms_digest=product.terms_digest,
                    observed_at=NOW - timedelta(days=30),
                    effective_from=product.effective_from,
                    effective_until=product.effective_until,
                    current_source_matched=True,
                )
            ],
            unregistered_product_ids=[],
            issues=[],
            complete_within_registered_capacity=True,
        )
        response_hash = configuration_hash(
            {
                "financial_source_digest": digest,
                "policy_version_id": str(full_version.version_id),
                "plan_input_hash": plan.input_hash,
                "catalogue": catalogue.model_dump(mode="json"),
                "planning_deadline_at": None,
            }
        )
        response = FullRecoveryPlanningResponse(
            user_id=USER,
            policy_id=full.policy_id,
            as_of=NOW,
            state="COMPUTED",
            plan=plan,
            catalogue=catalogue,
            catalogue_bindings=[
                CatalogProductBinding(
                    product_id=product.product_id,
                    catalogue_version_id=metadata.catalogue_version_id,
                    product_record_hash=product_hash,
                    terms_digest=product.terms_digest,
                )
            ],
            source_evidence_ids=source_ids,
            source_issues=[],
            input_hash=response_hash,
            limitations=[],
        )
        ctx = ExecutionContext(
            user_id=USER,
            snapshot=planning.snapshot,
            versions=versions,
            positions=planning.positions,
            boundary_products=[],
            products=[product],
            redemption_quote=quote,
            requires_confirmation=True,
        )
        financial = {
            "user_id": str(USER),
            "as_of": NOW.isoformat(),
            "snapshot": ctx.snapshot.model_dump(mode="json"),
            "versions": [row.model_dump(mode="json") for row in versions],
            "positions": [row.model_dump(mode="json") for row in planning.positions],
        }
        financial_hash = configuration_hash(financial)
        original_execution = execution_fixture(delay).model_copy(
            update={
                "candidate": plan.candidates[0],
                "deadline_at": plan.deadline_at,
                "original_effect": execution_fixture(delay).original_effect.model_copy(
                    update={"quote_id": quote.quote_id}
                ),
                "planning_input_hash": plan.input_hash,
                "planning_response_hash": response_hash,
                "candidate_position_ids": [row.position_id for row in plan.candidates],
                "selected_position_ids": [row.position_id for row in plan.lossless_steps],
                "source_refs": [
                    {
                        "user_id": USER,
                        "evidence_id": bank_id,
                        "content_hash": raw["evidence_items"][0]["content_hash"],
                    }
                ],
            }
        )
        # Parse the complete strict input; model_copy never substitutes for type validation.
        original_execution = type(original_execution).model_validate(original_execution.model_dump())
        producer = RecoveryProducerInput(
            full_policy_id=full.policy_id,
            full_policy=full,
            planning_inputs=planning,
            original_planning=response,
        )
        old_effect = original_execution.original_effect
        old_facts = AutonomyFacts(
            user_id=USER,
            as_of=NOW,
            action_type="REDEEM_ASSET",
            initiation="CONFIRMED_POLICY",
>           authority=AuthorityAssessment(
                status="VALID", policy_version_ids=old_effect.policy_version_ids
            ),
            effect=old_effect,
            validation=revalidate_execution(old_effect, ctx),
            source_context_hash=financial_hash,
        )
E       pydantic_core._pydantic_core.ValidationError: 1 validation error for AuthorityAssessment
E       status
E         Input should be 'AUTHORIZED', 'OUTSIDE_AUTHORITY', 'STALE_VERSION' or 'MISSING_EVIDENCE' [type=literal_error, input_value='VALID', input_type=str]
E           For further information visit https://errors.pydantic.dev/2.13/v/literal_error

apps\api\app\tests\test_full_action_set_recovery_producers.py:349: ValidationError
_ test_empty_complete_current_policy_inventory_is_a_real_finite_family_not_global_complete _

    def test_empty_complete_current_policy_inventory_is_a_real_finite_family_not_global_complete() -> (
        None
    ):
>       data = fixture()
               ^^^^^^^^^

apps\api\app\tests\test_full_action_set_recovery_producers.py:605: 
_ _ _ _ _ _ _ _ _ _ _ _ _ _ _ _ _ _ _ _ _ _ _ _ _ _ _ _ _ _ _ _ _ _ _ _ _ _ _ _

delay = 0, cash = 70000

    def fixture(*, delay: int = 0, cash: int = 70000) -> RecoveryActionSetInput:
        planning = planning_fixture([holding(delay=delay)])
        metadata = planning.holdings[0]
        original = metadata.original
        authorization = original.original_authorization
        assert authorization is not None and original.quote is not None
        raw: dict[str, list[dict[str, Any]]] = {name: [] for name in REQUIRED_TABLES}
        raw["users"] = [{"id": str(USER), "is_simulated": True}]
        raw["accounts"] = [
            {
                "id": str(original.destination_account_id),
                "user_id": str(USER),
                "account_type": "CASH",
                "balance_cents": cash,
            },
            {
                "id": str(original.account_id),
                "user_id": str(USER),
                "account_type": "ASSET",
                "balance_cents": 0,
            },
        ]
        bank_id, quote_id, full_evidence_id = UUID(int=610), UUID(int=611), UUID(int=612)
        quote = original.quote.model_copy(update={"evidence_ids": [quote_id]})
        original = original.model_copy(update={"quote": quote, "evidence_ids": [bank_id]})
        metadata = metadata.model_copy(update={"original": original})
        product = original.product
        canonical = product.model_dump(mode="json", exclude={"product_id", "terms_digest"}) | {
            "id": str(product.product_id),
            "early_withdrawal_rule": {},
            "currency": "CNY",
        }
        product_hash = configuration_hash(canonical)
        metadata = metadata.model_copy(update={"product_record_hash": product_hash})
        raw["asset_products"] = [canonical]
        raw["product_catalog_versions"] = [
            {
                "id": str(metadata.catalogue_version_id),
                "product_id": str(product.product_id),
                "product_code": product.product_code,
                "version_number": product.version_number,
                "protocol_version": "product-catalog-v1",
                "canonical_product": canonical,
                "product_hash": product_hash,
                "terms_digest": product.terms_digest,
            }
        ]
        raw["asset_positions"] = [
            {
                "id": str(original.position_id),
                "user_id": str(USER),
                "product_id": str(product.product_id),
                "account_id": str(original.account_id),
                "goal_id": None,
                "status": "HELD",
                "policy_version_id": str(authorization.version_id),
                "principal_cents": quote.principal_cents,
                "purchased_at": original.purchased_at.isoformat(),
                "maturity_at": None,
            }
        ]
        versions = [*planning.boundary_versions, authorization]
        for version in versions:
            raw["policies"].append(
                {"id": str(version.policy_id), "user_id": str(USER), "status": "ACTIVE"}
            )
            raw["policy_versions"].append(
                {
                    "id": str(version.version_id),
                    "user_id": str(USER),
                    "policy_id": str(version.policy_id),
                    "version_number": 1,
                    "configuration": version.configuration,
                    "content_hash": version.content_hash,
                    "confirmed_at": version.confirmed_at.isoformat(),
                    "valid_from": version.valid_from.isoformat(),
                    "valid_until": None,
                }
            )
        bank_content = {
            "position_id": str(original.position_id),
            "return_account_id": str(original.destination_account_id),
            "acquisition": "synthetic_auto_purchase",
            "fixture_tier": "SYNTHETIC_TOOL_ONLY",
        }
        quote_content = {
            "protocol": "recovery-quote-v1",
            "user_id": str(USER),
            "position_id": str(original.position_id),
            "destination_account_id": str(original.destination_account_id),
            "goal_id": None,
            "quote": quote.model_dump(mode="json"),
        }
        for identity, source, content in (
            (bank_id, "SIMULATED_BANK_POSITION", bank_content),
            (quote_id, "SIMULATED_REDEMPTION_QUOTE", quote_content),
            (full_evidence_id, "SYNTHETIC_USER_DECLARATION", {"fixture_tier": "SYNTHETIC_TOOL_ONLY"}),
        ):
            raw["evidence_items"].append(
                {
                    "id": str(identity),
                    "user_id": str(USER),
                    "source_type": source,
                    "source_ref": "synthetic:no-bank",
                    "content": content,
                    "content_hash": configuration_hash(content),
                    "status": "VALID",
                    "evidence_level": "USER_DECLARED"
                    if identity == full_evidence_id
                    else "BANK_CONFIRMED",
                    "observed_at": NOW.isoformat(),
                    "valid_from": (NOW - timedelta(days=30)).isoformat(),
                    "valid_to": None,
                }
            )
        config = planning.configuration.model_dump(mode="json")
        config_hash = configuration_hash(config)
        full_version = FullVersionView(
            version_id=planning.policy_version_id,
            policy_id=planning.policy_id,
            version_number=1,
            configuration=config,
            content_hash=config_hash,
            previous_hash=None,
            summary="synthetic",
            confirmation={"accepted": True, "reviewed_hash": config_hash},
            confirmed_at=planning.confirmed_at,
            valid_from=planning.valid_from,
            valid_until=None,
            change_reason="synthetic",
            evidence_ids=[full_evidence_id],
            impact_analysis={},
            confirmation_evidence_status="CURRENT_EVIDENCE_MATCHED",
        )
        full = FullPolicyView(
            policy_id=planning.policy_id,
            epoch_id=EPOCH,
            template_name="RecoveryPolicy",
            name="synthetic",
            status="ACTIVE",
            effective_status="ACTIVE",
            planning_confirmation_valid=True,
            reference_validation="CURRENT",
            current_version=full_version,
            updated_at=NOW,
        )
        raw["full_policies"] = [
            {
                "id": str(full.policy_id),
                "user_id": str(USER),
                "epoch_id": str(EPOCH),
                "template_name": "RecoveryPolicy",
                "status": "ACTIVE",
            }
        ]
        raw["full_policy_versions"] = [
            {
                "id": str(full_version.version_id),
                "user_id": str(USER),
                "policy_id": str(full.policy_id),
                "version_number": 1,
                "configuration": config,
                "content_hash": config_hash,
                "confirmation": full_version.confirmation,
                "impact_analysis": {},
                "previous_hash": None,
                "evidence_ids": [str(full_evidence_id)],
                "confirmed_at": planning.confirmed_at.isoformat(),
                "valid_from": planning.valid_from.isoformat(),
                "valid_until": None,
            }
        ]
        source_ids = [bank_id, quote_id, full_evidence_id]
        digest = configuration_hash(
            {
                "user_id": str(USER),
                "as_of": NOW.isoformat(),
                "sources": [
                    {"id": row["id"], "hash": row["content_hash"]}
                    for row in sorted(raw["evidence_items"], key=lambda row: row["id"])
                ],
                "issues": [],
            }
        )
        planning = planning.model_copy(
            update={
                "snapshot": planning.snapshot.model_copy(
                    update={
                        "source_digest": digest,
                        "cash_accounts": [
                            planning.snapshot.cash_accounts[0].model_copy(
                                update={"balance_cents": cash}
                            )
                        ],
                    }
                ),
                "boundary_versions": versions,
                "holdings": [metadata],
            }
        )
        plan = plan_full_recovery(planning)
        catalogue = CatalogReadResponse(
            state="REGISTERED",
            versions=[
                CatalogVersionView(
                    id=metadata.catalogue_version_id,
                    product_id=product.product_id,
                    product_code=product.product_code,
                    version_number=product.version_number,
                    original_product=canonical,
                    product_hash=product_hash,
                    terms_digest=product.terms_digest,
                    observed_at=NOW - timedelta(days=30),
                    effective_from=product.effective_from,
                    effective_until=product.effective_until,
                    current_source_matched=True,
                )
            ],
            unregistered_product_ids=[],
            issues=[],
            complete_within_registered_capacity=True,
        )
        response_hash = configuration_hash(
            {
                "financial_source_digest": digest,
                "policy_version_id": str(full_version.version_id),
                "plan_input_hash": plan.input_hash,
                "catalogue": catalogue.model_dump(mode="json"),
                "planning_deadline_at": None,
            }
        )
        response = FullRecoveryPlanningResponse(
            user_id=USER,
            policy_id=full.policy_id,
            as_of=NOW,
            state="COMPUTED",
            plan=plan,
            catalogue=catalogue,
            catalogue_bindings=[
                CatalogProductBinding(
                    product_id=product.product_id,
                    catalogue_version_id=metadata.catalogue_version_id,
                    product_record_hash=product_hash,
                    terms_digest=product.terms_digest,
                )
            ],
            source_evidence_ids=source_ids,
            source_issues=[],
            input_hash=response_hash,
            limitations=[],
        )
        ctx = ExecutionContext(
            user_id=USER,
            snapshot=planning.snapshot,
            versions=versions,
            positions=planning.positions,
            boundary_products=[],
            products=[product],
            redemption_quote=quote,
            requires_confirmation=True,
        )
        financial = {
            "user_id": str(USER),
            "as_of": NOW.isoformat(),
            "snapshot": ctx.snapshot.model_dump(mode="json"),
            "versions": [row.model_dump(mode="json") for row in versions],
            "positions": [row.model_dump(mode="json") for row in planning.positions],
        }
        financial_hash = configuration_hash(financial)
        original_execution = execution_fixture(delay).model_copy(
            update={
                "candidate": plan.candidates[0],
                "deadline_at": plan.deadline_at,
                "original_effect": execution_fixture(delay).original_effect.model_copy(
                    update={"quote_id": quote.quote_id}
                ),
                "planning_input_hash": plan.input_hash,
                "planning_response_hash": response_hash,
                "candidate_position_ids": [row.position_id for row in plan.candidates],
                "selected_position_ids": [row.position_id for row in plan.lossless_steps],
                "source_refs": [
                    {
                        "user_id": USER,
                        "evidence_id": bank_id,
                        "content_hash": raw["evidence_items"][0]["content_hash"],
                    }
                ],
            }
        )
        # Parse the complete strict input; model_copy never substitutes for type validation.
        original_execution = type(original_execution).model_validate(original_execution.model_dump())
        producer = RecoveryProducerInput(
            full_policy_id=full.policy_id,
            full_policy=full,
            planning_inputs=planning,
            original_planning=response,
        )
        old_effect = original_execution.original_effect
        old_facts = AutonomyFacts(
            user_id=USER,
            as_of=NOW,
            action_type="REDEEM_ASSET",
            initiation="CONFIRMED_POLICY",
>           authority=AuthorityAssessment(
                status="VALID", policy_version_ids=old_effect.policy_version_ids
            ),
            effect=old_effect,
            validation=revalidate_execution(old_effect, ctx),
            source_context_hash=financial_hash,
        )
E       pydantic_core._pydantic_core.ValidationError: 1 validation error for AuthorityAssessment
E       status
E         Input should be 'AUTHORIZED', 'OUTSIDE_AUTHORITY', 'STALE_VERSION' or 'MISSING_EVIDENCE' [type=literal_error, input_value='VALID', input_type=str]
E           For further information visit https://errors.pydantic.dev/2.13/v/literal_error

apps\api\app\tests\test_full_action_set_recovery_producers.py:349: ValidationError
============================== warnings summary ===============================
.venv\Lib\site-packages\fastapi\testclient.py:1
  F:\学校活动\工行杯\钱途有界\bounded-funds\.venv\Lib\site-packages\fastapi\testclient.py:1: StarletteDeprecationWarning: Using `httpx` with `starlette.testclient` is deprecated; install `httpx2` instead.
    from starlette.testclient import TestClient as TestClient  # noqa

apps/api/app/tests/test_full_action_set_recovery_producers.py: 24 warnings
  F:\学校活动\工行杯\钱途有界\bounded-funds\.venv\Lib\site-packages\pydantic\main.py:475: UserWarning: Pydantic serializer warnings:
    PydanticSerializationUnexpectedValue(Expected `SourceReference` - serialized value may not be as expected [field_name='source_refs', input_value={'user_id': UUID('0000000...3fdbbbd54b95477a41a361'}, input_type=dict])
    return self.__pydantic_serializer__.to_python(

.venv\Lib\site-packages\_pytest\cacheprovider.py:469
  F:\学校活动\工行杯\钱途有界\bounded-funds\.venv\Lib\site-packages\_pytest\cacheprovider.py:469: PytestCacheWarning: could not create cache path F:\学校活动\工行杯\钱途有界\bounded-funds\.pytest_cache\v\cache\nodeids: [WinError 5] 拒绝访问。: 'F:\\学校活动\\工行杯\\钱途有界\\bounded-funds\\.pytest_cache\\v\\cache'
    config.cache.set("cache/nodeids", sorted(self.cached_nodeids))

.venv\Lib\site-packages\_pytest\cacheprovider.py:423
  F:\学校活动\工行杯\钱途有界\bounded-funds\.venv\Lib\site-packages\_pytest\cacheprovider.py:423: PytestCacheWarning: could not create cache path F:\学校活动\工行杯\钱途有界\bounded-funds\.pytest_cache\v\cache\lastfailed: [WinError 5] 拒绝访问。: 'F:\\学校活动\\工行杯\\钱途有界\\bounded-funds\\.pytest_cache\\v\\cache'
    config.cache.set("cache/lastfailed", self.lastfailed)

-- Docs: https://docs.pytest.org/en/stable/how-to/capture-warnings.html
=========================== short test summary info ===========================
FAILED apps/api/app/tests/test_full_action_set_recovery_producers.py::test_whole_t0_50000_ask_preserves_old_scope_and_never_claims_authority
FAILED apps/api/app/tests/test_full_action_set_recovery_producers.py::test_complete_no_need_keeps_original_holding_and_amount_without_fake_cash
FAILED apps/api/app/tests/test_full_action_set_recovery_producers.py::test_t1_scope_only_proof_is_not_actual_supported_recovery_family
FAILED apps/api/app/tests/test_full_action_set_recovery_producers.py::test_missing_or_changed_originals_are_unknown_and_do_not_clear_missing_family[drop_position]
FAILED apps/api/app/tests/test_full_action_set_recovery_producers.py::test_missing_or_changed_originals_are_unknown_and_do_not_clear_missing_family[drop_command]
FAILED apps/api/app/tests/test_full_action_set_recovery_producers.py::test_missing_or_changed_originals_are_unknown_and_do_not_clear_missing_family[owner]
FAILED apps/api/app/tests/test_full_action_set_recovery_producers.py::test_missing_or_changed_originals_are_unknown_and_do_not_clear_missing_family[epoch]
FAILED apps/api/app/tests/test_full_action_set_recovery_producers.py::test_missing_or_changed_originals_are_unknown_and_do_not_clear_missing_family[audit]
FAILED apps/api/app/tests/test_full_action_set_recovery_producers.py::test_missing_or_changed_originals_are_unknown_and_do_not_clear_missing_family[cash]
FAILED apps/api/app/tests/test_full_action_set_recovery_producers.py::test_missing_or_changed_originals_are_unknown_and_do_not_clear_missing_family[source_hash]
FAILED apps/api/app/tests/test_full_action_set_recovery_producers.py::test_missing_or_changed_originals_are_unknown_and_do_not_clear_missing_family[quote]
FAILED apps/api/app/tests/test_full_action_set_recovery_producers.py::test_missing_or_changed_originals_are_unknown_and_do_not_clear_missing_family[expired_quote]
FAILED apps/api/app/tests/test_full_action_set_recovery_producers.py::test_missing_or_changed_originals_are_unknown_and_do_not_clear_missing_family[catalogue]
FAILED apps/api/app/tests/test_full_action_set_recovery_producers.py::test_missing_or_changed_originals_are_unknown_and_do_not_clear_missing_family[catalogue_drop]
FAILED apps/api/app/tests/test_full_action_set_recovery_producers.py::test_missing_or_changed_originals_are_unknown_and_do_not_clear_missing_family[full_version]
FAILED apps/api/app/tests/test_full_action_set_recovery_producers.py::test_missing_or_changed_originals_are_unknown_and_do_not_clear_missing_family[full_hash]
FAILED apps/api/app/tests/test_full_action_set_recovery_producers.py::test_missing_or_changed_originals_are_unknown_and_do_not_clear_missing_family[deadline]
FAILED apps/api/app/tests/test_full_action_set_recovery_producers.py::test_missing_or_changed_originals_are_unknown_and_do_not_clear_missing_family[old_confirmation]
FAILED apps/api/app/tests/test_full_action_set_recovery_producers.py::test_missing_or_changed_originals_are_unknown_and_do_not_clear_missing_family[ask]
FAILED apps/api/app/tests/test_full_action_set_recovery_producers.py::test_missing_or_changed_originals_are_unknown_and_do_not_clear_missing_family[full_protection]
FAILED apps/api/app/tests/test_full_action_set_recovery_producers.py::test_missing_or_changed_originals_are_unknown_and_do_not_clear_missing_family[capacity]
FAILED apps/api/app/tests/test_full_action_set_recovery_producers.py::test_suspended_policy_does_not_hide_any_unresolved_original_bank_command
FAILED apps/api/app/tests/test_full_action_set_recovery_producers.py::test_exact_same_effect_shadow_is_unique_but_different_deadline_is_retained
FAILED apps/api/app/tests/test_full_action_set_recovery_producers.py::test_empty_complete_current_policy_inventory_is_a_real_finite_family_not_global_complete
24 failed, 27 warnings in 12.43s
